id_cliente,fecha,consumo_kwh,tipo_lectura
CL0001,2024-01-01,84.2,Real
CL0001,2024-01-02,82.1,Real
CL0001,2024-01-03,61.77,Real
CL0001,2024-01-04,67.35,Real
CL0001,2024-01-05,56.99,Estimada
CL0001,2024-01-06,47.67,Real
CL0001,2024-01-07,53.81,Real
CL0001,2024-01-08,81.26,Real
CL0001,2024-01-09,83.91,Real
CL0001,2024-01-10,77.22,Real
CL0001,2024-01-11,61.03,Real
CL0001,2024-01-12,64.38,Real
CL0001,2024-01-13,52.44,Real
CL0001,2024-01-14,64.32,Real
CL0001,2024-01-15,61.66,Real
CL0001,2024-01-16,66.26,Real
CL0001,2024-01-17,62.11,Estimada
CL0001,2024-01-18,72.86,Estimada
CL0001,2024-01-19,79.28,Real
CL0001,2024-01-20,55.27,Real
CL0001,2024-01-21,86.06,Real
CL0001,2024-01-22,79.69,Estimada
CL0001,2024-01-23,79.67,Real
CL0001,2024-01-24,83.72,Real
CL0001,2024-01-25,72.87,Real
CL0001,2024-01-26,77.85,Real
CL0001,2024-01-27,46.29,Real
CL0001,2024-01-28,74.57,Real
CL0001,2024-01-29,53.87,Real
CL0001,2024-01-30,65.38,Real
CL0001,2024-01-31,75.81,Real
CL0001,2024-02-01,66.79,Real
CL0001,2024-02-02,61.84,Estimada
CL0001,2024-02-03,30.74,Real
CL0001,2024-02-04,56.21,Real
CL0001,2024-02-05,65.92,Real
CL0001,2024-02-06,68.98,Real
CL0001,2024-02-07,31.93,Real
CL0001,2024-02-08,42.39,Real
CL0001,2024-02-09,56.4,Real
CL0001,2024-02-10,34.45,Real
CL0001,2024-02-11,44.35,Real
CL0001,2024-02-12,63.25,Real
CL0001,2024-02-13,63.33,Real
CL0001,2024-02-14,21.55,Real
CL0001,2024-02-15,33.44,Real
CL0001,2024-02-16,69.83,Real
CL0001,2024-02-17,40.92,Real
CL0001,2024-02-18,49.0,Estimada
CL0001,2024-02-19,43.12,Real
CL0001,2024-02-20,78.26,Real
CL0001,2024-02-21,78.04,Real
CL0001,2024-02-22,65.06,Real
CL0001,2024-02-23,63.04,Real
CL0001,2024-02-24,63.21,Real
CL0001,2024-02-25,53.26,Real
CL0001,2024-02-26,58.86,Real
CL0001,2024-02-27,60.08,Estimada
CL0001,2024-02-28,70.15,Real
CL0001,2024-02-29,91.31,Real
CL0001,2024-03-01,52.28,Real
CL0001,2024-03-02,36.59,Real
CL0001,2024-03-03,55.71,Real
CL0001,2024-03-04,51.39,Real
CL0001,2024-03-05,45.21,Real
CL0001,2024-03-06,43.25,Estimada
CL0001,2024-03-07,81.9,Real
CL0001,2024-03-08,46.31,Real
CL0001,2024-03-09,39.73,Real
CL0001,2024-03-10,20.32,Estimada
CL0001,2024-03-11,58.27,Real
CL0001,2024-03-12,53.26,Real
CL0001,2024-03-13,56.83,Real
CL0001,2024-03-14,52.93,Real
CL0001,2024-03-15,60.01,Real
CL0001,2024-03-16,40.45,Real
CL0001,2024-03-17,40.09,Real
CL0001,2024-03-18,48.72,Real
CL0001,2024-03-19,49.04,Real
CL0001,2024-03-20,72.6,Real
CL0001,2024-03-21,57.5,Real
CL0001,2024-03-22,77.83,Real
CL0001,2024-03-23,36.7,Real
CL0001,2024-03-24,34.54,Real
CL0001,2024-03-25,75.83,Real
CL0001,2024-03-26,36.97,Real
CL0001,2024-03-27,60.3,Real
CL0001,2024-03-28,37.72,Real
CL0001,2024-03-29,68.3,Real
CL0001,2024-03-30,52.72,Real
CL0001,2024-03-31,28.42,Real
CL0001,2024-04-01,70.34,Real
CL0001,2024-04-02,80.75,Real
CL0001,2024-04-03,71.1,Real
CL0001,2024-04-04,89.62,Real
CL0001,2024-04-05,85.32,Real
CL0001,2024-04-06,57.93,Estimada
CL0001,2024-04-07,18.69,Real
CL0001,2024-04-08,41.19,Real
CL0001,2024-04-09,43.41,Real
CL0001,2024-04-10,48.42,Estimada
CL0001,2024-04-11,77.37,Real
CL0001,2024-04-12,84.52,Real
CL0001,2024-04-13,46.69,Real
CL0001,2024-04-14,82.58,Real
CL0001,2024-04-15,25.93,Real
CL0001,2024-04-16,88.28,Real
CL0001,2024-04-17,77.64,Real
CL0001,2024-04-18,56.64,Real
CL0001,2024-04-19,85.52,Real
CL0001,2024-04-20,60.14,Real
CL0001,2024-04-21,53.06,Real
CL0001,2024-04-22,44.68,Real
CL0001,2024-04-23,30.35,Real
CL0001,2024-04-24,39.14,Real
CL0001,2024-04-25,68.06,Real
CL0001,2024-04-26,72.17,Real
CL0001,2024-04-27,73.84,Real
CL0001,2024-04-28,73.08,Real
CL0001,2024-04-29,99.43,Real
CL0001,2024-04-30,81.01,Real
CL0001,2024-05-01,54.27,Real
CL0001,2024-05-02,63.28,Real
CL0001,2024-05-03,85.94,Real
CL0001,2024-05-04,53.72,Real
CL0001,2024-05-05,55.48,Real
CL0001,2024-05-06,79.21,Real
CL0001,2024-05-07,70.64,Real
CL0001,2024-05-08,85.71,Real
CL0001,2024-05-09,60.06,Real
CL0001,2024-05-10,91.59,Real
CL0001,2024-05-11,61.75,Real
CL0001,2024-05-12,79.11,Real
CL0001,2024-05-13,20.3,Real
CL0001,2024-05-14,49.89,Real
CL0001,2024-05-15,51.06,Real
CL0001,2024-05-16,62.49,Real
CL0001,2024-05-17,78.91,Real
CL0001,2024-05-18,58.36,Real
CL0001,2024-05-19,64.38,Real
CL0001,2024-05-20,76.35,Real
CL0001,2024-05-21,28.93,Real
CL0001,2024-05-22,75.77,Real
CL0001,2024-05-23,68.58,Real
CL0001,2024-05-24,55.72,Real
CL0001,2024-05-25,66.95,Real
CL0001,2024-05-26,33.71,Real
CL0001,2024-05-27,64.02,Real
CL0001,2024-05-28,93.6,Real
CL0001,2024-05-29,66.98,Real
CL0001,2024-05-30,69.24,Real
CL0001,2024-05-31,62.76,Real
CL0001,2024-06-01,81.02,Real
CL0001,2024-06-02,59.38,Real
CL0001,2024-06-03,95.79,Estimada
CL0001,2024-06-04,85.45,Real
CL0001,2024-06-05,99.15,Real
CL0001,2024-06-06,110.69,Real
CL0001,2024-06-07,82.45,Real
CL0001,2024-06-08,65.77,Real
CL0001,2024-06-09,61.36,Estimada
CL0001,2024-06-10,82.4,Real
CL0001,2024-06-11,74.25,Real
CL0001,2024-06-12,65.66,Real
CL0001,2024-06-13,46.36,Real
CL0001,2024-06-14,84.94,Estimada
CL0001,2024-06-15,59.5,Real
CL0001,2024-06-16,73.96,Real
CL0001,2024-06-17,80.22,Estimada
CL0001,2024-06-18,57.69,Real
CL0001,2024-06-19,95.21,Real
CL0001,2024-06-20,121.21,Real
CL0001,2024-06-21,78.42,Real
CL0001,2024-06-22,74.02,Real
CL0001,2024-06-23,78.83,Real
CL0001,2024-06-24,68.21,Real
CL0001,2024-06-25,70.16,Real
CL0001,2024-06-26,93.07,Real
CL0001,2024-06-27,74.02,Real
CL0001,2024-06-28,63.22,Real
CL0002,2024-01-01,27.57,Real
CL0002,2024-01-02,62.56,Real
CL0002,2024-01-03,47.44,Real
CL0002,2024-01-04,52.14,Real
CL0002,2024-01-05,47.18,Real
CL0002,2024-01-06,52.94,Real
CL0002,2024-01-07,38.74,Real
CL0002,2024-01-08,52.5,Estimada
CL0002,2024-01-09,59.19,Real
CL0002,2024-01-10,55.87,Real
CL0002,2024-01-11,50.1,Real
CL0002,2024-01-12,52.43,Real
CL0002,2024-01-13,46.27,Real
CL0002,2024-01-14,39.78,Real
CL0002,2024-01-15,72.31,Real
CL0002,2024-01-16,62.88,Real
CL0002,2024-01-17,50.77,Real
CL0002,2024-01-18,75.57,Real
CL0002,2024-01-19,34.06,Real
CL0002,2024-01-20,50.63,Real
CL0002,2024-01-21,44.64,Real
CL0002,2024-01-22,34.93,Real
CL0002,2024-01-23,60.95,Real
CL0002,2024-01-24,54.85,Estimada
CL0002,2024-01-25,69.69,Real
CL0002,2024-01-26,58.03,Real
CL0002,2024-01-27,68.23,Real
CL0002,2024-01-28,31.78,Real
CL0002,2024-01-29,66.43,Real
CL0002,2024-01-30,60.99,Real
CL0002,2024-01-31,64.51,Real
CL0002,2024-02-01,61.17,Real
CL0002,2024-02-02,37.83,Real
CL0002,2024-02-03,75.23,Real
CL0002,2024-02-04,53.04,Real
CL0002,2024-02-05,53.1,Real
CL0002,2024-02-06,58.23,Real
CL0002,2024-02-07,45.97,Real
CL0002,2024-02-08,32.22,Estimada
CL0002,2024-02-09,38.98,Estimada
CL0002,2024-02-10,42.65,Real
CL0002,2024-02-11,47.71,Real
CL0002,2024-02-12,58.88,Real
CL0002,2024-02-13,29.77,Estimada
CL0002,2024-02-14,89.24,Real
CL0002,2024-02-15,60.48,Real
CL0002,2024-02-16,21.73,Real
CL0002,2024-02-17,33.57,Real
CL0002,2024-02-18,38.86,Real
CL0002,2024-02-19,44.11,Real
CL0002,2024-02-20,17.19,Real
CL0002,2024-02-21,52.03,Real
CL0002,2024-02-22,57.34,Real
CL0002,2024-02-23,35.9,Estimada
CL0002,2024-02-24,48.05,Real
CL0002,2024-02-25,39.87,Real
CL0002,2024-02-26,44.07,Real
CL0002,2024-02-27,41.0,Real
CL0002,2024-02-28,55.93,Real
CL0002,2024-02-29,65.25,Real
CL0002,2024-03-01,64.74,Real
CL0002,2024-03-02,36.81,Real
CL0002,2024-03-03,38.6,Real
CL0002,2024-03-04,45.43,Real
CL0002,2024-03-05,36.23,Real
CL0002,2024-03-06,37.68,Real
CL0002,2024-03-07,64.71,Estimada
CL0002,2024-03-08,38.98,Real
CL0002,2024-03-09,53.82,Real
CL0002,2024-03-10,27.42,Real
CL0002,2024-03-11,27.34,Real
CL0002,2024-03-12,40.44,Real
CL0002,2024-03-13,51.61,Real
CL0002,2024-03-14,20.26,Real
CL0002,2024-03-15,30.75,Real
CL0002,2024-03-16,70.79,Real
CL0002,2024-03-17,36.78,Real
CL0002,2024-03-18,17.07,Real
CL0002,2024-03-19,68.06,Real
CL0002,2024-03-20,50.71,Estimada
CL0002,2024-03-21,40.0,Real
CL0002,2024-03-22,48.53,Real
CL0002,2024-03-23,31.8,Real
CL0002,2024-03-24,52.41,Real
CL0002,2024-03-25,57.09,Real
CL0002,2024-03-26,13.18,Real
CL0002,2024-03-27,44.36,Real
CL0002,2024-03-28,13.97,Real
CL0002,2024-03-29,49.78,Real
CL0002,2024-03-30,39.72,Real
CL0002,2024-03-31,28.84,Real
CL0002,2024-04-01,57.94,Estimada
CL0002,2024-04-02,62.98,Real
CL0002,2024-04-03,42.8,Real
CL0002,2024-04-04,41.24,Real
CL0002,2024-04-05,45.19,Real
CL0002,2024-04-06,61.99,Real
CL0002,2024-04-07,31.31,Real
CL0002,2024-04-08,40.24,Real
CL0002,2024-04-09,82.44,Real
CL0002,2024-04-10,11.01,Real
CL0002,2024-04-11,55.42,Real
CL0002,2024-04-12,55.96,Real
CL0002,2024-04-13,34.81,Estimada
CL0002,2024-04-14,31.75,Real
CL0002,2024-04-15,55.57,Real
CL0002,2024-04-16,58.9,Real
CL0002,2024-04-17,51.04,Real
CL0002,2024-04-18,31.05,Real
CL0002,2024-04-19,57.14,Real
CL0002,2024-04-20,20.02,Real
CL0002,2024-04-21,46.9,Real
CL0002,2024-04-22,55.58,Estimada
CL0002,2024-04-23,55.96,Real
CL0002,2024-04-24,64.96,Estimada
CL0002,2024-04-25,58.0,Real
CL0002,2024-04-26,44.34,Real
CL0002,2024-04-27,28.97,Real
CL0002,2024-04-28,28.37,Real
CL0002,2024-04-29,46.82,Real
CL0002,2024-04-30,55.75,Real
CL0002,2024-05-01,72.05,Real
CL0002,2024-05-02,74.93,Estimada
CL0002,2024-05-03,71.2,Real
CL0002,2024-05-04,47.66,Real
CL0002,2024-05-05,44.84,Real
CL0002,2024-05-06,54.28,Real
CL0002,2024-05-07,46.45,Real
CL0002,2024-05-08,64.26,Real
CL0002,2024-05-09,51.88,Real
CL0002,2024-05-10,50.65,Real
CL0002,2024-05-11,41.79,Real
CL0002,2024-05-12,46.19,Real
CL0002,2024-05-13,57.78,Estimada
CL0002,2024-05-14,33.95,Estimada
CL0002,2024-05-15,38.04,Real
CL0002,2024-05-16,62.36,Real
CL0002,2024-05-17,59.7,Real
CL0002,2024-05-18,40.18,Real
CL0002,2024-05-19,58.57,Real
CL0002,2024-05-20,60.52,Real
CL0002,2024-05-21,33.5,Real
CL0002,2024-05-22,44.59,Estimada
CL0002,2024-05-23,77.12,Real
CL0002,2024-05-24,64.69,Estimada
CL0002,2024-05-25,37.81,Real
CL0002,2024-05-26,60.5,Real
CL0002,2024-05-27,75.2,Real
CL0002,2024-05-28,29.83,Real
CL0002,2024-05-29,60.75,Real
CL0002,2024-05-30,79.19,Real
CL0002,2024-05-31,83.33,Real
CL0002,2024-06-01,49.23,Real
CL0002,2024-06-02,52.54,Real
CL0002,2024-06-03,90.29,Real
CL0002,2024-06-04,71.69,Real
CL0002,2024-06-05,59.09,Real
CL0002,2024-06-06,74.7,Real
CL0002,2024-06-07,63.32,Real
CL0002,2024-06-08,61.84,Estimada
CL0002,2024-06-09,43.62,Real
CL0002,2024-06-10,93.43,Real
CL0002,2024-06-11,67.43,Real
CL0002,2024-06-12,68.24,Estimada
CL0002,2024-06-13,71.76,Real
CL0002,2024-06-14,50.37,Real
CL0002,2024-06-15,57.45,Real
CL0002,2024-06-16,63.13,Real
CL0002,2024-06-17,35.38,Real
CL0002,2024-06-18,65.7,Real
CL0002,2024-06-19,70.07,Real
CL0002,2024-06-20,65.77,Real
CL0002,2024-06-21,76.96,Real
CL0002,2024-06-22,44.95,Real
CL0002,2024-06-23,47.54,Real
CL0002,2024-06-24,68.0,Real
CL0002,2024-06-25,75.86,Real
CL0002,2024-06-26,56.24,Real
CL0002,2024-06-27,76.68,Real
CL0002,2024-06-28,57.14,Real
CL0003,2024-01-01,11.1,Real
CL0003,2024-01-02,13.66,Real
CL0003,2024-01-03,12.79,Estimada
CL0003,2024-01-04,9.69,Real
CL0003,2024-01-05,8.56,Estimada
CL0003,2024-01-06,14.5,Real
CL0003,2024-01-07,16.57,Real
CL0003,2024-01-08,11.98,Real
CL0003,2024-01-09,13.7,Real
CL0003,2024-01-10,12.4,Estimada
CL0003,2024-01-11,12.7,Estimada
CL0003,2024-01-12,11.66,Real
CL0003,2024-01-13,16.79,Real
CL0003,2024-01-14,13.53,Real
CL0003,2024-01-15,13.93,Real
CL0003,2024-01-16,14.1,Real
CL0003,2024-01-17,9.97,Real
CL0003,2024-01-18,6.43,Real
CL0003,2024-01-19,14.0,Real
CL0003,2024-01-20,18.31,Real
CL0003,2024-01-21,12.33,Real
CL0003,2024-01-22,11.65,Estimada
CL0003,2024-01-23,12.54,Real
CL0003,2024-01-24,12.48,Real
CL0003,2024-01-25,15.48,Real
CL0003,2024-01-26,10.1,Real
CL0003,2024-01-27,18.13,Real
CL0003,2024-01-28,12.2,Real
CL0003,2024-01-29,12.4,Real
CL0003,2024-01-30,13.95,Real
CL0003,2024-01-31,11.11,Real
CL0003,2024-02-01,10.07,Real
CL0003,2024-02-02,7.42,Real
CL0003,2024-02-03,13.75,Estimada
CL0003,2024-02-04,14.09,Real
CL0003,2024-02-05,9.09,Real
CL0003,2024-02-06,8.35,Real
CL0003,2024-02-07,4.91,Real
CL0003,2024-02-08,11.17,Real
CL0003,2024-02-09,5.81,Estimada
CL0003,2024-02-10,7.42,Real
CL0003,2024-02-11,14.15,Real
CL0003,2024-02-12,7.26,Real
CL0003,2024-02-13,5.54,Real
CL0003,2024-02-14,8.53,Estimada
CL0003,2024-02-15,8.67,Real
CL0003,2024-02-16,12.73,Real
CL0003,2024-02-17,14.04,Real
CL0003,2024-02-18,15.91,Real
CL0003,2024-02-19,11.8,Real
CL0003,2024-02-20,7.19,Real
CL0003,2024-02-21,10.75,Real
CL0003,2024-02-22,7.16,Estimada
CL0003,2024-02-23,7.03,Estimada
CL0003,2024-02-24,13.64,Estimada
CL0003,2024-02-25,8.14,Real
CL0003,2024-02-26,7.64,Real
CL0003,2024-02-27,6.35,Real
CL0003,2024-02-28,5.36,Estimada
CL0003,2024-02-29,13.51,Real
CL0003,2024-03-01,6.32,Real
CL0003,2024-03-02,15.25,Estimada
CL0003,2024-03-03,15.23,Real
CL0003,2024-03-04,6.61,Real
CL0003,2024-03-05,10.13,Real
CL0003,2024-03-06,11.76,Real
CL0003,2024-03-07,3.82,Real
CL0003,2024-03-08,10.69,Real
CL0003,2024-03-09,16.34,Real
CL0003,2024-03-10,12.56,Real
CL0003,2024-03-11,7.43,Real
CL0003,2024-03-12,7.62,Real
CL0003,2024-03-13,1.79,Real
CL0003,2024-03-14,6.62,Real
CL0003,2024-03-15,6.06,Real
CL0003,2024-03-16,2.82,Estimada
CL0003,2024-03-17,12.69,Real
CL0003,2024-03-18,11.51,Real
CL0003,2024-03-19,8.41,Real
CL0003,2024-03-20,11.45,Real
CL0003,2024-03-21,5.55,Real
CL0003,2024-03-22,7.98,Real
CL0003,2024-03-23,16.86,Real
CL0003,2024-03-24,10.39,Real
CL0003,2024-03-25,8.56,Real
CL0003,2024-03-26,19.56,Estimada
CL0003,2024-03-27,10.77,Real
CL0003,2024-03-28,9.31,Real
CL0003,2024-03-29,4.68,Estimada
CL0003,2024-03-30,11.47,Real
CL0003,2024-03-31,11.71,Real
CL0003,2024-04-01,6.06,Real
CL0003,2024-04-02,7.09,Estimada
CL0003,2024-04-03,10.71,Real
CL0003,2024-04-04,7.04,Real
CL0003,2024-04-05,10.19,Estimada
CL0003,2024-04-06,8.94,Real
CL0003,2024-04-07,4.49,Real
CL0003,2024-04-08,4.74,Real
CL0003,2024-04-09,3.9,Real
CL0003,2024-04-10,12.85,Estimada
CL0003,2024-04-11,7.74,Real
CL0003,2024-04-12,11.58,Real
CL0003,2024-04-13,11.9,Real
CL0003,2024-04-14,15.7,Real
CL0003,2024-04-15,7.54,Estimada
CL0003,2024-04-16,8.7,Real
CL0003,2024-04-17,6.72,Real
CL0003,2024-04-18,3.35,Real
CL0003,2024-04-19,8.86,Real
CL0003,2024-04-20,16.41,Real
CL0003,2024-04-21,12.93,Real
CL0003,2024-04-22,8.85,Real
CL0003,2024-04-23,8.31,Real
CL0003,2024-04-24,12.33,Real
CL0003,2024-04-25,9.94,Real
CL0003,2024-04-26,8.53,Real
CL0003,2024-04-27,7.98,Estimada
CL0003,2024-04-28,15.12,Real
CL0003,2024-04-29,4.18,Real
CL0003,2024-04-30,9.3,Real
CL0003,2024-05-01,13.74,Real
CL0003,2024-05-02,12.37,Real
CL0003,2024-05-03,10.81,Estimada
CL0003,2024-05-04,19.13,Real
CL0003,2024-05-05,11.89,Estimada
CL0003,2024-05-06,7.52,Estimada
CL0003,2024-05-07,8.46,Real
CL0003,2024-05-08,7.42,Real
CL0003,2024-05-09,7.95,Real
CL0003,2024-05-10,10.03,Real
CL0003,2024-05-11,15.15,Real
CL0003,2024-05-12,15.16,Real
CL0003,2024-05-13,10.6,Real
CL0003,2024-05-14,6.94,Real
CL0003,2024-05-15,6.7,Real
CL0003,2024-05-16,13.94,Real
CL0003,2024-05-17,4.0,Real
CL0003,2024-05-18,18.99,Real
CL0003,2024-05-19,12.8,Real
CL0003,2024-05-20,12.69,Real
CL0003,2024-05-21,11.01,Estimada
CL0003,2024-05-22,14.45,Real
CL0003,2024-05-23,13.15,Real
CL0003,2024-05-24,14.34,Real
CL0003,2024-05-25,16.17,Real
CL0003,2024-05-26,15.71,Real
CL0003,2024-05-27,12.59,Real
CL0003,2024-05-28,14.68,Real
CL0003,2024-05-29,10.84,Real
CL0003,2024-05-30,9.03,Real
CL0003,2024-05-31,11.94,Real
CL0003,2024-06-01,19.25,Estimada
CL0003,2024-06-02,15.34,Real
CL0003,2024-06-03,9.96,Real
CL0003,2024-06-04,11.55,Real
CL0003,2024-06-05,11.6,Real
CL0003,2024-06-06,14.09,Real
CL0003,2024-06-07,14.3,Real
CL0003,2024-06-08,16.18,Real
CL0003,2024-06-09,15.46,Real
CL0003,2024-06-10,9.17,Real
CL0003,2024-06-11,10.2,Real
CL0003,2024-06-12,13.04,Real
CL0003,2024-06-13,14.85,Real
CL0003,2024-06-14,13.25,Real
CL0003,2024-06-15,19.26,Real
CL0003,2024-06-16,14.76,Real
CL0003,2024-06-17,15.12,Real
CL0003,2024-06-18,13.62,Real
CL0003,2024-06-19,13.58,Real
CL0003,2024-06-20,12.5,Real
CL0003,2024-06-21,13.69,Real
CL0003,2024-06-22,18.41,Real
CL0003,2024-06-23,17.95,Real
CL0003,2024-06-24,16.34,Real
CL0003,2024-06-25,11.37,Real
CL0003,2024-06-26,13.32,Real
CL0003,2024-06-27,10.6,Real
CL0003,2024-06-28,14.19,Real
CL0004,2024-01-01,50.85,Real
CL0004,2024-01-02,102.41,Real
CL0004,2024-01-03,80.95,Estimada
CL0004,2024-01-04,69.71,Real
CL0004,2024-01-05,69.88,Real
CL0004,2024-01-06,66.21,Real
CL0004,2024-01-07,40.9,Real
CL0004,2024-01-08,58.25,Real
CL0004,2024-01-09,65.98,Real
CL0004,2024-01-10,39.96,Real
CL0004,2024-01-11,46.3,Real
CL0004,2024-01-12,64.14,Real
CL0004,2024-01-13,50.3,Real
CL0004,2024-01-14,48.93,Real
CL0004,2024-01-15,99.27,Real
CL0004,2024-01-16,58.03,Real
CL0004,2024-01-17,70.88,Real
CL0004,2024-01-18,69.95,Real
CL0004,2024-01-19,53.65,Real
CL0004,2024-01-20,34.57,Real
CL0004,2024-01-21,35.08,Real
CL0004,2024-01-22,42.78,Real
CL0004,2024-01-23,80.82,Real
CL0004,2024-01-24,81.18,Real
CL0004,2024-01-25,35.03,Real
CL0004,2024-01-26,69.55,Real
CL0004,2024-01-27,25.36,Real
CL0004,2024-01-28,53.82,Real
CL0004,2024-01-29,79.09,Real
CL0004,2024-01-30,74.4,Real
CL0004,2024-01-31,71.68,Real
CL0004,2024-02-01,52.06,Real
CL0004,2024-02-02,45.2,Real
CL0004,2024-02-03,53.22,Real
CL0004,2024-02-04,44.21,Estimada
CL0004,2024-02-05,80.64,Real
CL0004,2024-02-06,72.35,Real
CL0004,2024-02-07,92.57,Real
CL0004,2024-02-08,58.74,Real
CL0004,2024-02-09,46.31,Real
CL0004,2024-02-10,10.9,Real
CL0004,2024-02-11,51.58,Real
CL0004,2024-02-12,54.81,Real
CL0004,2024-02-13,64.76,Real
CL0004,2024-02-14,27.06,Real
CL0004,2024-02-15,42.56,Real
CL0004,2024-02-16,68.51,Real
CL0004,2024-02-17,31.68,Real
CL0004,2024-02-18,46.62,Real
CL0004,2024-02-19,49.09,Real
CL0004,2024-02-20,34.01,Estimada
CL0004,2024-02-21,20.4,Real
CL0004,2024-02-22,54.56,Real
CL0004,2024-02-23,38.76,Estimada
CL0004,2024-02-24,27.56,Real
CL0004,2024-02-25,28.55,Real
CL0004,2024-02-26,39.94,Real
CL0004,2024-02-27,58.31,Real
CL0004,2024-02-28,49.49,Real
CL0004,2024-02-29,52.89,Real
CL0004,2024-03-01,23.85,Real
CL0004,2024-03-02,48.79,Real
CL0004,2024-03-03,31.41,Real
CL0004,2024-03-04,17.31,Real
CL0004,2024-03-05,59.04,Real
CL0004,2024-03-06,59.27,Real
CL0004,2024-03-07,61.94,Real
CL0004,2024-03-08,75.97,Real
CL0004,2024-03-09,19.46,Real
CL0004,2024-03-10,52.72,Estimada
CL0004,2024-03-11,67.57,Real
CL0004,2024-03-12,39.6,Real
CL0004,2024-03-13,35.68,Estimada
CL0004,2024-03-14,68.32,Real
CL0004,2024-03-15,16.85,Real
CL0004,2024-03-16,56.64,Real
CL0004,2024-03-17,49.21,Real
CL0004,2024-03-18,60.94,Real
CL0004,2024-03-19,67.7,Real
CL0004,2024-03-20,59.23,Real
CL0004,2024-03-21,42.16,Real
CL0004,2024-03-22,54.43,Real
CL0004,2024-03-23,46.54,Real
CL0004,2024-03-24,51.54,Real
CL0004,2024-03-25,41.85,Real
CL0004,2024-03-26,70.35,Real
CL0004,2024-03-27,36.28,Real
CL0004,2024-03-28,25.47,Real
CL0004,2024-03-29,73.57,Real
CL0004,2024-03-30,26.66,Real
CL0004,2024-03-31,42.21,Real
CL0004,2024-04-01,57.32,Real
CL0004,2024-04-02,60.12,Real
CL0004,2024-04-03,27.29,Real
CL0004,2024-04-04,56.39,Real
CL0004,2024-04-05,77.1,Real
CL0004,2024-04-06,37.24,Real
CL0004,2024-04-07,34.92,Real
CL0004,2024-04-08,71.47,Real
CL0004,2024-04-09,60.5,Real
CL0004,2024-04-10,37.24,Real
CL0004,2024-04-11,57.44,Estimada
CL0004,2024-04-12,77.65,Real
CL0004,2024-04-13,32.85,Real
CL0004,2024-04-14,34.87,Real
CL0004,2024-04-15,61.03,Real
CL0004,2024-04-16,35.28,Real
CL0004,2024-04-17,35.97,Real
CL0004,2024-04-18,50.04,Real
CL0004,2024-04-19,47.77,Real
CL0004,2024-04-20,43.28,Real
CL0004,2024-04-21,36.16,Real
CL0004,2024-04-22,63.36,Estimada
CL0004,2024-04-23,15.63,Real
CL0004,2024-04-24,59.17,Real
CL0004,2024-04-25,73.06,Real
CL0004,2024-04-26,47.82,Real
CL0004,2024-04-27,45.86,Real
CL0004,2024-04-28,49.84,Real
CL0004,2024-04-29,75.56,Real
CL0004,2024-04-30,34.78,Real
CL0004,2024-05-01,60.44,Real
CL0004,2024-05-02,45.74,Real
CL0004,2024-05-03,74.3,Estimada
CL0004,2024-05-04,40.88,Real
CL0004,2024-05-05,60.71,Real
CL0004,2024-05-06,64.31,Real
CL0004,2024-05-07,41.11,Estimada
CL0004,2024-05-08,67.43,Real
CL0004,2024-05-09,87.05,Real
CL0004,2024-05-10,62.68,Real
CL0004,2024-05-11,47.4,Real
CL0004,2024-05-12,43.21,Real
CL0004,2024-05-13,19.56,Real
CL0004,2024-05-14,59.07,Real
CL0004,2024-05-15,70.6,Real
CL0004,2024-05-16,64.29,Real
CL0004,2024-05-17,54.65,Real
CL0004,2024-05-18,38.08,Real
CL0004,2024-05-19,59.77,Real
CL0004,2024-05-20,80.66,Real
CL0004,2024-05-21,46.05,Real
CL0004,2024-05-22,52.11,Real
CL0004,2024-05-23,57.07,Real
CL0004,2024-05-24,53.46,Real
CL0004,2024-05-25,47.41,Real
CL0004,2024-05-26,31.64,Real
CL0004,2024-05-27,72.87,Real
CL0004,2024-05-28,23.83,Real
CL0004,2024-05-29,77.56,Real
CL0004,2024-05-30,24.37,Real
CL0004,2024-05-31,53.03,Real
CL0004,2024-06-01,42.83,Real
CL0004,2024-06-02,56.45,Real
CL0004,2024-06-03,66.75,Real
CL0004,2024-06-04,101.0,Estimada
CL0004,2024-06-05,92.64,Real
CL0004,2024-06-06,58.77,Real
CL0004,2024-06-07,64.16,Real
CL0004,2024-06-08,65.49,Real
CL0004,2024-06-09,21.63,Real
CL0004,2024-06-10,95.64,Real
CL0004,2024-06-11,73.94,Real
CL0004,2024-06-12,86.74,Real
CL0004,2024-06-13,86.75,Real
CL0004,2024-06-14,90.19,Real
CL0004,2024-06-15,47.21,Estimada
CL0004,2024-06-16,65.11,Real
CL0004,2024-06-17,82.67,Real
CL0004,2024-06-18,62.14,Estimada
CL0004,2024-06-19,84.12,Estimada
CL0004,2024-06-20,40.75,Real
CL0004,2024-06-21,106.37,Real
CL0004,2024-06-22,59.32,Real
CL0004,2024-06-23,60.6,Real
CL0004,2024-06-24,78.46,Real
CL0004,2024-06-25,86.19,Real
CL0004,2024-06-26,100.81,Real
CL0004,2024-06-27,89.51,Real
CL0004,2024-06-28,91.86,Real
CL0005,2024-01-01,10.25,Real
CL0005,2024-01-02,14.35,Real
CL0005,2024-01-03,12.06,Estimada
CL0005,2024-01-04,19.82,Real
CL0005,2024-01-05,21.34,Real
CL0005,2024-01-06,20.8,Real
CL0005,2024-01-07,23.69,Real
CL0005,2024-01-08,21.36,Real
CL0005,2024-01-09,17.52,Real
CL0005,2024-01-10,14.02,Real
CL0005,2024-01-11,20.79,Real
CL0005,2024-01-12,16.36,Estimada
CL0005,2024-01-13,19.75,Real
CL0005,2024-01-14,22.95,Real
CL0005,2024-01-15,20.59,Real
CL0005,2024-01-16,15.12,Real
CL0005,2024-01-17,15.66,Real
CL0005,2024-01-18,14.41,Real
CL0005,2024-01-19,16.77,Real
CL0005,2024-01-20,27.74,Real
CL0005,2024-01-21,16.72,Real
CL0005,2024-01-22,10.71,Real
CL0005,2024-01-23,19.34,Estimada
CL0005,2024-01-24,20.33,Real
CL0005,2024-01-25,15.98,Real
CL0005,2024-01-26,13.86,Real
CL0005,2024-01-27,21.89,Real
CL0005,2024-01-28,23.9,Real
CL0005,2024-01-29,12.77,Real
CL0005,2024-01-30,15.64,Real
CL0005,2024-01-31,15.99,Real
CL0005,2024-02-01,18.95,Real
CL0005,2024-02-02,18.44,Real
CL0005,2024-02-03,7.91,Real
CL0005,2024-02-04,16.35,Real
CL0005,2024-02-05,4.64,Real
CL0005,2024-02-06,14.81,Real
CL0005,2024-02-07,11.78,Real
CL0005,2024-02-08,8.41,Real
CL0005,2024-02-09,13.11,Real
CL0005,2024-02-10,20.62,Real
CL0005,2024-02-11,14.44,Real
CL0005,2024-02-12,10.42,Real
CL0005,2024-02-13,10.78,Real
CL0005,2024-02-14,14.61,Estimada
CL0005,2024-02-15,13.18,Real
CL0005,2024-02-16,12.31,Real
CL0005,2024-02-17,18.48,Real
CL0005,2024-02-18,16.33,Real
CL0005,2024-02-19,6.48,Real
CL0005,2024-02-20,13.63,Real
CL0005,2024-02-21,11.94,Real
CL0005,2024-02-22,17.01,Real
CL0005,2024-02-23,26.37,Real
CL0005,2024-02-24,13.6,Estimada
CL0005,2024-02-25,18.31,Real
CL0005,2024-02-26,15.01,Real
CL0005,2024-02-27,12.29,Real
CL0005,2024-02-28,11.22,Real
CL0005,2024-02-29,15.42,Real
CL0005,2024-03-01,16.73,Real
CL0005,2024-03-02,17.8,Real
CL0005,2024-03-03,19.95,Real
CL0005,2024-03-04,13.08,Real
CL0005,2024-03-05,22.75,Real
CL0005,2024-03-06,4.46,Real
CL0005,2024-03-07,10.62,Real
CL0005,2024-03-08,9.63,Real
CL0005,2024-03-09,15.92,Real
CL0005,2024-03-10,18.6,Real
CL0005,2024-03-11,16.04,Real
CL0005,2024-03-12,18.09,Estimada
CL0005,2024-03-13,5.5,Real
CL0005,2024-03-14,12.75,Real
CL0005,2024-03-15,9.21,Real
CL0005,2024-03-16,20.58,Real
CL0005,2024-03-17,13.5,Real
CL0005,2024-03-18,15.88,Real
CL0005,2024-03-19,17.4,Real
CL0005,2024-03-20,2.23,Real
CL0005,2024-03-21,17.86,Real
CL0005,2024-03-22,11.58,Real
CL0005,2024-03-23,15.01,Real
CL0005,2024-03-24,16.43,Real
CL0005,2024-03-25,11.76,Real
CL0005,2024-03-26,6.31,Real
CL0005,2024-03-27,6.21,Real
CL0005,2024-03-28,8.09,Real
CL0005,2024-03-29,10.2,Real
CL0005,2024-03-30,20.43,Real
CL0005,2024-03-31,17.77,Real
CL0005,2024-04-01,9.74,Real
CL0005,2024-04-02,3.8,Real
CL0005,2024-04-03,10.93,Real
CL0005,2024-04-04,9.75,Real
CL0005,2024-04-05,11.22,Real
CL0005,2024-04-06,19.24,Real
CL0005,2024-04-07,8.21,Estimada
CL0005,2024-04-08,17.45,Real
CL0005,2024-04-09,8.79,Real
CL0005,2024-04-10,8.65,Real
CL0005,2024-04-11,14.61,Real
CL0005,2024-04-12,14.07,Real
CL0005,2024-04-13,22.33,Estimada
CL0005,2024-04-14,16.55,Real
CL0005,2024-04-15,12.67,Real
CL0005,2024-04-16,17.19,Real
CL0005,2024-04-17,17.34,Real
CL0005,2024-04-18,12.67,Real
CL0005,2024-04-19,20.77,Real
CL0005,2024-04-20,25.24,Real
CL0005,2024-04-21,18.14,Estimada
CL0005,2024-04-22,3.68,Real
CL0005,2024-04-23,14.99,Real
CL0005,2024-04-24,13.55,Real
CL0005,2024-04-25,14.92,Real
CL0005,2024-04-26,11.38,Real
CL0005,2024-04-27,28.78,Real
CL0005,2024-04-28,18.02,Real
CL0005,2024-04-29,9.89,Real
CL0005,2024-04-30,17.45,Real
CL0005,2024-05-01,9.93,Real
CL0005,2024-05-02,18.46,Estimada
CL0005,2024-05-03,9.06,Real
CL0005,2024-05-04,25.14,Real
CL0005,2024-05-05,18.93,Real
CL0005,2024-05-06,7.81,Estimada
CL0005,2024-05-07,16.11,Real
CL0005,2024-05-08,6.83,Real
CL0005,2024-05-09,21.19,Real
CL0005,2024-05-10,12.92,Real
CL0005,2024-05-11,20.46,Real
CL0005,2024-05-12,26.43,Real
CL0005,2024-05-13,9.54,Real
CL0005,2024-05-14,11.61,Real
CL0005,2024-05-15,8.5,Real
CL0005,2024-05-16,15.26,Real
CL0005,2024-05-17,9.71,Real
CL0005,2024-05-18,26.74,Real
CL0005,2024-05-19,19.31,Real
CL0005,2024-05-20,16.46,Real
CL0005,2024-05-21,14.56,Real
CL0005,2024-05-22,13.93,Real
CL0005,2024-05-23,22.83,Real
CL0005,2024-05-24,21.05,Real
CL0005,2024-05-25,26.66,Real
CL0005,2024-05-26,20.75,Real
CL0005,2024-05-27,14.55,Real
CL0005,2024-05-28,12.8,Real
CL0005,2024-05-29,13.94,Estimada
CL0005,2024-05-30,16.73,Real
CL0005,2024-05-31,13.37,Real
CL0005,2024-06-01,24.75,Real
CL0005,2024-06-02,30.79,Real
CL0005,2024-06-03,14.9,Real
CL0005,2024-06-04,14.09,Real
CL0005,2024-06-05,9.25,Real
CL0005,2024-06-06,20.49,Estimada
CL0005,2024-06-07,23.28,Real
CL0005,2024-06-08,30.8,Real
CL0005,2024-06-09,25.78,Real
CL0005,2024-06-10,15.0,Real
CL0005,2024-06-11,24.61,Real
CL0005,2024-06-12,16.59,Real
CL0005,2024-06-13,17.9,Real
CL0005,2024-06-14,12.6,Estimada
CL0005,2024-06-15,22.22,Real
CL0005,2024-06-16,25.24,Real
CL0005,2024-06-17,14.25,Real
CL0005,2024-06-18,10.88,Real
CL0005,2024-06-19,12.44,Estimada
CL0005,2024-06-20,13.57,Real
CL0005,2024-06-21,17.33,Real
CL0005,2024-06-22,27.81,Real
CL0005,2024-06-23,25.6,Real
CL0005,2024-06-24,19.37,Real
CL0005,2024-06-25,18.75,Real
CL0005,2024-06-26,16.22,Real
CL0005,2024-06-27,15.41,Real
CL0005,2024-06-28,18.44,Real
CL0006,2024-01-01,10.72,Real
CL0006,2024-01-02,6.44,Estimada
CL0006,2024-01-03,5.37,Real
CL0006,2024-01-04,7.03,Real
CL0006,2024-01-05,7.99,Real
CL0006,2024-01-06,8.14,Real
CL0006,2024-01-07,13.53,Real
CL0006,2024-01-08,6.2,Real
CL0006,2024-01-09,4.86,Real
CL0006,2024-01-10,5.26,Real
CL0006,2024-01-11,2.2,Real
CL0006,2024-01-12,11.54,Real
CL0006,2024-01-13,7.76,Real
CL0006,2024-01-14,10.03,Real
CL0006,2024-01-15,9.52,Real
CL0006,2024-01-16,7.58,Real
CL0006,2024-01-17,9.27,Real
CL0006,2024-01-18,5.8,Real
CL0006,2024-01-19,6.37,Real
CL0006,2024-01-20,10.88,Real
CL0006,2024-01-21,10.52,Real
CL0006,2024-01-22,4.09,Real
CL0006,2024-01-23,4.29,Real
CL0006,2024-01-24,6.93,Estimada
CL0006,2024-01-25,7.09,Real
CL0006,2024-01-26,5.96,Real
CL0006,2024-01-27,10.94,Real
CL0006,2024-01-28,12.54,Real
CL0006,2024-01-29,6.09,Real
CL0006,2024-01-30,8.31,Real
CL0006,2024-01-31,6.34,Real
CL0006,2024-02-01,5.32,Estimada
CL0006,2024-02-02,4.34,Real
CL0006,2024-02-03,7.7,Real
CL0006,2024-02-04,6.07,Real
CL0006,2024-02-05,7.63,Real
CL0006,2024-02-06,6.04,Real
CL0006,2024-02-07,3.38,Estimada
CL0006,2024-02-08,4.78,Real
CL0006,2024-02-09,8.91,Real
CL0006,2024-02-10,9.15,Real
CL0006,2024-02-11,7.04,Real
CL0006,2024-02-12,6.03,Real
CL0006,2024-02-13,4.48,Real
CL0006,2024-02-14,6.23,Real
CL0006,2024-02-15,5.02,Estimada
CL0006,2024-02-16,8.52,Real
CL0006,2024-02-17,9.31,Real
CL0006,2024-02-18,12.94,Real
CL0006,2024-02-19,7.5,Real
CL0006,2024-02-20,7.97,Real
CL0006,2024-02-21,4.79,Real
CL0006,2024-02-22,4.91,Real
CL0006,2024-02-23,4.59,Real
CL0006,2024-02-24,7.63,Real
CL0006,2024-02-25,11.16,Real
CL0006,2024-02-26,5.83,Estimada
CL0006,2024-02-27,4.08,Real
CL0006,2024-02-28,4.58,Real
CL0006,2024-02-29,2.8,Real
CL0006,2024-03-01,4.83,Estimada
CL0006,2024-03-02,7.42,Real
CL0006,2024-03-03,3.81,Real
CL0006,2024-03-04,7.25,Estimada
CL0006,2024-03-05,6.42,Real
CL0006,2024-03-06,7.02,Real
CL0006,2024-03-07,5.63,Real
CL0006,2024-03-08,7.05,Real
CL0006,2024-03-09,4.46,Real
CL0006,2024-03-10,7.95,Real
CL0006,2024-03-11,3.84,Real
CL0006,2024-03-12,6.77,Estimada
CL0006,2024-03-13,7.2,Real
CL0006,2024-03-14,2.85,Real
CL0006,2024-03-15,3.15,Real
CL0006,2024-03-16,3.24,Real
CL0006,2024-03-17,8.99,Real
CL0006,2024-03-18,3.36,Real
CL0006,2024-03-19,6.99,Real
CL0006,2024-03-20,9.63,Estimada
CL0006,2024-03-21,2.02,Real
CL0006,2024-03-22,6.21,Real
CL0006,2024-03-23,9.53,Real
CL0006,2024-03-24,5.9,Real
CL0006,2024-03-25,7.87,Real
CL0006,2024-03-26,3.47,Real
CL0006,2024-03-27,5.99,Real
CL0006,2024-03-28,4.45,Estimada
CL0006,2024-03-29,2.86,Real
CL0006,2024-03-30,10.29,Real
CL0006,2024-03-31,8.44,Real
CL0006,2024-04-01,5.57,Real
CL0006,2024-04-02,5.47,Real
CL0006,2024-04-03,6.56,Real
CL0006,2024-04-04,2.33,Real
CL0006,2024-04-05,6.71,Real
CL0006,2024-04-06,5.63,Real
CL0006,2024-04-07,8.8,Real
CL0006,2024-04-08,6.27,Real
CL0006,2024-04-09,4.35,Real
CL0006,2024-04-10,3.17,Real
CL0006,2024-04-11,4.29,Real
CL0006,2024-04-12,5.38,Real
CL0006,2024-04-13,10.04,Estimada
CL0006,2024-04-14,9.69,Real
CL0006,2024-04-15,3.23,Real
CL0006,2024-04-16,6.72,Real
CL0006,2024-04-17,5.11,Real
CL0006,2024-04-18,4.69,Real
CL0006,2024-04-19,8.92,Real
CL0006,2024-04-20,11.61,Real
CL0006,2024-04-21,7.11,Real
CL0006,2024-04-22,10.06,Real
CL0006,2024-04-23,5.45,Real
CL0006,2024-04-24,7.47,Real
CL0006,2024-04-25,2.43,Real
CL0006,2024-04-26,5.39,Real
CL0006,2024-04-27,10.65,Real
CL0006,2024-04-28,5.98,Real
CL0006,2024-04-29,4.69,Real
CL0006,2024-04-30,7.64,Real
CL0006,2024-05-01,7.13,Real
CL0006,2024-05-02,6.72,Real
CL0006,2024-05-03,6.07,Estimada
CL0006,2024-05-04,9.56,Real
CL0006,2024-05-05,12.87,Real
CL0006,2024-05-06,6.57,Real
CL0006,2024-05-07,7.47,Real
CL0006,2024-05-08,8.14,Real
CL0006,2024-05-09,8.94,Real
CL0006,2024-05-10,5.26,Real
CL0006,2024-05-11,9.82,Real
CL0006,2024-05-12,2.71,Real
CL0006,2024-05-13,8.22,Real
CL0006,2024-05-14,6.59,Real
CL0006,2024-05-15,2.71,Real
CL0006,2024-05-16,6.15,Real
CL0006,2024-05-17,7.04,Real
CL0006,2024-05-18,9.11,Real
CL0006,2024-05-19,10.08,Real
CL0006,2024-05-20,2.39,Real
CL0006,2024-05-21,3.81,Real
CL0006,2024-05-22,7.87,Estimada
CL0006,2024-05-23,9.32,Real
CL0006,2024-05-24,8.06,Real
CL0006,2024-05-25,8.86,Real
CL0006,2024-05-26,7.98,Real
CL0006,2024-05-27,9.53,Real
CL0006,2024-05-28,5.78,Real
CL0006,2024-05-29,4.16,Real
CL0006,2024-05-30,5.19,Estimada
CL0006,2024-05-31,9.37,Estimada
CL0006,2024-06-01,16.31,Real
CL0006,2024-06-02,12.73,Real
CL0006,2024-06-03,7.52,Real
CL0006,2024-06-04,8.26,Estimada
CL0006,2024-06-05,9.59,Real
CL0006,2024-06-06,8.3,Real
CL0006,2024-06-07,4.22,Real
CL0006,2024-06-08,12.62,Real
CL0006,2024-06-09,11.38,Real
CL0006,2024-06-10,10.05,Real
CL0006,2024-06-11,10.03,Estimada
CL0006,2024-06-12,6.81,Real
CL0006,2024-06-13,11.27,Real
CL0006,2024-06-14,5.88,Real
CL0006,2024-06-15,11.0,Real
CL0006,2024-06-16,8.18,Real
CL0006,2024-06-17,3.5,Real
CL0006,2024-06-18,8.15,Real
CL0006,2024-06-19,10.82,Estimada
CL0006,2024-06-20,5.23,Real
CL0006,2024-06-21,7.78,Real
CL0006,2024-06-22,13.13,Real
CL0006,2024-06-23,8.78,Real
CL0006,2024-06-24,5.75,Real
CL0006,2024-06-25,9.84,Real
CL0006,2024-06-26,7.08,Real
CL0006,2024-06-27,7.11,Real
CL0006,2024-06-28,6.2,Real
CL0007,2024-01-01,279.24,Real
CL0007,2024-01-02,216.95,Estimada
CL0007,2024-01-03,213.95,Real
CL0007,2024-01-04,244.97,Real
CL0007,2024-01-05,290.56,Real
CL0007,2024-01-06,179.67,Estimada
CL0007,2024-01-07,197.09,Real
CL0007,2024-01-08,164.55,Real
CL0007,2024-01-09,242.85,Estimada
CL0007,2024-01-10,268.17,Real
CL0007,2024-01-11,239.37,Real
CL0007,2024-01-12,381.05,Real
CL0007,2024-01-13,132.88,Real
CL0007,2024-01-14,116.7,Real
CL0007,2024-01-15,195.25,Real
CL0007,2024-01-16,107.49,Real
CL0007,2024-01-17,223.14,Real
CL0007,2024-01-18,336.48,Real
CL0007,2024-01-19,215.7,Real
CL0007,2024-01-20,252.16,Real
CL0007,2024-01-21,167.88,Real
CL0007,2024-01-22,287.32,Real
CL0007,2024-01-23,332.27,Estimada
CL0007,2024-01-24,240.45,Real
CL0007,2024-01-25,247.71,Real
CL0007,2024-01-26,370.97,Estimada
CL0007,2024-01-27,184.04,Real
CL0007,2024-01-28,154.52,Estimada
CL0007,2024-01-29,245.78,Real
CL0007,2024-01-30,286.8,Real
CL0007,2024-01-31,153.38,Estimada
CL0007,2024-02-01,244.56,Real
CL0007,2024-02-02,233.66,Real
CL0007,2024-02-03,121.61,Real
CL0007,2024-02-04,114.02,Estimada
CL0007,2024-02-05,313.33,Real
CL0007,2024-02-06,178.26,Real
CL0007,2024-02-07,304.71,Real
CL0007,2024-02-08,171.97,Real
CL0007,2024-02-09,232.58,Real
CL0007,2024-02-10,193.19,Real
CL0007,2024-02-11,210.14,Real
CL0007,2024-02-12,213.67,Real
CL0007,2024-02-13,143.31,Real
CL0007,2024-02-14,271.81,Real
CL0007,2024-02-15,199.6,Real
CL0007,2024-02-16,185.17,Real
CL0007,2024-02-17,112.83,Real
CL0007,2024-02-18,258.09,Estimada
CL0007,2024-02-19,181.23,Real
CL0007,2024-02-20,215.59,Real
CL0007,2024-02-21,269.15,Real
CL0007,2024-02-22,110.62,Real
CL0007,2024-02-23,169.37,Real
CL0007,2024-02-24,242.72,Real
CL0007,2024-02-25,192.33,Real
CL0007,2024-02-26,273.67,Real
CL0007,2024-02-27,222.6,Real
CL0007,2024-02-28,177.65,Real
CL0007,2024-02-29,272.64,Real
CL0007,2024-03-01,126.9,Real
CL0007,2024-03-02,150.38,Real
CL0007,2024-03-03,159.53,Real
CL0007,2024-03-04,224.75,Real
CL0007,2024-03-05,176.58,Real
CL0007,2024-03-06,205.18,Real
CL0007,2024-03-07,165.87,Real
CL0007,2024-03-08,283.94,Real
CL0007,2024-03-09,173.51,Real
CL0007,2024-03-10,190.59,Real
CL0007,2024-03-11,181.91,Real
CL0007,2024-03-12,265.83,Real
CL0007,2024-03-13,289.48,Real
CL0007,2024-03-14,270.23,Real
CL0007,2024-03-15,186.9,Real
CL0007,2024-03-16,127.31,Real
CL0007,2024-03-17,220.04,Real
CL0007,2024-03-18,189.56,Estimada
CL0007,2024-03-19,120.78,Estimada
CL0007,2024-03-20,264.63,Estimada
CL0007,2024-03-21,244.07,Real
CL0007,2024-03-22,198.29,Estimada
CL0007,2024-03-23,150.55,Real
CL0007,2024-03-24,221.26,Real
CL0007,2024-03-25,180.82,Estimada
CL0007,2024-03-26,211.33,Real
CL0007,2024-03-27,256.38,Real
CL0007,2024-03-28,235.39,Estimada
CL0007,2024-03-29,258.12,Real
CL0007,2024-03-30,227.13,Real
CL0007,2024-03-31,118.25,Real
CL0007,2024-04-01,260.7,Real
CL0007,2024-04-02,237.01,Real
CL0007,2024-04-03,263.95,Real
CL0007,2024-04-04,270.48,Estimada
CL0007,2024-04-05,152.64,Real
CL0007,2024-04-06,96.67,Real
CL0007,2024-04-07,231.78,Real
CL0007,2024-04-08,229.38,Real
CL0007,2024-04-09,228.91,Real
CL0007,2024-04-10,218.15,Real
CL0007,2024-04-11,262.75,Real
CL0007,2024-04-12,238.77,Real
CL0007,2024-04-13,142.76,Estimada
CL0007,2024-04-14,295.24,Real
CL0007,2024-04-15,200.63,Real
CL0007,2024-04-16,281.67,Estimada
CL0007,2024-04-17,238.02,Real
CL0007,2024-04-18,234.27,Real
CL0007,2024-04-19,294.76,Real
CL0007,2024-04-20,137.26,Real
CL0007,2024-04-21,204.4,Real
CL0007,2024-04-22,302.22,Real
CL0007,2024-04-23,216.23,Real
CL0007,2024-04-24,159.48,Real
CL0007,2024-04-25,200.45,Real
CL0007,2024-04-26,236.43,Real
CL0007,2024-04-27,146.66,Real
CL0007,2024-04-28,197.28,Estimada
CL0007,2024-04-29,143.24,Real
CL0007,2024-04-30,137.34,Real
CL0007,2024-05-01,203.42,Real
CL0007,2024-05-02,274.09,Real
CL0007,2024-05-03,262.99,Real
CL0007,2024-05-04,175.25,Real
CL0007,2024-05-05,129.27,Real
CL0007,2024-05-06,216.94,Real
CL0007,2024-05-07,269.49,Estimada
CL0007,2024-05-08,280.37,Estimada
CL0007,2024-05-09,256.13,Estimada
CL0007,2024-05-10,284.18,Real
CL0007,2024-05-11,107.78,Estimada
CL0007,2024-05-12,223.2,Real
CL0007,2024-05-13,192.16,Real
CL0007,2024-05-14,263.74,Real
CL0007,2024-05-15,52.42,Real
CL0007,2024-05-16,226.93,Real
CL0007,2024-05-17,223.33,Real
CL0007,2024-05-18,124.04,Estimada
CL0007,2024-05-19,279.46,Real
CL0007,2024-05-20,288.5,Real
CL0007,2024-05-21,311.14,Real
CL0007,2024-05-22,299.15,Real
CL0007,2024-05-23,361.13,Real
CL0007,2024-05-24,207.3,Real
CL0007,2024-05-25,84.71,Real
CL0007,2024-05-26,240.84,Real
CL0007,2024-05-27,339.16,Real
CL0007,2024-05-28,297.65,Real
CL0007,2024-05-29,142.44,Real
CL0007,2024-05-30,206.61,Real
CL0007,2024-05-31,272.41,Real
CL0007,2024-06-01,226.01,Real
CL0007,2024-06-02,266.82,Real
CL0007,2024-06-03,372.52,Real
CL0007,2024-06-04,283.83,Real
CL0007,2024-06-05,320.04,Real
CL0007,2024-06-06,218.06,Real
CL0007,2024-06-07,281.24,Real
CL0007,2024-06-08,141.89,Real
CL0007,2024-06-09,56.07,Real
CL0007,2024-06-10,369.24,Real
CL0007,2024-06-11,238.79,Real
CL0007,2024-06-12,311.49,Estimada
CL0007,2024-06-13,308.27,Real
CL0007,2024-06-14,201.58,Real
CL0007,2024-06-15,210.66,Real
CL0007,2024-06-16,173.57,Real
CL0007,2024-06-17,302.71,Real
CL0007,2024-06-18,206.85,Real
CL0007,2024-06-19,323.52,Real
CL0007,2024-06-20,338.98,Real
CL0007,2024-06-21,250.32,Real
CL0007,2024-06-22,211.2,Estimada
CL0007,2024-06-23,151.99,Real
CL0007,2024-06-24,302.32,Real
CL0007,2024-06-25,355.78,Real
CL0007,2024-06-26,256.29,Real
CL0007,2024-06-27,274.82,Real
CL0007,2024-06-28,208.79,Real
CL0008,2024-01-01,7.71,Real
CL0008,2024-01-02,11.5,Real
CL0008,2024-01-03,13.56,Real
CL0008,2024-01-04,12.95,Real
CL0008,2024-01-05,9.58,Real
CL0008,2024-01-06,18.58,Real
CL0008,2024-01-07,14.24,Real
CL0008,2024-01-08,9.23,Real
CL0008,2024-01-09,10.67,Real
CL0008,2024-01-10,12.12,Real
CL0008,2024-01-11,8.28,Real
CL0008,2024-01-12,11.78,Real
CL0008,2024-01-13,13.04,Real
CL0008,2024-01-14,12.67,Real
CL0008,2024-01-15,10.07,Real
CL0008,2024-01-16,5.05,Real
CL0008,2024-01-17,6.12,Real
CL0008,2024-01-18,5.83,Estimada
CL0008,2024-01-19,5.19,Real
CL0008,2024-01-20,17.86,Real
CL0008,2024-01-21,16.62,Real
CL0008,2024-01-22,11.48,Estimada
CL0008,2024-01-23,10.02,Real
CL0008,2024-01-24,11.01,Real
CL0008,2024-01-25,11.39,Real
CL0008,2024-01-26,7.9,Real
CL0008,2024-01-27,15.1,Real
CL0008,2024-01-28,8.61,Real
CL0008,2024-01-29,13.32,Real
CL0008,2024-01-30,10.26,Real
CL0008,2024-01-31,9.15,Real
CL0008,2024-02-01,6.9,Real
CL0008,2024-02-02,2.18,Real
CL0008,2024-02-03,6.89,Real
CL0008,2024-02-04,13.11,Real
CL0008,2024-02-05,11.09,Real
CL0008,2024-02-06,10.49,Real
CL0008,2024-02-07,5.34,Real
CL0008,2024-02-08,10.98,Real
CL0008,2024-02-09,12.35,Real
CL0008,2024-02-10,10.3,Real
CL0008,2024-02-11,4.34,Real
CL0008,2024-02-12,6.93,Real
CL0008,2024-02-13,3.64,Real
CL0008,2024-02-14,11.0,Real
CL0008,2024-02-15,9.51,Real
CL0008,2024-02-16,9.48,Real
CL0008,2024-02-17,7.19,Real
CL0008,2024-02-18,9.38,Real
CL0008,2024-02-19,10.98,Real
CL0008,2024-02-20,5.93,Real
CL0008,2024-02-21,8.24,Real
CL0008,2024-02-22,12.08,Real
CL0008,2024-02-23,8.12,Real
CL0008,2024-02-24,12.48,Real
CL0008,2024-02-25,11.98,Real
CL0008,2024-02-26,3.49,Real
CL0008,2024-02-27,8.32,Estimada
CL0008,2024-02-28,9.59,Real
CL0008,2024-02-29,8.96,Estimada
CL0008,2024-03-01,5.23,Real
CL0008,2024-03-02,13.49,Real
CL0008,2024-03-03,8.51,Real
CL0008,2024-03-04,15.42,Real
CL0008,2024-03-05,9.27,Real
CL0008,2024-03-06,8.31,Real
CL0008,2024-03-07,7.33,Real
CL0008,2024-03-08,9.14,Real
CL0008,2024-03-09,13.89,Real
CL0008,2024-03-10,12.99,Real
CL0008,2024-03-11,2.35,Real
CL0008,2024-03-12,5.29,Real
CL0008,2024-03-13,8.33,Real
CL0008,2024-03-14,7.81,Real
CL0008,2024-03-15,8.55,Real
CL0008,2024-03-16,8.72,Real
CL0008,2024-03-17,7.23,Real
CL0008,2024-03-18,9.54,Real
CL0008,2024-03-19,10.58,Real
CL0008,2024-03-20,3.17,Real
CL0008,2024-03-21,10.81,Real
CL0008,2024-03-22,10.19,Real
CL0008,2024-03-23,11.83,Estimada
CL0008,2024-03-24,12.93,Real
CL0008,2024-03-25,6.03,Real
CL0008,2024-03-26,8.05,Real
CL0008,2024-03-27,7.22,Real
CL0008,2024-03-28,2.62,Real
CL0008,2024-03-29,4.73,Estimada
CL0008,2024-03-30,11.46,Estimada
CL0008,2024-03-31,12.9,Real
CL0008,2024-04-01,10.6,Real
CL0008,2024-04-02,7.92,Real
CL0008,2024-04-03,8.56,Real
CL0008,2024-04-04,4.06,Real
CL0008,2024-04-05,6.42,Real
CL0008,2024-04-06,6.34,Real
CL0008,2024-04-07,17.44,Real
CL0008,2024-04-08,3.44,Real
CL0008,2024-04-09,7.48,Real
CL0008,2024-04-10,10.42,Real
CL0008,2024-04-11,12.0,Real
CL0008,2024-04-12,5.06,Estimada
CL0008,2024-04-13,11.19,Real
CL0008,2024-04-14,12.01,Real
CL0008,2024-04-15,2.84,Estimada
CL0008,2024-04-16,7.65,Real
CL0008,2024-04-17,7.13,Real
CL0008,2024-04-18,15.39,Real
CL0008,2024-04-19,10.52,Real
CL0008,2024-04-20,10.68,Estimada
CL0008,2024-04-21,18.08,Real
CL0008,2024-04-22,11.2,Real
CL0008,2024-04-23,6.13,Real
CL0008,2024-04-24,4.08,Real
CL0008,2024-04-25,7.08,Real
CL0008,2024-04-26,10.76,Real
CL0008,2024-04-27,13.41,Estimada
CL0008,2024-04-28,7.56,Real
CL0008,2024-04-29,3.99,Real
CL0008,2024-04-30,10.79,Real
CL0008,2024-05-01,6.53,Real
CL0008,2024-05-02,10.91,Real
CL0008,2024-05-03,6.03,Real
CL0008,2024-05-04,12.51,Real
CL0008,2024-05-05,17.69,Real
CL0008,2024-05-06,8.65,Real
CL0008,2024-05-07,11.81,Real
CL0008,2024-05-08,10.93,Estimada
CL0008,2024-05-09,7.59,Estimada
CL0008,2024-05-10,4.5,Real
CL0008,2024-05-11,14.89,Real
CL0008,2024-05-12,15.74,Real
CL0008,2024-05-13,9.77,Real
CL0008,2024-05-14,10.17,Real
CL0008,2024-05-15,8.32,Real
CL0008,2024-05-16,10.85,Real
CL0008,2024-05-17,2.37,Real
CL0008,2024-05-18,9.96,Estimada
CL0008,2024-05-19,13.49,Real
CL0008,2024-05-20,8.75,Real
CL0008,2024-05-21,9.11,Estimada
CL0008,2024-05-22,10.58,Real
CL0008,2024-05-23,11.72,Real
CL0008,2024-05-24,13.43,Real
CL0008,2024-05-25,15.53,Real
CL0008,2024-05-26,14.37,Real
CL0008,2024-05-27,9.44,Real
CL0008,2024-05-28,7.65,Real
CL0008,2024-05-29,8.31,Real
CL0008,2024-05-30,14.05,Real
CL0008,2024-05-31,11.25,Real
CL0008,2024-06-01,17.87,Real
CL0008,2024-06-02,19.68,Real
CL0008,2024-06-03,14.84,Real
CL0008,2024-06-04,8.52,Real
CL0008,2024-06-05,10.49,Real
CL0008,2024-06-06,13.0,Real
CL0008,2024-06-07,11.81,Estimada
CL0008,2024-06-08,19.33,Real
CL0008,2024-06-09,22.76,Real
CL0008,2024-06-10,10.23,Estimada
CL0008,2024-06-11,10.36,Real
CL0008,2024-06-12,15.14,Estimada
CL0008,2024-06-13,12.52,Real
CL0008,2024-06-14,9.04,Real
CL0008,2024-06-15,14.62,Real
CL0008,2024-06-16,17.18,Real
CL0008,2024-06-17,14.67,Real
CL0008,2024-06-18,14.52,Real
CL0008,2024-06-19,9.54,Real
CL0008,2024-06-20,9.2,Estimada
CL0008,2024-06-21,13.48,Real
CL0008,2024-06-22,20.11,Real
CL0008,2024-06-23,17.39,Real
CL0008,2024-06-24,14.96,Real
CL0008,2024-06-25,9.31,Real
CL0008,2024-06-26,14.17,Real
CL0008,2024-06-27,10.36,Real
CL0008,2024-06-28,12.36,Real
CL0009,2024-01-01,12.06,Real
CL0009,2024-01-02,13.39,Real
CL0009,2024-01-03,13.17,Real
CL0009,2024-01-04,16.83,Real
CL0009,2024-01-05,11.68,Real
CL0009,2024-01-06,18.44,Real
CL0009,2024-01-07,16.97,Real
CL0009,2024-01-08,10.96,Estimada
CL0009,2024-01-09,17.42,Real
CL0009,2024-01-10,10.63,Real
CL0009,2024-01-11,5.98,Real
CL0009,2024-01-12,8.0,Real
CL0009,2024-01-13,22.02,Real
CL0009,2024-01-14,24.13,Real
CL0009,2024-01-15,14.38,Real
CL0009,2024-01-16,19.13,Real
CL0009,2024-01-17,12.75,Real
CL0009,2024-01-18,10.29,Real
CL0009,2024-01-19,11.77,Real
CL0009,2024-01-20,19.09,Real
CL0009,2024-01-21,24.07,Real
CL0009,2024-01-22,17.76,Real
CL0009,2024-01-23,10.75,Real
CL0009,2024-01-24,11.6,Real
CL0009,2024-01-25,12.21,Real
CL0009,2024-01-26,12.3,Real
CL0009,2024-01-27,18.36,Real
CL0009,2024-01-28,15.46,Real
CL0009,2024-01-29,11.66,Real
CL0009,2024-01-30,15.7,Real
CL0009,2024-01-31,9.38,Real
CL0009,2024-02-01,11.37,Real
CL0009,2024-02-02,8.38,Real
CL0009,2024-02-03,9.78,Estimada
CL0009,2024-02-04,14.59,Real
CL0009,2024-02-05,19.42,Real
CL0009,2024-02-06,9.49,Real
CL0009,2024-02-07,11.06,Real
CL0009,2024-02-08,10.62,Real
CL0009,2024-02-09,12.86,Real
CL0009,2024-02-10,10.94,Real
CL0009,2024-02-11,17.99,Real
CL0009,2024-02-12,12.26,Real
CL0009,2024-02-13,10.43,Real
CL0009,2024-02-14,13.3,Real
CL0009,2024-02-15,9.81,Real
CL0009,2024-02-16,8.4,Real
CL0009,2024-02-17,13.22,Estimada
CL0009,2024-02-18,12.85,Real
CL0009,2024-02-19,13.16,Real
CL0009,2024-02-20,15.36,Real
CL0009,2024-02-21,7.53,Real
CL0009,2024-02-22,9.05,Real
CL0009,2024-02-23,9.7,Estimada
CL0009,2024-02-24,23.97,Real
CL0009,2024-02-25,17.42,Real
CL0009,2024-02-26,13.24,Real
CL0009,2024-02-27,8.26,Real
CL0009,2024-02-28,13.59,Real
CL0009,2024-02-29,8.48,Real
CL0009,2024-03-01,7.92,Estimada
CL0009,2024-03-02,8.02,Real
CL0009,2024-03-03,19.15,Real
CL0009,2024-03-04,12.71,Real
CL0009,2024-03-05,11.52,Real
CL0009,2024-03-06,14.67,Real
CL0009,2024-03-07,7.1,Real
CL0009,2024-03-08,12.95,Real
CL0009,2024-03-09,13.41,Real
CL0009,2024-03-10,18.7,Real
CL0009,2024-03-11,15.65,Estimada
CL0009,2024-03-12,8.85,Real
CL0009,2024-03-13,8.86,Real
CL0009,2024-03-14,10.55,Real
CL0009,2024-03-15,11.53,Real
CL0009,2024-03-16,16.26,Real
CL0009,2024-03-17,14.74,Real
CL0009,2024-03-18,11.22,Real
CL0009,2024-03-19,18.68,Real
CL0009,2024-03-20,10.15,Real
CL0009,2024-03-21,9.0,Real
CL0009,2024-03-22,11.5,Real
CL0009,2024-03-23,15.59,Real
CL0009,2024-03-24,11.98,Real
CL0009,2024-03-25,9.83,Real
CL0009,2024-03-26,11.26,Real
CL0009,2024-03-27,12.36,Real
CL0009,2024-03-28,10.75,Real
CL0009,2024-03-29,11.3,Real
CL0009,2024-03-30,14.35,Estimada
CL0009,2024-03-31,14.3,Real
CL0009,2024-04-01,10.91,Real
CL0009,2024-04-02,7.74,Real
CL0009,2024-04-03,4.26,Real
CL0009,2024-04-04,6.96,Real
CL0009,2024-04-05,7.2,Real
CL0009,2024-04-06,20.13,Real
CL0009,2024-04-07,14.55,Real
CL0009,2024-04-08,11.12,Real
CL0009,2024-04-09,12.59,Estimada
CL0009,2024-04-10,15.74,Real
CL0009,2024-04-11,17.19,Real
CL0009,2024-04-12,13.16,Real
CL0009,2024-04-13,14.6,Estimada
CL0009,2024-04-14,10.18,Real
CL0009,2024-04-15,13.67,Estimada
CL0009,2024-04-16,11.54,Real
CL0009,2024-04-17,7.25,Real
CL0009,2024-04-18,8.9,Real
CL0009,2024-04-19,3.25,Real
CL0009,2024-04-20,13.35,Real
CL0009,2024-04-21,20.28,Real
CL0009,2024-04-22,15.0,Real
CL0009,2024-04-23,11.86,Real
CL0009,2024-04-24,6.03,Estimada
CL0009,2024-04-25,11.49,Real
CL0009,2024-04-26,16.26,Real
CL0009,2024-04-27,18.24,Real
CL0009,2024-04-28,9.96,Estimada
CL0009,2024-04-29,9.26,Real
CL0009,2024-04-30,3.74,Real
CL0009,2024-05-01,11.82,Real
CL0009,2024-05-02,5.7,Real
CL0009,2024-05-03,12.83,Real
CL0009,2024-05-04,11.21,Real
CL0009,2024-05-05,19.12,Real
CL0009,2024-05-06,15.13,Real
CL0009,2024-05-07,6.83,Real
CL0009,2024-05-08,12.21,Real
CL0009,2024-05-09,7.27,Real
CL0009,2024-05-10,9.94,Real
CL0009,2024-05-11,9.54,Real
CL0009,2024-05-12,19.53,Real
CL0009,2024-05-13,13.18,Real
CL0009,2024-05-14,14.0,Real
CL0009,2024-05-15,20.57,Estimada
CL0009,2024-05-16,7.92,Real
CL0009,2024-05-17,14.86,Real
CL0009,2024-05-18,20.08,Real
CL0009,2024-05-19,13.93,Real
CL0009,2024-05-20,14.05,Real
CL0009,2024-05-21,11.18,Real
CL0009,2024-05-22,7.83,Real
CL0009,2024-05-23,13.12,Real
CL0009,2024-05-24,16.6,Real
CL0009,2024-05-25,17.49,Estimada
CL0009,2024-05-26,14.3,Real
CL0009,2024-05-27,12.8,Estimada
CL0009,2024-05-28,12.59,Real
CL0009,2024-05-29,13.76,Real
CL0009,2024-05-30,14.25,Real
CL0009,2024-05-31,11.26,Real
CL0009,2024-06-01,20.0,Real
CL0009,2024-06-02,17.6,Real
CL0009,2024-06-03,16.76,Real
CL0009,2024-06-04,15.01,Real
CL0009,2024-06-05,13.46,Real
CL0009,2024-06-06,10.84,Real
CL0009,2024-06-07,11.58,Real
CL0009,2024-06-08,24.36,Real
CL0009,2024-06-09,21.57,Real
CL0009,2024-06-10,15.74,Real
CL0009,2024-06-11,11.09,Real
CL0009,2024-06-12,9.72,Real
CL0009,2024-06-13,15.59,Real
CL0009,2024-06-14,22.25,Real
CL0009,2024-06-15,26.01,Estimada
CL0009,2024-06-16,22.75,Real
CL0009,2024-06-17,15.13,Real
CL0009,2024-06-18,15.37,Real
CL0009,2024-06-19,18.54,Estimada
CL0009,2024-06-20,18.73,Real
CL0009,2024-06-21,10.35,Real
CL0009,2024-06-22,17.86,Real
CL0009,2024-06-23,25.11,Real
CL0009,2024-06-24,15.24,Real
CL0009,2024-06-25,16.28,Real
CL0009,2024-06-26,13.13,Real
CL0009,2024-06-27,14.61,Real
CL0009,2024-06-28,12.22,Real
CL0010,2024-01-01,14.15,Real
CL0010,2024-01-02,11.79,Real
CL0010,2024-01-03,14.21,Real
CL0010,2024-01-04,11.64,Real
CL0010,2024-01-05,13.12,Real
CL0010,2024-01-06,20.61,Real
CL0010,2024-01-07,17.98,Real
CL0010,2024-01-08,12.37,Real
CL0010,2024-01-09,16.56,Real
CL0010,2024-01-10,16.14,Real
CL0010,2024-01-11,12.4,Real
CL0010,2024-01-12,17.2,Real
CL0010,2024-01-13,20.43,Real
CL0010,2024-01-14,12.89,Real
CL0010,2024-01-15,12.19,Real
CL0010,2024-01-16,11.07,Real
CL0010,2024-01-17,17.2,Estimada
CL0010,2024-01-18,15.91,Estimada
CL0010,2024-01-19,9.07,Estimada
CL0010,2024-01-20,18.65,Real
CL0010,2024-01-21,18.84,Real
CL0010,2024-01-22,7.51,Real
CL0010,2024-01-23,11.29,Real
CL0010,2024-01-24,9.8,Real
CL0010,2024-01-25,5.16,Real
CL0010,2024-01-26,8.14,Estimada
CL0010,2024-01-27,21.99,Real
CL0010,2024-01-28,19.83,Real
CL0010,2024-01-29,16.43,Real
CL0010,2024-01-30,10.52,Real
CL0010,2024-01-31,17.14,Real
CL0010,2024-02-01,6.82,Real
CL0010,2024-02-02,14.72,Real
CL0010,2024-02-03,17.73,Real
CL0010,2024-02-04,15.11,Real
CL0010,2024-02-05,6.92,Real
CL0010,2024-02-06,11.97,Real
CL0010,2024-02-07,9.77,Real
CL0010,2024-02-08,8.89,Real
CL0010,2024-02-09,7.1,Real
CL0010,2024-02-10,17.36,Estimada
CL0010,2024-02-11,6.53,Real
CL0010,2024-02-12,9.09,Real
CL0010,2024-02-13,10.89,Real
CL0010,2024-02-14,12.27,Real
CL0010,2024-02-15,5.11,Real
CL0010,2024-02-16,10.25,Estimada
CL0010,2024-02-17,15.13,Real
CL0010,2024-02-18,15.53,Real
CL0010,2024-02-19,12.19,Real
CL0010,2024-02-20,4.97,Real
CL0010,2024-02-21,9.04,Real
CL0010,2024-02-22,13.63,Real
CL0010,2024-02-23,13.33,Real
CL0010,2024-02-24,15.18,Real
CL0010,2024-02-25,14.97,Real
CL0010,2024-02-26,11.16,Real
CL0010,2024-02-27,12.27,Real
CL0010,2024-02-28,14.08,Real
CL0010,2024-02-29,10.09,Real
CL0010,2024-03-01,6.8,Real
CL0010,2024-03-02,7.51,Real
CL0010,2024-03-03,12.72,Real
CL0010,2024-03-04,6.9,Estimada
CL0010,2024-03-05,8.2,Real
CL0010,2024-03-06,10.59,Real
CL0010,2024-03-07,9.0,Real
CL0010,2024-03-08,9.79,Real
CL0010,2024-03-09,12.77,Real
CL0010,2024-03-10,11.25,Real
CL0010,2024-03-11,8.28,Real
CL0010,2024-03-12,9.66,Real
CL0010,2024-03-13,10.47,Real
CL0010,2024-03-14,8.6,Real
CL0010,2024-03-15,12.12,Real
CL0010,2024-03-16,21.59,Estimada
CL0010,2024-03-17,13.97,Real
CL0010,2024-03-18,4.91,Real
CL0010,2024-03-19,6.06,Real
CL0010,2024-03-20,13.68,Real
CL0010,2024-03-21,8.93,Real
CL0010,2024-03-22,12.64,Real
CL0010,2024-03-23,15.01,Real
CL0010,2024-03-24,17.43,Real
CL0010,2024-03-25,4.0,Real
CL0010,2024-03-26,9.76,Real
CL0010,2024-03-27,5.01,Real
CL0010,2024-03-28,7.86,Real
CL0010,2024-03-29,9.6,Real
CL0010,2024-03-30,12.62,Real
CL0010,2024-03-31,13.97,Real
CL0010,2024-04-01,7.08,Real
CL0010,2024-04-02,13.38,Real
CL0010,2024-04-03,9.85,Real
CL0010,2024-04-04,11.34,Estimada
CL0010,2024-04-05,9.34,Estimada
CL0010,2024-04-06,11.16,Real
CL0010,2024-04-07,13.61,Real
CL0010,2024-04-08,13.99,Real
CL0010,2024-04-09,3.96,Real
CL0010,2024-04-10,11.18,Real
CL0010,2024-04-11,10.38,Real
CL0010,2024-04-12,8.58,Estimada
CL0010,2024-04-13,10.95,Real
CL0010,2024-04-14,9.9,Real
CL0010,2024-04-15,9.88,Real
CL0010,2024-04-16,8.82,Real
CL0010,2024-04-17,6.16,Real
CL0010,2024-04-18,10.5,Real
CL0010,2024-04-19,7.05,Estimada
CL0010,2024-04-20,19.09,Real
CL0010,2024-04-21,17.01,Real
CL0010,2024-04-22,11.48,Real
CL0010,2024-04-23,6.4,Real
CL0010,2024-04-24,9.38,Real
CL0010,2024-04-25,8.22,Real
CL0010,2024-04-26,10.19,Real
CL0010,2024-04-27,12.82,Real
CL0010,2024-04-28,11.06,Real
CL0010,2024-04-29,6.26,Real
CL0010,2024-04-30,10.01,Real
CL0010,2024-05-01,4.16,Estimada
CL0010,2024-05-02,8.7,Estimada
CL0010,2024-05-03,14.31,Real
CL0010,2024-05-04,11.92,Real
CL0010,2024-05-05,21.89,Real
CL0010,2024-05-06,7.32,Real
CL0010,2024-05-07,13.69,Real
CL0010,2024-05-08,14.52,Real
CL0010,2024-05-09,2.6,Real
CL0010,2024-05-10,14.99,Real
CL0010,2024-05-11,16.71,Real
CL0010,2024-05-12,16.8,Real
CL0010,2024-05-13,7.41,Estimada
CL0010,2024-05-14,17.58,Real
CL0010,2024-05-15,13.0,Real
CL0010,2024-05-16,16.76,Real
CL0010,2024-05-17,5.91,Real
CL0010,2024-05-18,19.99,Real
CL0010,2024-05-19,12.9,Estimada
CL0010,2024-05-20,14.34,Real
CL0010,2024-05-21,12.16,Real
CL0010,2024-05-22,5.24,Real
CL0010,2024-05-23,8.15,Real
CL0010,2024-05-24,7.2,Real
CL0010,2024-05-25,18.32,Estimada
CL0010,2024-05-26,18.09,Estimada
CL0010,2024-05-27,9.37,Estimada
CL0010,2024-05-28,15.74,Real
CL0010,2024-05-29,11.94,Estimada
CL0010,2024-05-30,13.11,Real
CL0010,2024-05-31,9.32,Real
CL0010,2024-06-01,14.98,Real
CL0010,2024-06-02,21.55,Real
CL0010,2024-06-03,18.12,Estimada
CL0010,2024-06-04,9.59,Real
CL0010,2024-06-05,11.83,Real
CL0010,2024-06-06,12.46,Real
CL0010,2024-06-07,8.19,Real
CL0010,2024-06-08,19.9,Real
CL0010,2024-06-09,25.32,Real
CL0010,2024-06-10,14.2,Real
CL0010,2024-06-11,10.25,Real
CL0010,2024-06-12,15.61,Estimada
CL0010,2024-06-13,14.89,Real
CL0010,2024-06-14,14.75,Real
CL0010,2024-06-15,20.15,Real
CL0010,2024-06-16,17.88,Real
CL0010,2024-06-17,11.11,Real
CL0010,2024-06-18,17.92,Real
CL0010,2024-06-19,16.38,Real
CL0010,2024-06-20,11.32,Real
CL0010,2024-06-21,13.15,Real
CL0010,2024-06-22,11.6,Real
CL0010,2024-06-23,20.12,Real
CL0010,2024-06-24,15.87,Real
CL0010,2024-06-25,13.17,Real
CL0010,2024-06-26,18.57,Estimada
CL0010,2024-06-27,8.41,Real
CL0010,2024-06-28,14.25,Real
CL0011,2024-01-01,17.12,Real
CL0011,2024-01-02,19.0,Real
CL0011,2024-01-03,21.3,Real
CL0011,2024-01-04,10.74,Real
CL0011,2024-01-05,14.41,Estimada
CL0011,2024-01-06,20.0,Real
CL0011,2024-01-07,17.09,Estimada
CL0011,2024-01-08,10.83,Real
CL0011,2024-01-09,19.23,Real
CL0011,2024-01-10,16.22,Real
CL0011,2024-01-11,19.97,Real
CL0011,2024-01-12,5.13,Real
CL0011,2024-01-13,27.02,Real
CL0011,2024-01-14,23.42,Real
CL0011,2024-01-15,18.93,Real
CL0011,2024-01-16,16.33,Real
CL0011,2024-01-17,15.35,Real
CL0011,2024-01-18,19.9,Real
CL0011,2024-01-19,23.76,Real
CL0011,2024-01-20,16.06,Real
CL0011,2024-01-21,20.53,Real
CL0011,2024-01-22,22.32,Real
CL0011,2024-01-23,17.41,Real
CL0011,2024-01-24,10.89,Estimada
CL0011,2024-01-25,13.72,Real
CL0011,2024-01-26,12.13,Real
CL0011,2024-01-27,20.26,Real
CL0011,2024-01-28,19.66,Real
CL0011,2024-01-29,14.26,Real
CL0011,2024-01-30,13.54,Real
CL0011,2024-01-31,16.42,Real
CL0011,2024-02-01,15.95,Real
CL0011,2024-02-02,15.43,Real
CL0011,2024-02-03,21.37,Real
CL0011,2024-02-04,17.75,Real
CL0011,2024-02-05,14.36,Real
CL0011,2024-02-06,9.48,Real
CL0011,2024-02-07,18.07,Real
CL0011,2024-02-08,11.04,Real
CL0011,2024-02-09,16.66,Real
CL0011,2024-02-10,15.66,Estimada
CL0011,2024-02-11,24.98,Real
CL0011,2024-02-12,9.97,Real
CL0011,2024-02-13,16.75,Real
CL0011,2024-02-14,3.96,Real
CL0011,2024-02-15,10.98,Real
CL0011,2024-02-16,13.12,Real
CL0011,2024-02-17,22.69,Real
CL0011,2024-02-18,23.53,Real
CL0011,2024-02-19,19.3,Estimada
CL0011,2024-02-20,11.04,Real
CL0011,2024-02-21,13.37,Real
CL0011,2024-02-22,16.54,Real
CL0011,2024-02-23,21.0,Real
CL0011,2024-02-24,23.66,Real
CL0011,2024-02-25,19.36,Real
CL0011,2024-02-26,10.04,Real
CL0011,2024-02-27,20.0,Real
CL0011,2024-02-28,14.54,Real
CL0011,2024-02-29,15.97,Real
CL0011,2024-03-01,19.79,Real
CL0011,2024-03-02,19.42,Real
CL0011,2024-03-03,18.18,Real
CL0011,2024-03-04,4.6,Real
CL0011,2024-03-05,15.38,Real
CL0011,2024-03-06,23.0,Real
CL0011,2024-03-07,12.37,Real
CL0011,2024-03-08,11.6,Real
CL0011,2024-03-09,22.77,Real
CL0011,2024-03-10,18.56,Real
CL0011,2024-03-11,7.74,Real
CL0011,2024-03-12,21.29,Real
CL0011,2024-03-13,16.67,Real
CL0011,2024-03-14,16.01,Estimada
CL0011,2024-03-15,13.15,Real
CL0011,2024-03-16,19.54,Real
CL0011,2024-03-17,18.65,Real
CL0011,2024-03-18,16.93,Real
CL0011,2024-03-19,9.47,Real
CL0011,2024-03-20,18.41,Real
CL0011,2024-03-21,15.03,Real
CL0011,2024-03-22,10.99,Real
CL0011,2024-03-23,18.82,Real
CL0011,2024-03-24,19.55,Real
CL0011,2024-03-25,17.14,Real
CL0011,2024-03-26,6.18,Real
CL0011,2024-03-27,12.16,Real
CL0011,2024-03-28,15.01,Real
CL0011,2024-03-29,13.31,Real
CL0011,2024-03-30,21.28,Real
CL0011,2024-03-31,20.67,Real
CL0011,2024-04-01,17.06,Real
CL0011,2024-04-02,14.44,Real
CL0011,2024-04-03,9.75,Real
CL0011,2024-04-04,7.83,Estimada
CL0011,2024-04-05,9.4,Real
CL0011,2024-04-06,15.98,Real
CL0011,2024-04-07,18.72,Estimada
CL0011,2024-04-08,13.78,Real
CL0011,2024-04-09,12.6,Real
CL0011,2024-04-10,10.17,Real
CL0011,2024-04-11,16.07,Real
CL0011,2024-04-12,18.13,Real
CL0011,2024-04-13,21.05,Real
CL0011,2024-04-14,21.25,Real
CL0011,2024-04-15,11.59,Estimada
CL0011,2024-04-16,8.67,Real
CL0011,2024-04-17,20.15,Real
CL0011,2024-04-18,6.99,Real
CL0011,2024-04-19,19.85,Estimada
CL0011,2024-04-20,21.7,Real
CL0011,2024-04-21,19.37,Real
CL0011,2024-04-22,16.71,Real
CL0011,2024-04-23,4.32,Real
CL0011,2024-04-24,17.6,Real
CL0011,2024-04-25,15.03,Real
CL0011,2024-04-26,13.67,Estimada
CL0011,2024-04-27,21.69,Real
CL0011,2024-04-28,21.37,Real
CL0011,2024-04-29,15.93,Real
CL0011,2024-04-30,18.41,Estimada
CL0011,2024-05-01,8.28,Real
CL0011,2024-05-02,20.32,Real
CL0011,2024-05-03,11.86,Real
CL0011,2024-05-04,8.25,Real
CL0011,2024-05-05,28.3,Real
CL0011,2024-05-06,20.3,Real
CL0011,2024-05-07,12.74,Estimada
CL0011,2024-05-08,14.12,Real
CL0011,2024-05-09,13.39,Real
CL0011,2024-05-10,17.37,Real
CL0011,2024-05-11,25.62,Real
CL0011,2024-05-12,6.49,Real
CL0011,2024-05-13,11.03,Real
CL0011,2024-05-14,18.03,Real
CL0011,2024-05-15,23.13,Real
CL0011,2024-05-16,17.07,Real
CL0011,2024-05-17,13.83,Estimada
CL0011,2024-05-18,15.94,Estimada
CL0011,2024-05-19,17.33,Estimada
CL0011,2024-05-20,12.46,Estimada
CL0011,2024-05-21,13.32,Real
CL0011,2024-05-22,17.55,Real
CL0011,2024-05-23,17.63,Real
CL0011,2024-05-24,15.93,Real
CL0011,2024-05-25,14.53,Real
CL0011,2024-05-26,16.01,Real
CL0011,2024-05-27,9.17,Real
CL0011,2024-05-28,18.12,Real
CL0011,2024-05-29,18.96,Real
CL0011,2024-05-30,19.3,Real
CL0011,2024-05-31,13.38,Real
CL0011,2024-06-01,28.43,Real
CL0011,2024-06-02,28.32,Real
CL0011,2024-06-03,15.26,Real
CL0011,2024-06-04,19.99,Real
CL0011,2024-06-05,17.64,Estimada
CL0011,2024-06-06,22.9,Real
CL0011,2024-06-07,20.69,Real
CL0011,2024-06-08,30.74,Real
CL0011,2024-06-09,34.56,Real
CL0011,2024-06-10,16.46,Real
CL0011,2024-06-11,14.97,Real
CL0011,2024-06-12,17.56,Real
CL0011,2024-06-13,17.08,Real
CL0011,2024-06-14,18.51,Real
CL0011,2024-06-15,34.07,Real
CL0011,2024-06-16,24.71,Real
CL0011,2024-06-17,17.72,Real
CL0011,2024-06-18,21.88,Real
CL0011,2024-06-19,14.24,Real
CL0011,2024-06-20,25.73,Real
CL0011,2024-06-21,24.04,Real
CL0011,2024-06-22,34.02,Real
CL0011,2024-06-23,26.65,Real
CL0011,2024-06-24,20.1,Real
CL0011,2024-06-25,16.81,Real
CL0011,2024-06-26,16.58,Real
CL0011,2024-06-27,19.22,Real
CL0011,2024-06-28,16.08,Real
CL0012,2024-01-01,56.33,Real
CL0012,2024-01-02,59.45,Real
CL0012,2024-01-03,63.87,Real
CL0012,2024-01-04,55.92,Real
CL0012,2024-01-05,50.03,Real
CL0012,2024-01-06,84.7,Real
CL0012,2024-01-07,44.54,Real
CL0012,2024-01-08,81.18,Real
CL0012,2024-01-09,57.8,Real
CL0012,2024-01-10,52.71,Real
CL0012,2024-01-11,43.53,Real
CL0012,2024-01-12,72.08,Real
CL0012,2024-01-13,46.57,Real
CL0012,2024-01-14,19.22,Real
CL0012,2024-01-15,68.53,Real
CL0012,2024-01-16,46.14,Real
CL0012,2024-01-17,52.69,Real
CL0012,2024-01-18,55.62,Real
CL0012,2024-01-19,70.18,Real
CL0012,2024-01-20,53.58,Real
CL0012,2024-01-21,34.15,Real
CL0012,2024-01-22,60.45,Real
CL0012,2024-01-23,48.55,Real
CL0012,2024-01-24,60.49,Real
CL0012,2024-01-25,54.86,Real
CL0012,2024-01-26,55.31,Real
CL0012,2024-01-27,44.78,Real
CL0012,2024-01-28,63.11,Real
CL0012,2024-01-29,56.62,Real
CL0012,2024-01-30,56.08,Real
CL0012,2024-01-31,69.77,Real
CL0012,2024-02-01,58.43,Estimada
CL0012,2024-02-02,26.3,Real
CL0012,2024-02-03,30.91,Real
CL0012,2024-02-04,48.39,Real
CL0012,2024-02-05,63.14,Real
CL0012,2024-02-06,57.24,Real
CL0012,2024-02-07,61.43,Real
CL0012,2024-02-08,50.51,Real
CL0012,2024-02-09,48.09,Real
CL0012,2024-02-10,31.78,Real
CL0012,2024-02-11,41.35,Real
CL0012,2024-02-12,58.09,Real
CL0012,2024-02-13,24.99,Real
CL0012,2024-02-14,65.12,Real
CL0012,2024-02-15,37.34,Real
CL0012,2024-02-16,44.72,Real
CL0012,2024-02-17,23.81,Real
CL0012,2024-02-18,55.02,Real
CL0012,2024-02-19,15.69,Estimada
CL0012,2024-02-20,35.54,Real
CL0012,2024-02-21,46.75,Real
CL0012,2024-02-22,64.77,Estimada
CL0012,2024-02-23,44.35,Real
CL0012,2024-02-24,5.65,Real
CL0012,2024-02-25,20.71,Real
CL0012,2024-02-26,52.56,Real
CL0012,2024-02-27,62.13,Real
CL0012,2024-02-28,46.74,Real
CL0012,2024-02-29,58.28,Estimada
CL0012,2024-03-01,53.58,Real
CL0012,2024-03-02,45.13,Estimada
CL0012,2024-03-03,21.58,Real
CL0012,2024-03-04,34.91,Real
CL0012,2024-03-05,0.5,Real
CL0012,2024-03-06,68.19,Real
CL0012,2024-03-07,42.4,Real
CL0012,2024-03-08,59.94,Estimada
CL0012,2024-03-09,30.99,Real
CL0012,2024-03-10,30.53,Real
CL0012,2024-03-11,23.36,Real
CL0012,2024-03-12,57.57,Real
CL0012,2024-03-13,63.82,Real
CL0012,2024-03-14,35.51,Real
CL0012,2024-03-15,21.34,Real
CL0012,2024-03-16,39.54,Real
CL0012,2024-03-17,51.01,Real
CL0012,2024-03-18,43.66,Real
CL0012,2024-03-19,33.65,Real
CL0012,2024-03-20,47.49,Real
CL0012,2024-03-21,56.05,Real
CL0012,2024-03-22,52.08,Real
CL0012,2024-03-23,23.07,Estimada
CL0012,2024-03-24,30.47,Real
CL0012,2024-03-25,46.92,Real
CL0012,2024-03-26,47.08,Real
CL0012,2024-03-27,61.68,Real
CL0012,2024-03-28,12.28,Real
CL0012,2024-03-29,75.58,Real
CL0012,2024-03-30,65.21,Real
CL0012,2024-03-31,54.96,Real
CL0012,2024-04-01,68.85,Real
CL0012,2024-04-02,48.83,Real
CL0012,2024-04-03,51.25,Real
CL0012,2024-04-04,60.42,Real
CL0012,2024-04-05,64.68,Real
CL0012,2024-04-06,12.87,Real
CL0012,2024-04-07,31.87,Real
CL0012,2024-04-08,45.32,Real
CL0012,2024-04-09,59.63,Real
CL0012,2024-04-10,34.41,Real
CL0012,2024-04-11,43.34,Real
CL0012,2024-04-12,39.42,Real
CL0012,2024-04-13,5.07,Real
CL0012,2024-04-14,51.78,Real
CL0012,2024-04-15,44.72,Estimada
CL0012,2024-04-16,36.44,Real
CL0012,2024-04-17,39.8,Real
CL0012,2024-04-18,64.69,Real
CL0012,2024-04-19,55.71,Real
CL0012,2024-04-20,27.55,Real
CL0012,2024-04-21,41.0,Real
CL0012,2024-04-22,45.45,Real
CL0012,2024-04-23,56.37,Real
CL0012,2024-04-24,30.09,Real
CL0012,2024-04-25,44.39,Real
CL0012,2024-04-26,66.25,Real
CL0012,2024-04-27,51.17,Real
CL0012,2024-04-28,38.23,Real
CL0012,2024-04-29,75.72,Real
CL0012,2024-04-30,60.7,Real
CL0012,2024-05-01,70.55,Real
CL0012,2024-05-02,50.25,Real
CL0012,2024-05-03,80.58,Real
CL0012,2024-05-04,42.38,Real
CL0012,2024-05-05,58.2,Real
CL0012,2024-05-06,39.57,Real
CL0012,2024-05-07,35.3,Real
CL0012,2024-05-08,56.53,Real
CL0012,2024-05-09,87.54,Real
CL0012,2024-05-10,41.7,Real
CL0012,2024-05-11,8.52,Real
CL0012,2024-05-12,35.71,Real
CL0012,2024-05-13,81.67,Real
CL0012,2024-05-14,78.24,Real
CL0012,2024-05-15,68.92,Real
CL0012,2024-05-16,63.21,Real
CL0012,2024-05-17,64.82,Estimada
CL0012,2024-05-18,62.94,Real
CL0012,2024-05-19,47.0,Real
CL0012,2024-05-20,61.82,Real
CL0012,2024-05-21,16.45,Real
CL0012,2024-05-22,46.51,Real
CL0012,2024-05-23,53.93,Real
CL0012,2024-05-24,52.1,Real
CL0012,2024-05-25,48.73,Real
CL0012,2024-05-26,25.04,Real
CL0012,2024-05-27,59.87,Real
CL0012,2024-05-28,82.54,Real
CL0012,2024-05-29,63.56,Real
CL0012,2024-05-30,53.5,Real
CL0012,2024-05-31,84.82,Estimada
CL0012,2024-06-01,52.62,Real
CL0012,2024-06-02,65.13,Estimada
CL0012,2024-06-03,65.13,Real
CL0012,2024-06-04,44.51,Real
CL0012,2024-06-05,74.01,Estimada
CL0012,2024-06-06,94.47,Real
CL0012,2024-06-07,68.38,Real
CL0012,2024-06-08,47.51,Real
CL0012,2024-06-09,34.09,Estimada
CL0012,2024-06-10,81.19,Real
CL0012,2024-06-11,66.13,Real
CL0012,2024-06-12,51.35,Real
CL0012,2024-06-13,69.88,Real
CL0012,2024-06-14,86.75,Real
CL0012,2024-06-15,48.18,Real
CL0012,2024-06-16,45.5,Real
CL0012,2024-06-17,91.03,Real
CL0012,2024-06-18,96.26,Real
CL0012,2024-06-19,93.91,Real
CL0012,2024-06-20,66.49,Real
CL0012,2024-06-21,90.32,Real
CL0012,2024-06-22,51.74,Real
CL0012,2024-06-23,51.39,Real
CL0012,2024-06-24,74.13,Real
CL0012,2024-06-25,55.72,Real
CL0012,2024-06-26,61.53,Real
CL0012,2024-06-27,57.88,Real
CL0012,2024-06-28,81.85,Real
CL0013,2024-01-01,39.33,Real
CL0013,2024-01-02,67.14,Real
CL0013,2024-01-03,81.57,Real
CL0013,2024-01-04,100.63,Real
CL0013,2024-01-05,64.61,Real
CL0013,2024-01-06,54.79,Real
CL0013,2024-01-07,39.9,Real
CL0013,2024-01-08,94.04,Real
CL0013,2024-01-09,91.83,Real
CL0013,2024-01-10,77.71,Estimada
CL0013,2024-01-11,84.73,Real
CL0013,2024-01-12,82.24,Real
CL0013,2024-01-13,92.13,Real
CL0013,2024-01-14,84.72,Real
CL0013,2024-01-15,116.85,Real
CL0013,2024-01-16,64.87,Estimada
CL0013,2024-01-17,87.92,Real
CL0013,2024-01-18,91.24,Real
CL0013,2024-01-19,104.09,Estimada
CL0013,2024-01-20,48.18,Real
CL0013,2024-01-21,57.24,Real
CL0013,2024-01-22,56.04,Real
CL0013,2024-01-23,69.29,Real
CL0013,2024-01-24,98.32,Real
CL0013,2024-01-25,99.09,Real
CL0013,2024-01-26,66.42,Real
CL0013,2024-01-27,38.54,Real
CL0013,2024-01-28,55.72,Real
CL0013,2024-01-29,70.63,Real
CL0013,2024-01-30,112.45,Real
CL0013,2024-01-31,72.2,Real
CL0013,2024-02-01,85.64,Real
CL0013,2024-02-02,87.53,Real
CL0013,2024-02-03,65.52,Real
CL0013,2024-02-04,39.11,Estimada
CL0013,2024-02-05,38.33,Estimada
CL0013,2024-02-06,72.61,Real
CL0013,2024-02-07,78.61,Real
CL0013,2024-02-08,37.89,Real
CL0013,2024-02-09,61.99,Real
CL0013,2024-02-10,31.44,Real
CL0013,2024-02-11,74.75,Real
CL0013,2024-02-12,66.41,Real
CL0013,2024-02-13,107.64,Real
CL0013,2024-02-14,85.14,Real
CL0013,2024-02-15,87.56,Real
CL0013,2024-02-16,96.61,Real
CL0013,2024-02-17,54.57,Real
CL0013,2024-02-18,56.23,Real
CL0013,2024-02-19,64.89,Real
CL0013,2024-02-20,61.24,Real
CL0013,2024-02-21,30.24,Real
CL0013,2024-02-22,78.84,Real
CL0013,2024-02-23,56.43,Real
CL0013,2024-02-24,31.19,Estimada
CL0013,2024-02-25,78.2,Real
CL0013,2024-02-26,86.91,Real
CL0013,2024-02-27,126.05,Real
CL0013,2024-02-28,75.4,Real
CL0013,2024-02-29,74.05,Real
CL0013,2024-03-01,54.15,Real
CL0013,2024-03-02,35.7,Real
CL0013,2024-03-03,32.3,Real
CL0013,2024-03-04,78.97,Real
CL0013,2024-03-05,71.97,Real
CL0013,2024-03-06,89.2,Real
CL0013,2024-03-07,94.83,Real
CL0013,2024-03-08,85.18,Real
CL0013,2024-03-09,22.7,Real
CL0013,2024-03-10,50.16,Real
CL0013,2024-03-11,94.24,Real
CL0013,2024-03-12,26.77,Real
CL0013,2024-03-13,64.16,Real
CL0013,2024-03-14,77.94,Real
CL0013,2024-03-15,31.41,Real
CL0013,2024-03-16,46.84,Estimada
CL0013,2024-03-17,47.57,Real
CL0013,2024-03-18,65.55,Real
CL0013,2024-03-19,72.0,Real
CL0013,2024-03-20,52.02,Real
CL0013,2024-03-21,56.36,Real
CL0013,2024-03-22,75.71,Real
CL0013,2024-03-23,65.27,Estimada
CL0013,2024-03-24,52.37,Real
CL0013,2024-03-25,19.5,Real
CL0013,2024-03-26,54.22,Real
CL0013,2024-03-27,22.86,Real
CL0013,2024-03-28,54.17,Real
CL0013,2024-03-29,95.0,Real
CL0013,2024-03-30,30.21,Real
CL0013,2024-03-31,40.2,Real
CL0013,2024-04-01,96.56,Real
CL0013,2024-04-02,51.18,Real
CL0013,2024-04-03,41.62,Real
CL0013,2024-04-04,82.99,Real
CL0013,2024-04-05,92.2,Real
CL0013,2024-04-06,59.68,Real
CL0013,2024-04-07,7.88,Real
CL0013,2024-04-08,75.05,Real
CL0013,2024-04-09,66.51,Real
CL0013,2024-04-10,73.69,Real
CL0013,2024-04-11,68.22,Real
CL0013,2024-04-12,35.35,Real
CL0013,2024-04-13,60.07,Real
CL0013,2024-04-14,58.42,Real
CL0013,2024-04-15,64.25,Real
CL0013,2024-04-16,75.82,Estimada
CL0013,2024-04-17,75.8,Real
CL0013,2024-04-18,63.35,Real
CL0013,2024-04-19,25.48,Real
CL0013,2024-04-20,82.46,Real
CL0013,2024-04-21,53.7,Real
CL0013,2024-04-22,66.14,Real
CL0013,2024-04-23,61.51,Real
CL0013,2024-04-24,77.98,Real
CL0013,2024-04-25,92.48,Real
CL0013,2024-04-26,43.63,Real
CL0013,2024-04-27,47.58,Real
CL0013,2024-04-28,43.98,Real
CL0013,2024-04-29,72.96,Real
CL0013,2024-04-30,39.26,Real
CL0013,2024-05-01,76.57,Real
CL0013,2024-05-02,82.44,Real
CL0013,2024-05-03,90.59,Real
CL0013,2024-05-04,73.53,Estimada
CL0013,2024-05-05,48.53,Real
CL0013,2024-05-06,87.15,Real
CL0013,2024-05-07,72.0,Real
CL0013,2024-05-08,76.99,Real
CL0013,2024-05-09,93.2,Real
CL0013,2024-05-10,88.28,Real
CL0013,2024-05-11,29.61,Real
CL0013,2024-05-12,63.67,Real
CL0013,2024-05-13,104.58,Real
CL0013,2024-05-14,93.14,Real
CL0013,2024-05-15,103.74,Real
CL0013,2024-05-16,89.59,Estimada
CL0013,2024-05-17,75.67,Real
CL0013,2024-05-18,44.68,Real
CL0013,2024-05-19,66.04,Real
CL0013,2024-05-20,57.71,Real
CL0013,2024-05-21,102.12,Real
CL0013,2024-05-22,92.15,Real
CL0013,2024-05-23,92.56,Real
CL0013,2024-05-24,86.73,Real
CL0013,2024-05-25,75.25,Real
CL0013,2024-05-26,67.97,Real
CL0013,2024-05-27,92.01,Estimada
CL0013,2024-05-28,82.54,Real
CL0013,2024-05-29,43.42,Real
CL0013,2024-05-30,43.1,Real
CL0013,2024-05-31,118.51,Real
CL0013,2024-06-01,56.9,Real
CL0013,2024-06-02,57.44,Real
CL0013,2024-06-03,96.91,Real
CL0013,2024-06-04,110.65,Real
CL0013,2024-06-05,94.51,Real
CL0013,2024-06-06,88.24,Real
CL0013,2024-06-07,83.31,Real
CL0013,2024-06-08,63.33,Real
CL0013,2024-06-09,62.23,Real
CL0013,2024-06-10,107.29,Real
CL0013,2024-06-11,108.17,Real
CL0013,2024-06-12,73.44,Real
CL0013,2024-06-13,105.4,Real
CL0013,2024-06-14,102.37,Real
CL0013,2024-06-15,71.95,Real
CL0013,2024-06-16,70.65,Real
CL0013,2024-06-17,83.22,Real
CL0013,2024-06-18,114.13,Estimada
CL0013,2024-06-19,66.21,Real
CL0013,2024-06-20,100.67,Real
CL0013,2024-06-21,88.79,Real
CL0013,2024-06-22,118.36,Real
CL0013,2024-06-23,67.84,Real
CL0013,2024-06-24,90.75,Real
CL0013,2024-06-25,71.83,Real
CL0013,2024-06-26,114.19,Real
CL0013,2024-06-27,108.71,Estimada
CL0013,2024-06-28,123.2,Real
CL0014,2024-01-01,50.63,Real
CL0014,2024-01-02,80.81,Real
CL0014,2024-01-03,62.37,Real
CL0014,2024-01-04,64.96,Real
CL0014,2024-01-05,84.69,Real
CL0014,2024-01-06,65.61,Real
CL0014,2024-01-07,25.64,Real
CL0014,2024-01-08,71.41,Real
CL0014,2024-01-09,65.43,Real
CL0014,2024-01-10,63.69,Real
CL0014,2024-01-11,94.82,Real
CL0014,2024-01-12,69.9,Real
CL0014,2024-01-13,67.02,Real
CL0014,2024-01-14,67.08,Real
CL0014,2024-01-15,64.67,Real
CL0014,2024-01-16,80.31,Real
CL0014,2024-01-17,82.43,Real
CL0014,2024-01-18,56.09,Real
CL0014,2024-01-19,53.46,Real
CL0014,2024-01-20,62.54,Real
CL0014,2024-01-21,62.82,Real
CL0014,2024-01-22,110.0,Real
CL0014,2024-01-23,92.96,Real
CL0014,2024-01-24,73.94,Real
CL0014,2024-01-25,83.19,Real
CL0014,2024-01-26,80.54,Real
CL0014,2024-01-27,76.58,Real
CL0014,2024-01-28,77.76,Real
CL0014,2024-01-29,51.24,Real
CL0014,2024-01-30,67.18,Real
CL0014,2024-01-31,100.48,Real
CL0014,2024-02-01,49.6,Real
CL0014,2024-02-02,70.07,Real
CL0014,2024-02-03,53.88,Real
CL0014,2024-02-04,32.09,Real
CL0014,2024-02-05,40.25,Real
CL0014,2024-02-06,61.65,Real
CL0014,2024-02-07,16.88,Real
CL0014,2024-02-08,110.03,Real
CL0014,2024-02-09,86.14,Real
CL0014,2024-02-10,36.77,Real
CL0014,2024-02-11,40.92,Real
CL0014,2024-02-12,52.9,Real
CL0014,2024-02-13,71.49,Real
CL0014,2024-02-14,53.06,Real
CL0014,2024-02-15,87.47,Real
CL0014,2024-02-16,38.44,Real
CL0014,2024-02-17,48.54,Real
CL0014,2024-02-18,47.79,Real
CL0014,2024-02-19,55.65,Real
CL0014,2024-02-20,53.84,Real
CL0014,2024-02-21,18.71,Real
CL0014,2024-02-22,70.99,Real
CL0014,2024-02-23,52.41,Real
CL0014,2024-02-24,52.3,Real
CL0014,2024-02-25,59.88,Estimada
CL0014,2024-02-26,50.3,Real
CL0014,2024-02-27,66.1,Real
CL0014,2024-02-28,61.29,Real
CL0014,2024-02-29,82.51,Real
CL0014,2024-03-01,44.05,Real
CL0014,2024-03-02,0.5,Estimada
CL0014,2024-03-03,44.84,Real
CL0014,2024-03-04,78.25,Real
CL0014,2024-03-05,74.54,Real
CL0014,2024-03-06,61.37,Real
CL0014,2024-03-07,84.99,Real
CL0014,2024-03-08,68.09,Real
CL0014,2024-03-09,40.32,Real
CL0014,2024-03-10,24.5,Estimada
CL0014,2024-03-11,29.41,Real
CL0014,2024-03-12,62.93,Real
CL0014,2024-03-13,58.3,Real
CL0014,2024-03-14,69.96,Real
CL0014,2024-03-15,51.98,Real
CL0014,2024-03-16,17.4,Real
CL0014,2024-03-17,35.56,Real
CL0014,2024-03-18,58.82,Real
CL0014,2024-03-19,30.85,Real
CL0014,2024-03-20,32.49,Real
CL0014,2024-03-21,63.66,Real
CL0014,2024-03-22,62.33,Estimada
CL0014,2024-03-23,15.58,Real
CL0014,2024-03-24,48.45,Real
CL0014,2024-03-25,91.55,Real
CL0014,2024-03-26,50.63,Real
CL0014,2024-03-27,68.3,Real
CL0014,2024-03-28,85.8,Real
CL0014,2024-03-29,72.65,Real
CL0014,2024-03-30,53.61,Real
CL0014,2024-03-31,46.94,Real
CL0014,2024-04-01,83.15,Real
CL0014,2024-04-02,44.76,Real
CL0014,2024-04-03,58.84,Real
CL0014,2024-04-04,70.27,Real
CL0014,2024-04-05,61.88,Real
CL0014,2024-04-06,69.89,Real
CL0014,2024-04-07,26.86,Estimada
CL0014,2024-04-08,87.59,Real
CL0014,2024-04-09,83.66,Real
CL0014,2024-04-10,42.87,Real
CL0014,2024-04-11,73.22,Real
CL0014,2024-04-12,51.49,Estimada
CL0014,2024-04-13,43.28,Real
CL0014,2024-04-14,48.81,Real
CL0014,2024-04-15,41.85,Real
CL0014,2024-04-16,64.33,Real
CL0014,2024-04-17,58.86,Real
CL0014,2024-04-18,80.64,Real
CL0014,2024-04-19,82.85,Estimada
CL0014,2024-04-20,24.88,Real
CL0014,2024-04-21,58.35,Real
CL0014,2024-04-22,48.47,Real
CL0014,2024-04-23,61.62,Estimada
CL0014,2024-04-24,49.6,Real
CL0014,2024-04-25,96.94,Real
CL0014,2024-04-26,58.5,Estimada
CL0014,2024-04-27,19.89,Estimada
CL0014,2024-04-28,37.55,Real
CL0014,2024-04-29,25.12,Estimada
CL0014,2024-04-30,57.14,Real
CL0014,2024-05-01,84.72,Real
CL0014,2024-05-02,31.15,Real
CL0014,2024-05-03,80.5,Real
CL0014,2024-05-04,25.05,Real
CL0014,2024-05-05,62.68,Estimada
CL0014,2024-05-06,60.2,Real
CL0014,2024-05-07,79.01,Real
CL0014,2024-05-08,71.2,Real
CL0014,2024-05-09,31.56,Real
CL0014,2024-05-10,38.38,Real
CL0014,2024-05-11,66.86,Real
CL0014,2024-05-12,52.13,Real
CL0014,2024-05-13,74.91,Estimada
CL0014,2024-05-14,83.98,Real
CL0014,2024-05-15,57.61,Real
CL0014,2024-05-16,95.13,Real
CL0014,2024-05-17,61.53,Real
CL0014,2024-05-18,35.45,Real
CL0014,2024-05-19,54.42,Estimada
CL0014,2024-05-20,64.4,Real
CL0014,2024-05-21,67.8,Real
CL0014,2024-05-22,68.43,Real
CL0014,2024-05-23,83.02,Real
CL0014,2024-05-24,54.47,Real
CL0014,2024-05-25,69.43,Real
CL0014,2024-05-26,52.44,Real
CL0014,2024-05-27,72.9,Real
CL0014,2024-05-28,63.25,Real
CL0014,2024-05-29,50.13,Real
CL0014,2024-05-30,74.27,Real
CL0014,2024-05-31,68.66,Real
CL0014,2024-06-01,78.71,Real
CL0014,2024-06-02,47.46,Real
CL0014,2024-06-03,100.49,Real
CL0014,2024-06-04,77.61,Real
CL0014,2024-06-05,61.52,Real
CL0014,2024-06-06,81.63,Real
CL0014,2024-06-07,63.85,Estimada
CL0014,2024-06-08,65.33,Real
CL0014,2024-06-09,62.4,Real
CL0014,2024-06-10,92.91,Real
CL0014,2024-06-11,83.81,Estimada
CL0014,2024-06-12,81.51,Real
CL0014,2024-06-13,92.99,Real
CL0014,2024-06-14,119.83,Real
CL0014,2024-06-15,74.91,Real
CL0014,2024-06-16,59.96,Real
CL0014,2024-06-17,73.45,Real
CL0014,2024-06-18,73.2,Real
CL0014,2024-06-19,99.55,Real
CL0014,2024-06-20,78.32,Real
CL0014,2024-06-21,95.16,Real
CL0014,2024-06-22,56.24,Real
CL0014,2024-06-23,49.55,Estimada
CL0014,2024-06-24,83.68,Real
CL0014,2024-06-25,100.33,Real
CL0014,2024-06-26,80.16,Real
CL0014,2024-06-27,85.94,Real
CL0014,2024-06-28,76.21,Estimada
CL0015,2024-01-01,10.78,Real
CL0015,2024-01-02,11.72,Real
CL0015,2024-01-03,19.94,Real
CL0015,2024-01-04,21.83,Real
CL0015,2024-01-05,19.77,Real
CL0015,2024-01-06,30.14,Real
CL0015,2024-01-07,29.45,Real
CL0015,2024-01-08,13.4,Real
CL0015,2024-01-09,20.91,Real
CL0015,2024-01-10,23.25,Estimada
CL0015,2024-01-11,19.95,Real
CL0015,2024-01-12,24.85,Real
CL0015,2024-01-13,19.1,Real
CL0015,2024-01-14,32.97,Real
CL0015,2024-01-15,14.86,Real
CL0015,2024-01-16,24.97,Real
CL0015,2024-01-17,21.63,Real
CL0015,2024-01-18,13.79,Real
CL0015,2024-01-19,21.59,Real
CL0015,2024-01-20,25.91,Real
CL0015,2024-01-21,21.92,Real
CL0015,2024-01-22,14.81,Real
CL0015,2024-01-23,20.96,Real
CL0015,2024-01-24,22.42,Real
CL0015,2024-01-25,18.3,Real
CL0015,2024-01-26,17.81,Real
CL0015,2024-01-27,22.06,Real
CL0015,2024-01-28,24.58,Real
CL0015,2024-01-29,12.35,Real
CL0015,2024-01-30,20.55,Real
CL0015,2024-01-31,21.86,Real
CL0015,2024-02-01,22.3,Real
CL0015,2024-02-02,24.93,Real
CL0015,2024-02-03,25.34,Real
CL0015,2024-02-04,5.38,Real
CL0015,2024-02-05,22.34,Estimada
CL0015,2024-02-06,5.51,Real
CL0015,2024-02-07,15.93,Real
CL0015,2024-02-08,19.11,Real
CL0015,2024-02-09,15.08,Real
CL0015,2024-02-10,28.81,Real
CL0015,2024-02-11,27.88,Real
CL0015,2024-02-12,17.72,Estimada
CL0015,2024-02-13,21.52,Real
CL0015,2024-02-14,6.91,Real
CL0015,2024-02-15,15.9,Real
CL0015,2024-02-16,16.54,Real
CL0015,2024-02-17,26.49,Real
CL0015,2024-02-18,17.58,Real
CL0015,2024-02-19,12.5,Real
CL0015,2024-02-20,17.33,Real
CL0015,2024-02-21,11.39,Real
CL0015,2024-02-22,7.21,Real
CL0015,2024-02-23,17.94,Real
CL0015,2024-02-24,15.4,Estimada
CL0015,2024-02-25,18.67,Real
CL0015,2024-02-26,18.05,Real
CL0015,2024-02-27,18.64,Real
CL0015,2024-02-28,11.17,Real
CL0015,2024-02-29,6.19,Real
CL0015,2024-03-01,9.83,Real
CL0015,2024-03-02,18.97,Real
CL0015,2024-03-03,20.32,Real
CL0015,2024-03-04,14.64,Real
CL0015,2024-03-05,12.1,Real
CL0015,2024-03-06,15.17,Estimada
CL0015,2024-03-07,7.25,Real
CL0015,2024-03-08,6.86,Real
CL0015,2024-03-09,10.71,Real
CL0015,2024-03-10,34.21,Real
CL0015,2024-03-11,20.44,Estimada
CL0015,2024-03-12,7.88,Real
CL0015,2024-03-13,18.06,Real
CL0015,2024-03-14,11.06,Real
CL0015,2024-03-15,9.29,Real
CL0015,2024-03-16,16.22,Real
CL0015,2024-03-17,20.4,Real
CL0015,2024-03-18,13.46,Real
CL0015,2024-03-19,10.5,Real
CL0015,2024-03-20,17.17,Real
CL0015,2024-03-21,19.9,Real
CL0015,2024-03-22,8.2,Real
CL0015,2024-03-23,24.67,Real
CL0015,2024-03-24,21.42,Real
CL0015,2024-03-25,17.5,Real
CL0015,2024-03-26,12.65,Estimada
CL0015,2024-03-27,9.94,Real
CL0015,2024-03-28,12.55,Real
CL0015,2024-03-29,9.01,Real
CL0015,2024-03-30,26.27,Real
CL0015,2024-03-31,20.11,Real
CL0015,2024-04-01,5.6,Real
CL0015,2024-04-02,26.52,Real
CL0015,2024-04-03,17.36,Real
CL0015,2024-04-04,17.71,Real
CL0015,2024-04-05,19.65,Estimada
CL0015,2024-04-06,26.27,Real
CL0015,2024-04-07,27.35,Real
CL0015,2024-04-08,15.58,Real
CL0015,2024-04-09,5.36,Real
CL0015,2024-04-10,15.34,Real
CL0015,2024-04-11,17.07,Estimada
CL0015,2024-04-12,24.53,Real
CL0015,2024-04-13,20.47,Real
CL0015,2024-04-14,19.15,Real
CL0015,2024-04-15,11.56,Real
CL0015,2024-04-16,9.58,Real
CL0015,2024-04-17,13.81,Real
CL0015,2024-04-18,8.28,Real
CL0015,2024-04-19,17.82,Real
CL0015,2024-04-20,17.25,Real
CL0015,2024-04-21,20.68,Real
CL0015,2024-04-22,5.07,Real
CL0015,2024-04-23,22.55,Real
CL0015,2024-04-24,18.04,Real
CL0015,2024-04-25,23.7,Real
CL0015,2024-04-26,4.82,Real
CL0015,2024-04-27,13.66,Real
CL0015,2024-04-28,29.22,Real
CL0015,2024-04-29,7.4,Real
CL0015,2024-04-30,22.89,Real
CL0015,2024-05-01,12.72,Real
CL0015,2024-05-02,23.15,Real
CL0015,2024-05-03,5.14,Real
CL0015,2024-05-04,22.47,Real
CL0015,2024-05-05,29.0,Estimada
CL0015,2024-05-06,9.73,Real
CL0015,2024-05-07,18.79,Real
CL0015,2024-05-08,22.27,Estimada
CL0015,2024-05-09,27.09,Real
CL0015,2024-05-10,9.89,Estimada
CL0015,2024-05-11,14.72,Real
CL0015,2024-05-12,26.51,Real
CL0015,2024-05-13,9.67,Real
CL0015,2024-05-14,21.76,Real
CL0015,2024-05-15,21.25,Real
CL0015,2024-05-16,20.17,Estimada
CL0015,2024-05-17,16.88,Real
CL0015,2024-05-18,23.36,Real
CL0015,2024-05-19,27.47,Real
CL0015,2024-05-20,18.23,Real
CL0015,2024-05-21,20.46,Real
CL0015,2024-05-22,16.4,Real
CL0015,2024-05-23,22.65,Real
CL0015,2024-05-24,15.19,Real
CL0015,2024-05-25,27.86,Real
CL0015,2024-05-26,21.26,Real
CL0015,2024-05-27,16.91,Real
CL0015,2024-05-28,17.34,Real
CL0015,2024-05-29,8.69,Real
CL0015,2024-05-30,26.14,Real
CL0015,2024-05-31,21.0,Real
CL0015,2024-06-01,27.42,Real
CL0015,2024-06-02,25.58,Real
CL0015,2024-06-03,24.32,Real
CL0015,2024-06-04,24.9,Real
CL0015,2024-06-05,19.53,Real
CL0015,2024-06-06,26.8,Real
CL0015,2024-06-07,18.86,Estimada
CL0015,2024-06-08,29.98,Real
CL0015,2024-06-09,32.69,Real
CL0015,2024-06-10,13.15,Real
CL0015,2024-06-11,25.53,Real
CL0015,2024-06-12,16.76,Estimada
CL0015,2024-06-13,24.28,Real
CL0015,2024-06-14,24.22,Real
CL0015,2024-06-15,30.1,Real
CL0015,2024-06-16,31.08,Real
CL0015,2024-06-17,29.02,Real
CL0015,2024-06-18,14.43,Real
CL0015,2024-06-19,21.75,Real
CL0015,2024-06-20,21.67,Real
CL0015,2024-06-21,11.42,Real
CL0015,2024-06-22,28.34,Real
CL0015,2024-06-23,32.1,Real
CL0015,2024-06-24,27.9,Real
CL0015,2024-06-25,31.5,Real
CL0015,2024-06-26,27.72,Real
CL0015,2024-06-27,22.09,Real
CL0015,2024-06-28,21.27,Real
CL0016,2024-01-01,23.78,Real
CL0016,2024-01-02,23.5,Real
CL0016,2024-01-03,25.63,Real
CL0016,2024-01-04,17.06,Real
CL0016,2024-01-05,17.63,Real
CL0016,2024-01-06,27.83,Real
CL0016,2024-01-07,30.11,Real
CL0016,2024-01-08,9.54,Real
CL0016,2024-01-09,21.9,Real
CL0016,2024-01-10,25.13,Real
CL0016,2024-01-11,11.73,Estimada
CL0016,2024-01-12,25.28,Estimada
CL0016,2024-01-13,22.01,Real
CL0016,2024-01-14,26.83,Real
CL0016,2024-01-15,19.18,Real
CL0016,2024-01-16,13.5,Real
CL0016,2024-01-17,12.24,Real
CL0016,2024-01-18,26.82,Real
CL0016,2024-01-19,13.9,Real
CL0016,2024-01-20,24.45,Estimada
CL0016,2024-01-21,36.35,Real
CL0016,2024-01-22,19.34,Real
CL0016,2024-01-23,12.76,Real
CL0016,2024-01-24,11.21,Real
CL0016,2024-01-25,25.68,Real
CL0016,2024-01-26,20.08,Real
CL0016,2024-01-27,16.19,Estimada
CL0016,2024-01-28,18.6,Real
CL0016,2024-01-29,17.74,Estimada
CL0016,2024-01-30,17.87,Real
CL0016,2024-01-31,24.73,Real
CL0016,2024-02-01,13.54,Real
CL0016,2024-02-02,3.88,Real
CL0016,2024-02-03,25.7,Real
CL0016,2024-02-04,25.91,Real
CL0016,2024-02-05,12.49,Estimada
CL0016,2024-02-06,22.62,Real
CL0016,2024-02-07,21.92,Estimada
CL0016,2024-02-08,13.41,Real
CL0016,2024-02-09,15.02,Real
CL0016,2024-02-10,22.17,Real
CL0016,2024-02-11,16.51,Real
CL0016,2024-02-12,12.7,Real
CL0016,2024-02-13,17.22,Real
CL0016,2024-02-14,24.45,Real
CL0016,2024-02-15,19.26,Real
CL0016,2024-02-16,21.76,Real
CL0016,2024-02-17,25.62,Real
CL0016,2024-02-18,25.56,Real
CL0016,2024-02-19,9.0,Real
CL0016,2024-02-20,5.1,Estimada
CL0016,2024-02-21,15.4,Estimada
CL0016,2024-02-22,9.84,Estimada
CL0016,2024-02-23,12.14,Real
CL0016,2024-02-24,21.99,Estimada
CL0016,2024-02-25,15.84,Real
CL0016,2024-02-26,16.29,Real
CL0016,2024-02-27,12.35,Real
CL0016,2024-02-28,13.72,Real
CL0016,2024-02-29,10.51,Real
CL0016,2024-03-01,11.7,Real
CL0016,2024-03-02,20.13,Real
CL0016,2024-03-03,22.26,Real
CL0016,2024-03-04,14.09,Real
CL0016,2024-03-05,10.95,Real
CL0016,2024-03-06,26.44,Real
CL0016,2024-03-07,19.63,Real
CL0016,2024-03-08,16.24,Real
CL0016,2024-03-09,26.55,Real
CL0016,2024-03-10,16.29,Real
CL0016,2024-03-11,8.44,Real
CL0016,2024-03-12,8.49,Real
CL0016,2024-03-13,11.44,Real
CL0016,2024-03-14,9.09,Real
CL0016,2024-03-15,16.13,Real
CL0016,2024-03-16,24.56,Real
CL0016,2024-03-17,15.13,Real
CL0016,2024-03-18,7.79,Estimada
CL0016,2024-03-19,7.53,Estimada
CL0016,2024-03-20,16.94,Real
CL0016,2024-03-21,22.9,Estimada
CL0016,2024-03-22,15.11,Real
CL0016,2024-03-23,23.99,Real
CL0016,2024-03-24,28.36,Real
CL0016,2024-03-25,16.17,Real
CL0016,2024-03-26,8.15,Estimada
CL0016,2024-03-27,16.21,Real
CL0016,2024-03-28,12.28,Real
CL0016,2024-03-29,17.18,Real
CL0016,2024-03-30,20.01,Real
CL0016,2024-03-31,25.36,Estimada
CL0016,2024-04-01,15.66,Real
CL0016,2024-04-02,22.45,Real
CL0016,2024-04-03,20.49,Real
CL0016,2024-04-04,14.27,Real
CL0016,2024-04-05,19.19,Estimada
CL0016,2024-04-06,25.71,Real
CL0016,2024-04-07,17.06,Real
CL0016,2024-04-08,14.28,Real
CL0016,2024-04-09,12.91,Real
CL0016,2024-04-10,28.41,Real
CL0016,2024-04-11,17.46,Real
CL0016,2024-04-12,17.91,Real
CL0016,2024-04-13,25.82,Real
CL0016,2024-04-14,27.15,Real
CL0016,2024-04-15,9.71,Estimada
CL0016,2024-04-16,8.39,Real
CL0016,2024-04-17,19.13,Real
CL0016,2024-04-18,10.59,Real
CL0016,2024-04-19,9.51,Real
CL0016,2024-04-20,10.12,Estimada
CL0016,2024-04-21,20.24,Real
CL0016,2024-04-22,14.13,Real
CL0016,2024-04-23,8.32,Real
CL0016,2024-04-24,14.79,Real
CL0016,2024-04-25,11.05,Real
CL0016,2024-04-26,10.24,Real
CL0016,2024-04-27,23.25,Real
CL0016,2024-04-28,24.1,Estimada
CL0016,2024-04-29,19.48,Real
CL0016,2024-04-30,19.97,Real
CL0016,2024-05-01,22.57,Real
CL0016,2024-05-02,13.02,Real
CL0016,2024-05-03,14.98,Real
CL0016,2024-05-04,31.98,Real
CL0016,2024-05-05,25.49,Real
CL0016,2024-05-06,21.52,Real
CL0016,2024-05-07,13.29,Real
CL0016,2024-05-08,17.61,Real
CL0016,2024-05-09,16.92,Real
CL0016,2024-05-10,16.83,Real
CL0016,2024-05-11,30.98,Real
CL0016,2024-05-12,20.41,Real
CL0016,2024-05-13,21.35,Real
CL0016,2024-05-14,13.38,Estimada
CL0016,2024-05-15,17.26,Estimada
CL0016,2024-05-16,18.65,Real
CL0016,2024-05-17,21.33,Real
CL0016,2024-05-18,30.21,Real
CL0016,2024-05-19,26.0,Real
CL0016,2024-05-20,19.64,Real
CL0016,2024-05-21,22.97,Real
CL0016,2024-05-22,7.06,Real
CL0016,2024-05-23,11.2,Real
CL0016,2024-05-24,13.72,Estimada
CL0016,2024-05-25,33.12,Real
CL0016,2024-05-26,24.92,Real
CL0016,2024-05-27,11.79,Estimada
CL0016,2024-05-28,18.5,Real
CL0016,2024-05-29,17.92,Real
CL0016,2024-05-30,20.45,Real
CL0016,2024-05-31,21.29,Real
CL0016,2024-06-01,32.95,Estimada
CL0016,2024-06-02,27.52,Real
CL0016,2024-06-03,15.5,Real
CL0016,2024-06-04,26.45,Estimada
CL0016,2024-06-05,23.75,Real
CL0016,2024-06-06,20.53,Real
CL0016,2024-06-07,24.12,Real
CL0016,2024-06-08,24.78,Real
CL0016,2024-06-09,30.89,Real
CL0016,2024-06-10,23.7,Real
CL0016,2024-06-11,19.62,Estimada
CL0016,2024-06-12,23.21,Real
CL0016,2024-06-13,17.89,Real
CL0016,2024-06-14,23.72,Real
CL0016,2024-06-15,38.22,Real
CL0016,2024-06-16,30.96,Real
CL0016,2024-06-17,8.79,Real
CL0016,2024-06-18,18.82,Real
CL0016,2024-06-19,17.23,Real
CL0016,2024-06-20,22.91,Real
CL0016,2024-06-21,23.35,Real
CL0016,2024-06-22,31.46,Real
CL0016,2024-06-23,25.13,Real
CL0016,2024-06-24,19.8,Real
CL0016,2024-06-25,22.28,Real
CL0016,2024-06-26,22.04,Real
CL0016,2024-06-27,9.62,Real
CL0016,2024-06-28,12.65,Real
CL0017,2024-01-01,58.37,Real
CL0017,2024-01-02,56.32,Real
CL0017,2024-01-03,53.15,Real
CL0017,2024-01-04,62.33,Real
CL0017,2024-01-05,47.32,Real
CL0017,2024-01-06,44.84,Real
CL0017,2024-01-07,29.53,Real
CL0017,2024-01-08,46.42,Real
CL0017,2024-01-09,56.24,Real
CL0017,2024-01-10,76.95,Real
CL0017,2024-01-11,36.22,Real
CL0017,2024-01-12,12.8,Real
CL0017,2024-01-13,27.79,Real
CL0017,2024-01-14,30.79,Real
CL0017,2024-01-15,69.1,Real
CL0017,2024-01-16,46.48,Estimada
CL0017,2024-01-17,55.69,Real
CL0017,2024-01-18,55.06,Real
CL0017,2024-01-19,45.94,Real
CL0017,2024-01-20,18.88,Real
CL0017,2024-01-21,26.22,Real
CL0017,2024-01-22,43.54,Estimada
CL0017,2024-01-23,56.22,Real
CL0017,2024-01-24,44.12,Estimada
CL0017,2024-01-25,68.02,Estimada
CL0017,2024-01-26,38.86,Real
CL0017,2024-01-27,14.3,Estimada
CL0017,2024-01-28,39.29,Real
CL0017,2024-01-29,44.63,Real
CL0017,2024-01-30,40.66,Real
CL0017,2024-01-31,59.72,Real
CL0017,2024-02-01,32.76,Real
CL0017,2024-02-02,36.52,Real
CL0017,2024-02-03,44.26,Real
CL0017,2024-02-04,43.93,Real
CL0017,2024-02-05,45.43,Real
CL0017,2024-02-06,46.73,Real
CL0017,2024-02-07,38.09,Real
CL0017,2024-02-08,44.03,Real
CL0017,2024-02-09,50.21,Estimada
CL0017,2024-02-10,45.05,Estimada
CL0017,2024-02-11,36.76,Real
CL0017,2024-02-12,39.14,Estimada
CL0017,2024-02-13,32.5,Real
CL0017,2024-02-14,38.93,Real
CL0017,2024-02-15,56.17,Real
CL0017,2024-02-16,28.47,Real
CL0017,2024-02-17,25.01,Real
CL0017,2024-02-18,21.9,Real
CL0017,2024-02-19,46.28,Real
CL0017,2024-02-20,46.96,Real
CL0017,2024-02-21,45.32,Real
CL0017,2024-02-22,24.41,Real
CL0017,2024-02-23,38.16,Real
CL0017,2024-02-24,36.59,Real
CL0017,2024-02-25,63.65,Real
CL0017,2024-02-26,29.88,Real
CL0017,2024-02-27,58.6,Real
CL0017,2024-02-28,30.86,Real
CL0017,2024-02-29,50.8,Real
CL0017,2024-03-01,26.18,Real
CL0017,2024-03-02,41.34,Estimada
CL0017,2024-03-03,39.69,Real
CL0017,2024-03-04,44.71,Real
CL0017,2024-03-05,40.24,Real
CL0017,2024-03-06,37.91,Real
CL0017,2024-03-07,34.72,Real
CL0017,2024-03-08,33.88,Real
CL0017,2024-03-09,28.49,Real
CL0017,2024-03-10,37.02,Estimada
CL0017,2024-03-11,25.97,Real
CL0017,2024-03-12,30.6,Estimada
CL0017,2024-03-13,39.73,Real
CL0017,2024-03-14,39.84,Real
CL0017,2024-03-15,46.72,Real
CL0017,2024-03-16,40.35,Real
CL0017,2024-03-17,27.82,Real
CL0017,2024-03-18,52.35,Real
CL0017,2024-03-19,41.17,Real
CL0017,2024-03-20,9.57,Real
CL0017,2024-03-21,27.5,Real
CL0017,2024-03-22,50.98,Real
CL0017,2024-03-23,26.44,Real
CL0017,2024-03-24,46.54,Real
CL0017,2024-03-25,23.76,Real
CL0017,2024-03-26,17.96,Real
CL0017,2024-03-27,40.27,Real
CL0017,2024-03-28,55.59,Real
CL0017,2024-03-29,30.64,Estimada
CL0017,2024-03-30,41.48,Real
CL0017,2024-03-31,34.76,Real
CL0017,2024-04-01,44.53,Real
CL0017,2024-04-02,37.48,Real
CL0017,2024-04-03,49.09,Estimada
CL0017,2024-04-04,73.37,Real
CL0017,2024-04-05,45.1,Real
CL0017,2024-04-06,24.39,Real
CL0017,2024-04-07,3.04,Real
CL0017,2024-04-08,35.3,Real
CL0017,2024-04-09,53.28,Real
CL0017,2024-04-10,63.8,Real
CL0017,2024-04-11,44.49,Real
CL0017,2024-04-12,23.18,Real
CL0017,2024-04-13,36.53,Real
CL0017,2024-04-14,38.93,Real
CL0017,2024-04-15,54.75,Estimada
CL0017,2024-04-16,45.78,Real
CL0017,2024-04-17,65.28,Real
CL0017,2024-04-18,26.62,Real
CL0017,2024-04-19,54.7,Real
CL0017,2024-04-20,20.69,Real
CL0017,2024-04-21,15.82,Real
CL0017,2024-04-22,50.47,Real
CL0017,2024-04-23,33.71,Real
CL0017,2024-04-24,49.01,Real
CL0017,2024-04-25,59.49,Real
CL0017,2024-04-26,41.1,Real
CL0017,2024-04-27,23.06,Real
CL0017,2024-04-28,35.5,Estimada
CL0017,2024-04-29,28.88,Real
CL0017,2024-04-30,55.66,Real
CL0017,2024-05-01,45.5,Real
CL0017,2024-05-02,29.52,Real
CL0017,2024-05-03,38.26,Real
CL0017,2024-05-04,46.09,Real
CL0017,2024-05-05,45.6,Real
CL0017,2024-05-06,56.26,Real
CL0017,2024-05-07,68.73,Real
CL0017,2024-05-08,66.39,Real
CL0017,2024-05-09,63.93,Real
CL0017,2024-05-10,34.73,Real
CL0017,2024-05-11,41.56,Real
CL0017,2024-05-12,47.99,Real
CL0017,2024-05-13,41.29,Real
CL0017,2024-05-14,57.21,Real
CL0017,2024-05-15,51.05,Real
CL0017,2024-05-16,43.88,Real
CL0017,2024-05-17,45.65,Real
CL0017,2024-05-18,34.29,Real
CL0017,2024-05-19,57.89,Real
CL0017,2024-05-20,24.12,Real
CL0017,2024-05-21,51.33,Real
CL0017,2024-05-22,55.21,Real
CL0017,2024-05-23,31.22,Estimada
CL0017,2024-05-24,68.31,Real
CL0017,2024-05-25,29.63,Real
CL0017,2024-05-26,33.66,Real
CL0017,2024-05-27,47.68,Real
CL0017,2024-05-28,33.62,Real
CL0017,2024-05-29,43.85,Real
CL0017,2024-05-30,40.08,Real
CL0017,2024-05-31,43.79,Estimada
CL0017,2024-06-01,48.49,Real
CL0017,2024-06-02,26.75,Real
CL0017,2024-06-03,47.87,Estimada
CL0017,2024-06-04,60.32,Real
CL0017,2024-06-05,35.82,Real
CL0017,2024-06-06,54.64,Real
CL0017,2024-06-07,72.68,Real
CL0017,2024-06-08,37.16,Real
CL0017,2024-06-09,30.78,Estimada
CL0017,2024-06-10,60.11,Real
CL0017,2024-06-11,52.23,Real
CL0017,2024-06-12,43.21,Real
CL0017,2024-06-13,49.51,Real
CL0017,2024-06-14,65.59,Real
CL0017,2024-06-15,54.96,Real
CL0017,2024-06-16,25.49,Real
CL0017,2024-06-17,55.5,Real
CL0017,2024-06-18,58.16,Real
CL0017,2024-06-19,56.31,Estimada
CL0017,2024-06-20,60.25,Real
CL0017,2024-06-21,60.56,Real
CL0017,2024-06-22,29.79,Real
CL0017,2024-06-23,54.11,Real
CL0017,2024-06-24,49.92,Estimada
CL0017,2024-06-25,63.73,Real
CL0017,2024-06-26,79.03,Estimada
CL0017,2024-06-27,66.46,Real
CL0017,2024-06-28,66.89,Real
CL0018,2024-01-01,64.33,Real
CL0018,2024-01-02,59.06,Real
CL0018,2024-01-03,54.41,Real
CL0018,2024-01-04,81.66,Estimada
CL0018,2024-01-05,47.78,Real
CL0018,2024-01-06,30.41,Real
CL0018,2024-01-07,63.34,Real
CL0018,2024-01-08,59.57,Real
CL0018,2024-01-09,77.32,Real
CL0018,2024-01-10,45.16,Real
CL0018,2024-01-11,54.11,Real
CL0018,2024-01-12,58.95,Real
CL0018,2024-01-13,22.06,Estimada
CL0018,2024-01-14,49.05,Real
CL0018,2024-01-15,82.12,Real
CL0018,2024-01-16,64.09,Real
CL0018,2024-01-17,59.3,Real
CL0018,2024-01-18,68.66,Real
CL0018,2024-01-19,45.13,Real
CL0018,2024-01-20,66.06,Real
CL0018,2024-01-21,41.45,Real
CL0018,2024-01-22,61.7,Real
CL0018,2024-01-23,68.7,Real
CL0018,2024-01-24,85.28,Real
CL0018,2024-01-25,79.24,Real
CL0018,2024-01-26,56.48,Estimada
CL0018,2024-01-27,24.68,Real
CL0018,2024-01-28,43.47,Real
CL0018,2024-01-29,65.54,Real
CL0018,2024-01-30,78.83,Estimada
CL0018,2024-01-31,80.0,Real
CL0018,2024-02-01,39.46,Real
CL0018,2024-02-02,59.13,Real
CL0018,2024-02-03,48.91,Real
CL0018,2024-02-04,5.93,Real
CL0018,2024-02-05,64.44,Real
CL0018,2024-02-06,70.8,Real
CL0018,2024-02-07,43.84,Real
CL0018,2024-02-08,46.75,Real
CL0018,2024-02-09,52.7,Real
CL0018,2024-02-10,58.66,Real
CL0018,2024-02-11,46.19,Real
CL0018,2024-02-12,48.72,Real
CL0018,2024-02-13,82.88,Real
CL0018,2024-02-14,38.8,Real
CL0018,2024-02-15,51.29,Estimada
CL0018,2024-02-16,56.23,Real
CL0018,2024-02-17,35.98,Real
CL0018,2024-02-18,34.62,Real
CL0018,2024-02-19,55.67,Real
CL0018,2024-02-20,62.26,Real
CL0018,2024-02-21,64.22,Real
CL0018,2024-02-22,81.59,Estimada
CL0018,2024-02-23,39.74,Real
CL0018,2024-02-24,42.19,Real
CL0018,2024-02-25,53.85,Real
CL0018,2024-02-26,67.62,Real
CL0018,2024-02-27,38.76,Real
CL0018,2024-02-28,55.75,Real
CL0018,2024-02-29,68.59,Real
CL0018,2024-03-01,53.9,Real
CL0018,2024-03-02,60.85,Real
CL0018,2024-03-03,26.82,Real
CL0018,2024-03-04,39.77,Real
CL0018,2024-03-05,63.03,Real
CL0018,2024-03-06,60.91,Real
CL0018,2024-03-07,52.81,Estimada
CL0018,2024-03-08,60.06,Real
CL0018,2024-03-09,33.79,Real
CL0018,2024-03-10,42.27,Real
CL0018,2024-03-11,31.12,Real
CL0018,2024-03-12,72.79,Real
CL0018,2024-03-13,37.04,Real
CL0018,2024-03-14,58.99,Real
CL0018,2024-03-15,47.17,Real
CL0018,2024-03-16,36.4,Real
CL0018,2024-03-17,64.14,Real
CL0018,2024-03-18,82.3,Estimada
CL0018,2024-03-19,44.84,Real
CL0018,2024-03-20,48.63,Real
CL0018,2024-03-21,68.69,Real
CL0018,2024-03-22,41.59,Real
CL0018,2024-03-23,8.0,Real
CL0018,2024-03-24,27.94,Real
CL0018,2024-03-25,18.52,Real
CL0018,2024-03-26,80.25,Real
CL0018,2024-03-27,65.15,Real
CL0018,2024-03-28,35.28,Real
CL0018,2024-03-29,81.61,Real
CL0018,2024-03-30,31.59,Real
CL0018,2024-03-31,24.35,Real
CL0018,2024-04-01,61.22,Real
CL0018,2024-04-02,59.08,Real
CL0018,2024-04-03,74.24,Real
CL0018,2024-04-04,67.95,Real
CL0018,2024-04-05,21.41,Real
CL0018,2024-04-06,64.08,Real
CL0018,2024-04-07,30.86,Real
CL0018,2024-04-08,59.78,Real
CL0018,2024-04-09,49.91,Real
CL0018,2024-04-10,56.01,Real
CL0018,2024-04-11,60.85,Estimada
CL0018,2024-04-12,41.72,Real
CL0018,2024-04-13,37.89,Real
CL0018,2024-04-14,30.01,Real
CL0018,2024-04-15,56.25,Real
CL0018,2024-04-16,75.79,Real
CL0018,2024-04-17,44.17,Real
CL0018,2024-04-18,62.46,Real
CL0018,2024-04-19,74.6,Real
CL0018,2024-04-20,25.78,Real
CL0018,2024-04-21,19.12,Real
CL0018,2024-04-22,54.99,Real
CL0018,2024-04-23,67.19,Real
CL0018,2024-04-24,65.83,Real
CL0018,2024-04-25,50.43,Estimada
CL0018,2024-04-26,22.58,Real
CL0018,2024-04-27,42.26,Real
CL0018,2024-04-28,53.58,Real
CL0018,2024-04-29,49.97,Estimada
CL0018,2024-04-30,63.82,Real
CL0018,2024-05-01,66.09,Real
CL0018,2024-05-02,51.45,Estimada
CL0018,2024-05-03,81.47,Real
CL0018,2024-05-04,64.39,Real
CL0018,2024-05-05,50.06,Estimada
CL0018,2024-05-06,88.91,Real
CL0018,2024-05-07,90.0,Real
CL0018,2024-05-08,66.86,Real
CL0018,2024-05-09,67.1,Real
CL0018,2024-05-10,67.1,Real
CL0018,2024-05-11,43.73,Real
CL0018,2024-05-12,43.24,Estimada
CL0018,2024-05-13,89.39,Real
CL0018,2024-05-14,49.26,Real
CL0018,2024-05-15,62.32,Real
CL0018,2024-05-16,60.75,Real
CL0018,2024-05-17,47.29,Real
CL0018,2024-05-18,34.18,Real
CL0018,2024-05-19,59.18,Real
CL0018,2024-05-20,68.08,Real
CL0018,2024-05-21,53.78,Real
CL0018,2024-05-22,60.66,Real
CL0018,2024-05-23,73.38,Real
CL0018,2024-05-24,87.57,Real
CL0018,2024-05-25,33.65,Real
CL0018,2024-05-26,27.11,Real
CL0018,2024-05-27,76.76,Real
CL0018,2024-05-28,54.82,Real
CL0018,2024-05-29,75.86,Real
CL0018,2024-05-30,49.96,Real
CL0018,2024-05-31,46.47,Real
CL0018,2024-06-01,43.66,Estimada
CL0018,2024-06-02,72.46,Real
CL0018,2024-06-03,99.26,Estimada
CL0018,2024-06-04,80.25,Real
CL0018,2024-06-05,66.23,Real
CL0018,2024-06-06,81.71,Real
CL0018,2024-06-07,88.62,Real
CL0018,2024-06-08,49.24,Real
CL0018,2024-06-09,54.32,Real
CL0018,2024-06-10,84.89,Real
CL0018,2024-06-11,82.93,Real
CL0018,2024-06-12,73.97,Estimada
CL0018,2024-06-13,91.18,Real
CL0018,2024-06-14,72.83,Real
CL0018,2024-06-15,53.16,Real
CL0018,2024-06-16,85.61,Real
CL0018,2024-06-17,77.2,Real
CL0018,2024-06-18,80.36,Real
CL0018,2024-06-19,76.44,Real
CL0018,2024-06-20,102.69,Real
CL0018,2024-06-21,59.16,Real
CL0018,2024-06-22,64.81,Real
CL0018,2024-06-23,61.47,Real
CL0018,2024-06-24,55.22,Real
CL0018,2024-06-25,65.65,Real
CL0018,2024-06-26,72.68,Real
CL0018,2024-06-27,70.34,Estimada
CL0018,2024-06-28,67.27,Real
CL0019,2024-01-01,52.39,Real
CL0019,2024-01-02,55.49,Estimada
CL0019,2024-01-03,45.03,Real
CL0019,2024-01-04,54.47,Real
CL0019,2024-01-05,50.2,Real
CL0019,2024-01-06,49.46,Real
CL0019,2024-01-07,61.7,Real
CL0019,2024-01-08,45.31,Real
CL0019,2024-01-09,48.6,Real
CL0019,2024-01-10,68.61,Real
CL0019,2024-01-11,51.35,Real
CL0019,2024-01-12,44.48,Real
CL0019,2024-01-13,24.58,Real
CL0019,2024-01-14,26.78,Real
CL0019,2024-01-15,60.45,Real
CL0019,2024-01-16,53.03,Real
CL0019,2024-01-17,56.0,Real
CL0019,2024-01-18,65.98,Real
CL0019,2024-01-19,48.67,Real
CL0019,2024-01-20,25.15,Real
CL0019,2024-01-21,57.99,Real
CL0019,2024-01-22,51.03,Real
CL0019,2024-01-23,49.29,Real
CL0019,2024-01-24,76.28,Real
CL0019,2024-01-25,64.33,Real
CL0019,2024-01-26,69.36,Real
CL0019,2024-01-27,43.56,Real
CL0019,2024-01-28,35.43,Real
CL0019,2024-01-29,35.8,Real
CL0019,2024-01-30,57.47,Real
CL0019,2024-01-31,73.96,Real
CL0019,2024-02-01,58.05,Real
CL0019,2024-02-02,79.89,Real
CL0019,2024-02-03,32.9,Real
CL0019,2024-02-04,29.03,Real
CL0019,2024-02-05,23.45,Real
CL0019,2024-02-06,19.36,Real
CL0019,2024-02-07,47.84,Estimada
CL0019,2024-02-08,58.95,Real
CL0019,2024-02-09,45.3,Real
CL0019,2024-02-10,28.95,Real
CL0019,2024-02-11,39.13,Real
CL0019,2024-02-12,48.36,Real
CL0019,2024-02-13,67.64,Real
CL0019,2024-02-14,48.22,Real
CL0019,2024-02-15,64.97,Real
CL0019,2024-02-16,54.63,Real
CL0019,2024-02-17,12.11,Real
CL0019,2024-02-18,35.84,Real
CL0019,2024-02-19,6.78,Real
CL0019,2024-02-20,53.96,Real
CL0019,2024-02-21,47.22,Real
CL0019,2024-02-22,51.49,Real
CL0019,2024-02-23,53.95,Estimada
CL0019,2024-02-24,34.89,Real
CL0019,2024-02-25,46.71,Real
CL0019,2024-02-26,42.76,Real
CL0019,2024-02-27,56.17,Real
CL0019,2024-02-28,54.23,Real
CL0019,2024-02-29,62.92,Real
CL0019,2024-03-01,35.69,Real
CL0019,2024-03-02,12.48,Real
CL0019,2024-03-03,22.59,Real
CL0019,2024-03-04,58.28,Real
CL0019,2024-03-05,43.34,Estimada
CL0019,2024-03-06,27.57,Real
CL0019,2024-03-07,46.58,Real
CL0019,2024-03-08,34.17,Real
CL0019,2024-03-09,19.0,Real
CL0019,2024-03-10,34.4,Real
CL0019,2024-03-11,54.94,Real
CL0019,2024-03-12,20.1,Real
CL0019,2024-03-13,24.0,Real
CL0019,2024-03-14,44.78,Real
CL0019,2024-03-15,28.71,Real
CL0019,2024-03-16,21.74,Real
CL0019,2024-03-17,46.6,Real
CL0019,2024-03-18,20.68,Real
CL0019,2024-03-19,30.07,Real
CL0019,2024-03-20,40.2,Real
CL0019,2024-03-21,47.77,Real
CL0019,2024-03-22,60.37,Real
CL0019,2024-03-23,15.08,Real
CL0019,2024-03-24,41.98,Real
CL0019,2024-03-25,38.3,Real
CL0019,2024-03-26,54.56,Real
CL0019,2024-03-27,47.09,Real
CL0019,2024-03-28,54.95,Real
CL0019,2024-03-29,49.91,Estimada
CL0019,2024-03-30,24.92,Real
CL0019,2024-03-31,0.27,Estimada
CL0019,2024-04-01,24.87,Real
CL0019,2024-04-02,53.05,Real
CL0019,2024-04-03,38.99,Real
CL0019,2024-04-04,40.07,Real
CL0019,2024-04-05,58.19,Real
CL0019,2024-04-06,35.08,Real
CL0019,2024-04-07,31.72,Real
CL0019,2024-04-08,28.81,Real
CL0019,2024-04-09,56.02,Real
CL0019,2024-04-10,62.8,Real
CL0019,2024-04-11,54.6,Real
CL0019,2024-04-12,11.11,Real
CL0019,2024-04-13,11.47,Real
CL0019,2024-04-14,11.69,Real
CL0019,2024-04-15,44.42,Real
CL0019,2024-04-16,45.5,Real
CL0019,2024-04-17,54.61,Real
CL0019,2024-04-18,45.63,Real
CL0019,2024-04-19,43.57,Real
CL0019,2024-04-20,44.95,Real
CL0019,2024-04-21,44.09,Real
CL0019,2024-04-22,37.99,Real
CL0019,2024-04-23,38.91,Estimada
CL0019,2024-04-24,54.93,Estimada
CL0019,2024-04-25,54.84,Real
CL0019,2024-04-26,58.85,Real
CL0019,2024-04-27,24.65,Real
CL0019,2024-04-28,10.81,Estimada
CL0019,2024-04-29,62.2,Real
CL0019,2024-04-30,27.29,Estimada
CL0019,2024-05-01,69.21,Real
CL0019,2024-05-02,69.13,Estimada
CL0019,2024-05-03,35.27,Real
CL0019,2024-05-04,21.42,Real
CL0019,2024-05-05,77.09,Real
CL0019,2024-05-06,43.63,Real
CL0019,2024-05-07,29.65,Real
CL0019,2024-05-08,68.76,Real
CL0019,2024-05-09,53.15,Real
CL0019,2024-05-10,51.63,Real
CL0019,2024-05-11,38.68,Real
CL0019,2024-05-12,23.61,Real
CL0019,2024-05-13,54.03,Real
CL0019,2024-05-14,45.58,Estimada
CL0019,2024-05-15,63.16,Estimada
CL0019,2024-05-16,46.68,Real
CL0019,2024-05-17,36.8,Real
CL0019,2024-05-18,15.08,Real
CL0019,2024-05-19,50.69,Real
CL0019,2024-05-20,49.93,Real
CL0019,2024-05-21,61.56,Estimada
CL0019,2024-05-22,32.36,Real
CL0019,2024-05-23,38.41,Real
CL0019,2024-05-24,73.83,Real
CL0019,2024-05-25,45.72,Real
CL0019,2024-05-26,53.19,Real
CL0019,2024-05-27,45.55,Real
CL0019,2024-05-28,56.95,Real
CL0019,2024-05-29,55.8,Real
CL0019,2024-05-30,58.76,Real
CL0019,2024-05-31,76.06,Real
CL0019,2024-06-01,44.31,Real
CL0019,2024-06-02,39.3,Real
CL0019,2024-06-03,82.88,Estimada
CL0019,2024-06-04,79.25,Real
CL0019,2024-06-05,71.95,Real
CL0019,2024-06-06,65.22,Real
CL0019,2024-06-07,63.09,Real
CL0019,2024-06-08,52.66,Real
CL0019,2024-06-09,38.9,Real
CL0019,2024-06-10,54.14,Real
CL0019,2024-06-11,73.52,Real
CL0019,2024-06-12,66.53,Real
CL0019,2024-06-13,75.78,Real
CL0019,2024-06-14,61.86,Real
CL0019,2024-06-15,40.42,Real
CL0019,2024-06-16,23.8,Real
CL0019,2024-06-17,74.48,Real
CL0019,2024-06-18,65.02,Real
CL0019,2024-06-19,75.43,Real
CL0019,2024-06-20,56.93,Real
CL0019,2024-06-21,63.56,Real
CL0019,2024-06-22,30.52,Real
CL0019,2024-06-23,56.53,Real
CL0019,2024-06-24,69.43,Real
CL0019,2024-06-25,83.6,Real
CL0019,2024-06-26,60.53,Real
CL0019,2024-06-27,73.65,Real
CL0019,2024-06-28,63.41,Real
CL0020,2024-01-01,7.52,Estimada
CL0020,2024-01-02,8.85,Real
CL0020,2024-01-03,7.71,Real
CL0020,2024-01-04,5.28,Real
CL0020,2024-01-05,10.28,Real
CL0020,2024-01-06,12.89,Real
CL0020,2024-01-07,11.89,Real
CL0020,2024-01-08,11.4,Real
CL0020,2024-01-09,10.88,Real
CL0020,2024-01-10,9.88,Real
CL0020,2024-01-11,7.16,Real
CL0020,2024-01-12,8.12,Real
CL0020,2024-01-13,17.32,Real
CL0020,2024-01-14,9.79,Real
CL0020,2024-01-15,10.42,Estimada
CL0020,2024-01-16,14.37,Real
CL0020,2024-01-17,10.22,Real
CL0020,2024-01-18,12.5,Real
CL0020,2024-01-19,14.91,Real
CL0020,2024-01-20,13.95,Real
CL0020,2024-01-21,16.44,Real
CL0020,2024-01-22,5.02,Real
CL0020,2024-01-23,7.37,Real
CL0020,2024-01-24,9.23,Real
CL0020,2024-01-25,10.32,Real
CL0020,2024-01-26,10.25,Real
CL0020,2024-01-27,13.61,Real
CL0020,2024-01-28,9.28,Real
CL0020,2024-01-29,8.74,Real
CL0020,2024-01-30,11.02,Real
CL0020,2024-01-31,5.25,Real
CL0020,2024-02-01,7.96,Real
CL0020,2024-02-02,12.19,Real
CL0020,2024-02-03,11.47,Real
CL0020,2024-02-04,14.03,Real
CL0020,2024-02-05,8.25,Real
CL0020,2024-02-06,8.21,Real
CL0020,2024-02-07,7.71,Real
CL0020,2024-02-08,7.26,Real
CL0020,2024-02-09,6.56,Real
CL0020,2024-02-10,11.77,Real
CL0020,2024-02-11,9.75,Real
CL0020,2024-02-12,6.53,Real
CL0020,2024-02-13,6.09,Real
CL0020,2024-02-14,6.72,Real
CL0020,2024-02-15,6.73,Real
CL0020,2024-02-16,8.93,Real
CL0020,2024-02-17,13.18,Real
CL0020,2024-02-18,11.82,Real
CL0020,2024-02-19,8.03,Real
CL0020,2024-02-20,5.31,Real
CL0020,2024-02-21,5.37,Real
CL0020,2024-02-22,7.84,Real
CL0020,2024-02-23,7.39,Real
CL0020,2024-02-24,8.97,Real
CL0020,2024-02-25,9.34,Real
CL0020,2024-02-26,5.29,Real
CL0020,2024-02-27,2.7,Real
CL0020,2024-02-28,4.07,Real
CL0020,2024-02-29,9.9,Real
CL0020,2024-03-01,6.94,Real
CL0020,2024-03-02,8.1,Estimada
CL0020,2024-03-03,12.72,Real
CL0020,2024-03-04,12.63,Real
CL0020,2024-03-05,5.1,Real
CL0020,2024-03-06,9.4,Real
CL0020,2024-03-07,8.52,Real
CL0020,2024-03-08,5.77,Real
CL0020,2024-03-09,10.42,Estimada
CL0020,2024-03-10,7.62,Real
CL0020,2024-03-11,7.99,Real
CL0020,2024-03-12,9.21,Real
CL0020,2024-03-13,6.28,Real
CL0020,2024-03-14,9.05,Real
CL0020,2024-03-15,4.36,Real
CL0020,2024-03-16,15.44,Real
CL0020,2024-03-17,12.54,Real
CL0020,2024-03-18,8.3,Real
CL0020,2024-03-19,6.78,Real
CL0020,2024-03-20,0.77,Real
CL0020,2024-03-21,4.72,Real
CL0020,2024-03-22,9.58,Real
CL0020,2024-03-23,7.86,Real
CL0020,2024-03-24,3.27,Real
CL0020,2024-03-25,9.43,Real
CL0020,2024-03-26,10.12,Real
CL0020,2024-03-27,7.37,Real
CL0020,2024-03-28,4.59,Real
CL0020,2024-03-29,6.45,Real
CL0020,2024-03-30,14.78,Real
CL0020,2024-03-31,10.31,Real
CL0020,2024-04-01,6.93,Real
CL0020,2024-04-02,10.34,Real
CL0020,2024-04-03,5.52,Real
CL0020,2024-04-04,7.59,Estimada
CL0020,2024-04-05,1.82,Real
CL0020,2024-04-06,11.92,Real
CL0020,2024-04-07,2.45,Real
CL0020,2024-04-08,2.85,Real
CL0020,2024-04-09,3.94,Real
CL0020,2024-04-10,9.88,Real
CL0020,2024-04-11,6.9,Real
CL0020,2024-04-12,2.87,Real
CL0020,2024-04-13,6.9,Real
CL0020,2024-04-14,11.73,Real
CL0020,2024-04-15,2.38,Real
CL0020,2024-04-16,8.73,Real
CL0020,2024-04-17,5.66,Real
CL0020,2024-04-18,5.94,Real
CL0020,2024-04-19,10.62,Real
CL0020,2024-04-20,10.07,Real
CL0020,2024-04-21,10.66,Real
CL0020,2024-04-22,6.5,Real
CL0020,2024-04-23,4.6,Real
CL0020,2024-04-24,9.18,Estimada
CL0020,2024-04-25,9.27,Real
CL0020,2024-04-26,2.21,Estimada
CL0020,2024-04-27,9.35,Real
CL0020,2024-04-28,12.12,Estimada
CL0020,2024-04-29,2.43,Estimada
CL0020,2024-04-30,9.05,Real
CL0020,2024-05-01,8.08,Real
CL0020,2024-05-02,11.34,Real
CL0020,2024-05-03,11.53,Real
CL0020,2024-05-04,10.62,Real
CL0020,2024-05-05,8.94,Real
CL0020,2024-05-06,9.28,Real
CL0020,2024-05-07,10.86,Real
CL0020,2024-05-08,8.17,Real
CL0020,2024-05-09,11.45,Estimada
CL0020,2024-05-10,10.34,Real
CL0020,2024-05-11,10.69,Real
CL0020,2024-05-12,14.21,Real
CL0020,2024-05-13,9.01,Real
CL0020,2024-05-14,9.62,Real
CL0020,2024-05-15,6.23,Estimada
CL0020,2024-05-16,12.1,Real
CL0020,2024-05-17,7.39,Real
CL0020,2024-05-18,9.93,Real
CL0020,2024-05-19,11.24,Real
CL0020,2024-05-20,10.35,Real
CL0020,2024-05-21,11.1,Real
CL0020,2024-05-22,9.04,Real
CL0020,2024-05-23,7.45,Real
CL0020,2024-05-24,9.74,Real
CL0020,2024-05-25,13.84,Real
CL0020,2024-05-26,12.44,Estimada
CL0020,2024-05-27,7.98,Real
CL0020,2024-05-28,13.23,Real
CL0020,2024-05-29,2.93,Real
CL0020,2024-05-30,7.51,Real
CL0020,2024-05-31,7.3,Real
CL0020,2024-06-01,17.33,Real
CL0020,2024-06-02,15.07,Real
CL0020,2024-06-03,10.24,Real
CL0020,2024-06-04,8.14,Real
CL0020,2024-06-05,9.84,Real
CL0020,2024-06-06,13.48,Real
CL0020,2024-06-07,9.85,Real
CL0020,2024-06-08,17.8,Estimada
CL0020,2024-06-09,16.1,Estimada
CL0020,2024-06-10,10.28,Real
CL0020,2024-06-11,7.16,Real
CL0020,2024-06-12,9.42,Real
CL0020,2024-06-13,10.12,Real
CL0020,2024-06-14,8.63,Real
CL0020,2024-06-15,14.59,Real
CL0020,2024-06-16,15.12,Real
CL0020,2024-06-17,10.19,Real
CL0020,2024-06-18,10.0,Estimada
CL0020,2024-06-19,7.39,Real
CL0020,2024-06-20,14.77,Real
CL0020,2024-06-21,10.3,Real
CL0020,2024-06-22,15.29,Real
CL0020,2024-06-23,16.73,Real
CL0020,2024-06-24,11.01,Real
CL0020,2024-06-25,10.18,Real
CL0020,2024-06-26,10.99,Real
CL0020,2024-06-27,7.68,Real
CL0020,2024-06-28,13.6,Real
CL0021,2024-01-01,7.65,Estimada
CL0021,2024-01-02,7.07,Real
CL0021,2024-01-03,9.66,Real
CL0021,2024-01-04,7.41,Real
CL0021,2024-01-05,5.39,Real
CL0021,2024-01-06,10.91,Real
CL0021,2024-01-07,8.78,Real
CL0021,2024-01-08,6.34,Real
CL0021,2024-01-09,9.66,Real
CL0021,2024-01-10,6.87,Real
CL0021,2024-01-11,4.1,Estimada
CL0021,2024-01-12,7.25,Real
CL0021,2024-01-13,9.38,Estimada
CL0021,2024-01-14,10.88,Real
CL0021,2024-01-15,7.76,Real
CL0021,2024-01-16,7.81,Real
CL0021,2024-01-17,6.34,Real
CL0021,2024-01-18,7.67,Real
CL0021,2024-01-19,6.18,Real
CL0021,2024-01-20,10.79,Real
CL0021,2024-01-21,8.75,Real
CL0021,2024-01-22,6.54,Real
CL0021,2024-01-23,6.72,Real
CL0021,2024-01-24,8.65,Real
CL0021,2024-01-25,6.0,Real
CL0021,2024-01-26,8.26,Real
CL0021,2024-01-27,9.08,Real
CL0021,2024-01-28,7.59,Estimada
CL0021,2024-01-29,8.03,Real
CL0021,2024-01-30,5.63,Estimada
CL0021,2024-01-31,7.15,Real
CL0021,2024-02-01,5.57,Real
CL0021,2024-02-02,7.43,Real
CL0021,2024-02-03,10.78,Real
CL0021,2024-02-04,8.05,Real
CL0021,2024-02-05,7.03,Real
CL0021,2024-02-06,9.95,Estimada
CL0021,2024-02-07,5.68,Real
CL0021,2024-02-08,3.23,Real
CL0021,2024-02-09,6.61,Real
CL0021,2024-02-10,8.66,Real
CL0021,2024-02-11,8.41,Estimada
CL0021,2024-02-12,8.33,Real
CL0021,2024-02-13,9.73,Real
CL0021,2024-02-14,2.36,Real
CL0021,2024-02-15,2.55,Real
CL0021,2024-02-16,4.26,Real
CL0021,2024-02-17,5.28,Real
CL0021,2024-02-18,8.9,Real
CL0021,2024-02-19,5.65,Real
CL0021,2024-02-20,3.71,Real
CL0021,2024-02-21,2.71,Real
CL0021,2024-02-22,3.12,Real
CL0021,2024-02-23,4.67,Real
CL0021,2024-02-24,9.12,Real
CL0021,2024-02-25,9.93,Real
CL0021,2024-02-26,4.65,Real
CL0021,2024-02-27,5.55,Real
CL0021,2024-02-28,8.92,Real
CL0021,2024-02-29,2.92,Estimada
CL0021,2024-03-01,4.49,Real
CL0021,2024-03-02,11.22,Real
CL0021,2024-03-03,7.5,Real
CL0021,2024-03-04,2.57,Estimada
CL0021,2024-03-05,3.62,Real
CL0021,2024-03-06,8.52,Real
CL0021,2024-03-07,3.13,Real
CL0021,2024-03-08,4.06,Real
CL0021,2024-03-09,10.41,Real
CL0021,2024-03-10,7.78,Estimada
CL0021,2024-03-11,5.38,Real
CL0021,2024-03-12,7.66,Real
CL0021,2024-03-13,8.27,Real
CL0021,2024-03-14,5.02,Real
CL0021,2024-03-15,6.06,Real
CL0021,2024-03-16,1.95,Real
CL0021,2024-03-17,12.64,Real
CL0021,2024-03-18,0.82,Real
CL0021,2024-03-19,4.17,Real
CL0021,2024-03-20,5.68,Real
CL0021,2024-03-21,5.4,Estimada
CL0021,2024-03-22,4.1,Real
CL0021,2024-03-23,6.31,Real
CL0021,2024-03-24,9.0,Real
CL0021,2024-03-25,2.91,Estimada
CL0021,2024-03-26,8.01,Real
CL0021,2024-03-27,4.0,Real
CL0021,2024-03-28,4.46,Estimada
CL0021,2024-03-29,1.89,Real
CL0021,2024-03-30,7.27,Real
CL0021,2024-03-31,6.52,Real
CL0021,2024-04-01,5.86,Estimada
CL0021,2024-04-02,5.66,Real
CL0021,2024-04-03,4.75,Real
CL0021,2024-04-04,6.24,Real
CL0021,2024-04-05,5.85,Real
CL0021,2024-04-06,9.96,Real
CL0021,2024-04-07,10.25,Real
CL0021,2024-04-08,7.44,Real
CL0021,2024-04-09,2.17,Real
CL0021,2024-04-10,4.61,Real
CL0021,2024-04-11,5.36,Real
CL0021,2024-04-12,7.51,Real
CL0021,2024-04-13,8.78,Real
CL0021,2024-04-14,3.94,Real
CL0021,2024-04-15,3.88,Real
CL0021,2024-04-16,4.58,Real
CL0021,2024-04-17,6.2,Real
CL0021,2024-04-18,6.42,Real
CL0021,2024-04-19,3.41,Real
CL0021,2024-04-20,5.87,Real
CL0021,2024-04-21,7.43,Real
CL0021,2024-04-22,5.23,Real
CL0021,2024-04-23,5.82,Real
CL0021,2024-04-24,5.85,Real
CL0021,2024-04-25,2.97,Real
CL0021,2024-04-26,6.54,Real
CL0021,2024-04-27,9.84,Real
CL0021,2024-04-28,8.5,Real
CL0021,2024-04-29,7.24,Real
CL0021,2024-04-30,3.6,Estimada
CL0021,2024-05-01,6.76,Real
CL0021,2024-05-02,8.16,Estimada
CL0021,2024-05-03,4.35,Estimada
CL0021,2024-05-04,11.36,Real
CL0021,2024-05-05,9.23,Real
CL0021,2024-05-06,9.68,Real
CL0021,2024-05-07,9.29,Real
CL0021,2024-05-08,4.9,Real
CL0021,2024-05-09,6.24,Real
CL0021,2024-05-10,10.32,Real
CL0021,2024-05-11,11.7,Real
CL0021,2024-05-12,9.03,Real
CL0021,2024-05-13,5.62,Estimada
CL0021,2024-05-14,6.67,Real
CL0021,2024-05-15,4.14,Real
CL0021,2024-05-16,8.21,Real
CL0021,2024-05-17,8.65,Real
CL0021,2024-05-18,11.08,Real
CL0021,2024-05-19,7.7,Real
CL0021,2024-05-20,7.51,Real
CL0021,2024-05-21,9.87,Real
CL0021,2024-05-22,5.45,Real
CL0021,2024-05-23,6.93,Real
CL0021,2024-05-24,7.49,Real
CL0021,2024-05-25,10.2,Real
CL0021,2024-05-26,9.74,Real
CL0021,2024-05-27,8.95,Real
CL0021,2024-05-28,5.94,Real
CL0021,2024-05-29,9.91,Real
CL0021,2024-05-30,10.36,Real
CL0021,2024-05-31,5.27,Real
CL0021,2024-06-01,12.65,Real
CL0021,2024-06-02,11.2,Real
CL0021,2024-06-03,10.19,Real
CL0021,2024-06-04,6.69,Real
CL0021,2024-06-05,8.95,Real
CL0021,2024-06-06,7.48,Real
CL0021,2024-06-07,10.86,Real
CL0021,2024-06-08,12.17,Real
CL0021,2024-06-09,11.85,Real
CL0021,2024-06-10,9.51,Real
CL0021,2024-06-11,7.38,Real
CL0021,2024-06-12,8.72,Real
CL0021,2024-06-13,12.85,Real
CL0021,2024-06-14,8.33,Real
CL0021,2024-06-15,9.39,Real
CL0021,2024-06-16,11.85,Estimada
CL0021,2024-06-17,9.25,Real
CL0021,2024-06-18,8.72,Real
CL0021,2024-06-19,9.69,Real
CL0021,2024-06-20,9.66,Real
CL0021,2024-06-21,8.08,Real
CL0021,2024-06-22,14.43,Real
CL0021,2024-06-23,14.43,Real
CL0021,2024-06-24,10.57,Real
CL0021,2024-06-25,8.95,Real
CL0021,2024-06-26,8.77,Real
CL0021,2024-06-27,8.68,Real
CL0021,2024-06-28,8.82,Real
CL0022,2024-01-01,55.54,Real
CL0022,2024-01-02,45.73,Real
CL0022,2024-01-03,56.97,Real
CL0022,2024-01-04,71.16,Real
CL0022,2024-01-05,63.7,Real
CL0022,2024-01-06,12.91,Real
CL0022,2024-01-07,33.2,Estimada
CL0022,2024-01-08,39.99,Real
CL0022,2024-01-09,41.52,Real
CL0022,2024-01-10,58.26,Real
CL0022,2024-01-11,27.43,Real
CL0022,2024-01-12,39.06,Real
CL0022,2024-01-13,30.52,Real
CL0022,2024-01-14,38.86,Real
CL0022,2024-01-15,52.51,Real
CL0022,2024-01-16,36.23,Real
CL0022,2024-01-17,40.78,Real
CL0022,2024-01-18,48.18,Estimada
CL0022,2024-01-19,53.53,Real
CL0022,2024-01-20,36.59,Real
CL0022,2024-01-21,60.66,Real
CL0022,2024-01-22,64.09,Real
CL0022,2024-01-23,42.99,Real
CL0022,2024-01-24,60.24,Real
CL0022,2024-01-25,48.64,Estimada
CL0022,2024-01-26,60.31,Real
CL0022,2024-01-27,35.02,Real
CL0022,2024-01-28,20.44,Real
CL0022,2024-01-29,21.93,Real
CL0022,2024-01-30,51.37,Real
CL0022,2024-01-31,58.85,Real
CL0022,2024-02-01,19.68,Real
CL0022,2024-02-02,46.94,Real
CL0022,2024-02-03,7.42,Real
CL0022,2024-02-04,13.28,Real
CL0022,2024-02-05,36.05,Real
CL0022,2024-02-06,48.39,Real
CL0022,2024-02-07,36.87,Real
CL0022,2024-02-08,47.67,Real
CL0022,2024-02-09,23.56,Real
CL0022,2024-02-10,12.93,Real
CL0022,2024-02-11,30.3,Real
CL0022,2024-02-12,27.03,Real
CL0022,2024-02-13,51.18,Real
CL0022,2024-02-14,37.54,Real
CL0022,2024-02-15,40.58,Real
CL0022,2024-02-16,42.76,Real
CL0022,2024-02-17,10.31,Real
CL0022,2024-02-18,20.47,Real
CL0022,2024-02-19,31.72,Real
CL0022,2024-02-20,51.47,Real
CL0022,2024-02-21,27.23,Real
CL0022,2024-02-22,36.29,Real
CL0022,2024-02-23,42.24,Real
CL0022,2024-02-24,22.88,Real
CL0022,2024-02-25,7.43,Real
CL0022,2024-02-26,34.79,Real
CL0022,2024-02-27,52.92,Real
CL0022,2024-02-28,27.18,Real
CL0022,2024-02-29,59.06,Real
CL0022,2024-03-01,28.97,Real
CL0022,2024-03-02,42.77,Real
CL0022,2024-03-03,35.17,Real
CL0022,2024-03-04,23.59,Real
CL0022,2024-03-05,43.95,Real
CL0022,2024-03-06,36.89,Real
CL0022,2024-03-07,37.83,Real
CL0022,2024-03-08,53.92,Real
CL0022,2024-03-09,15.78,Real
CL0022,2024-03-10,25.26,Real
CL0022,2024-03-11,50.1,Real
CL0022,2024-03-12,50.78,Real
CL0022,2024-03-13,40.99,Real
CL0022,2024-03-14,29.96,Real
CL0022,2024-03-15,41.44,Real
CL0022,2024-03-16,19.03,Real
CL0022,2024-03-17,23.12,Real
CL0022,2024-03-18,35.26,Real
CL0022,2024-03-19,34.06,Real
CL0022,2024-03-20,26.21,Real
CL0022,2024-03-21,43.78,Real
CL0022,2024-03-22,39.34,Real
CL0022,2024-03-23,10.46,Real
CL0022,2024-03-24,35.0,Real
CL0022,2024-03-25,42.69,Real
CL0022,2024-03-26,33.33,Estimada
CL0022,2024-03-27,30.71,Estimada
CL0022,2024-03-28,49.25,Real
CL0022,2024-03-29,58.69,Real
CL0022,2024-03-30,38.95,Real
CL0022,2024-03-31,41.06,Real
CL0022,2024-04-01,39.02,Real
CL0022,2024-04-02,45.23,Real
CL0022,2024-04-03,29.36,Real
CL0022,2024-04-04,34.57,Real
CL0022,2024-04-05,30.96,Real
CL0022,2024-04-06,7.9,Real
CL0022,2024-04-07,38.21,Real
CL0022,2024-04-08,38.99,Real
CL0022,2024-04-09,31.39,Real
CL0022,2024-04-10,37.71,Real
CL0022,2024-04-11,42.14,Real
CL0022,2024-04-12,52.04,Real
CL0022,2024-04-13,38.02,Real
CL0022,2024-04-14,14.69,Real
CL0022,2024-04-15,51.45,Real
CL0022,2024-04-16,42.81,Real
CL0022,2024-04-17,16.14,Real
CL0022,2024-04-18,17.49,Real
CL0022,2024-04-19,23.33,Real
CL0022,2024-04-20,19.78,Real
CL0022,2024-04-21,25.28,Real
CL0022,2024-04-22,36.0,Estimada
CL0022,2024-04-23,26.53,Real
CL0022,2024-04-24,19.46,Real
CL0022,2024-04-25,29.55,Real
CL0022,2024-04-26,35.84,Real
CL0022,2024-04-27,25.51,Real
CL0022,2024-04-28,15.52,Estimada
CL0022,2024-04-29,50.21,Real
CL0022,2024-04-30,44.2,Real
CL0022,2024-05-01,33.95,Real
CL0022,2024-05-02,41.62,Real
CL0022,2024-05-03,64.35,Real
CL0022,2024-05-04,30.47,Real
CL0022,2024-05-05,52.5,Estimada
CL0022,2024-05-06,26.88,Real
CL0022,2024-05-07,33.05,Estimada
CL0022,2024-05-08,38.98,Real
CL0022,2024-05-09,40.87,Real
CL0022,2024-05-10,33.75,Real
CL0022,2024-05-11,39.9,Real
CL0022,2024-05-12,47.19,Real
CL0022,2024-05-13,47.94,Real
CL0022,2024-05-14,60.26,Real
CL0022,2024-05-15,48.5,Real
CL0022,2024-05-16,43.79,Real
CL0022,2024-05-17,53.35,Real
CL0022,2024-05-18,34.47,Real
CL0022,2024-05-19,25.5,Real
CL0022,2024-05-20,29.36,Real
CL0022,2024-05-21,60.03,Real
CL0022,2024-05-22,47.34,Real
CL0022,2024-05-23,34.66,Real
CL0022,2024-05-24,42.64,Real
CL0022,2024-05-25,36.32,Real
CL0022,2024-05-26,41.75,Real
CL0022,2024-05-27,28.65,Real
CL0022,2024-05-28,56.25,Real
CL0022,2024-05-29,43.08,Estimada
CL0022,2024-05-30,39.11,Real
CL0022,2024-05-31,42.13,Real
CL0022,2024-06-01,35.7,Real
CL0022,2024-06-02,39.7,Real
CL0022,2024-06-03,55.74,Real
CL0022,2024-06-04,65.24,Estimada
CL0022,2024-06-05,50.94,Real
CL0022,2024-06-06,54.89,Real
CL0022,2024-06-07,48.11,Real
CL0022,2024-06-08,45.18,Estimada
CL0022,2024-06-09,51.35,Real
CL0022,2024-06-10,62.32,Real
CL0022,2024-06-11,64.39,Real
CL0022,2024-06-12,45.62,Real
CL0022,2024-06-13,37.13,Real
CL0022,2024-06-14,57.8,Real
CL0022,2024-06-15,38.08,Real
CL0022,2024-06-16,46.38,Real
CL0022,2024-06-17,64.15,Real
CL0022,2024-06-18,64.67,Real
CL0022,2024-06-19,53.33,Real
CL0022,2024-06-20,56.88,Real
CL0022,2024-06-21,54.44,Real
CL0022,2024-06-22,46.12,Real
CL0022,2024-06-23,40.04,Estimada
CL0022,2024-06-24,72.48,Estimada
CL0022,2024-06-25,45.4,Real
CL0022,2024-06-26,51.39,Real
CL0022,2024-06-27,31.62,Real
CL0022,2024-06-28,56.94,Real
CL0023,2024-01-01,10.14,Real
CL0023,2024-01-02,5.81,Estimada
CL0023,2024-01-03,6.42,Real
CL0023,2024-01-04,8.01,Estimada
CL0023,2024-01-05,12.42,Real
CL0023,2024-01-06,11.37,Real
CL0023,2024-01-07,14.92,Real
CL0023,2024-01-08,7.08,Real
CL0023,2024-01-09,5.05,Real
CL0023,2024-01-10,3.41,Real
CL0023,2024-01-11,9.54,Real
CL0023,2024-01-12,8.38,Real
CL0023,2024-01-13,14.27,Real
CL0023,2024-01-14,14.47,Real
CL0023,2024-01-15,13.37,Real
CL0023,2024-01-16,13.84,Real
CL0023,2024-01-17,14.31,Real
CL0023,2024-01-18,9.0,Real
CL0023,2024-01-19,11.69,Real
CL0023,2024-01-20,11.12,Real
CL0023,2024-01-21,12.55,Real
CL0023,2024-01-22,10.51,Real
CL0023,2024-01-23,6.71,Real
CL0023,2024-01-24,10.4,Real
CL0023,2024-01-25,5.47,Real
CL0023,2024-01-26,8.11,Real
CL0023,2024-01-27,13.64,Real
CL0023,2024-01-28,12.56,Real
CL0023,2024-01-29,9.61,Real
CL0023,2024-01-30,11.13,Real
CL0023,2024-01-31,8.93,Real
CL0023,2024-02-01,6.91,Real
CL0023,2024-02-02,9.12,Real
CL0023,2024-02-03,11.88,Real
CL0023,2024-02-04,12.19,Real
CL0023,2024-02-05,9.19,Real
CL0023,2024-02-06,9.54,Real
CL0023,2024-02-07,9.85,Real
CL0023,2024-02-08,8.27,Real
CL0023,2024-02-09,6.23,Real
CL0023,2024-02-10,14.08,Real
CL0023,2024-02-11,12.03,Real
CL0023,2024-02-12,7.94,Real
CL0023,2024-02-13,11.09,Estimada
CL0023,2024-02-14,8.9,Real
CL0023,2024-02-15,5.7,Real
CL0023,2024-02-16,9.66,Real
CL0023,2024-02-17,14.84,Real
CL0023,2024-02-18,15.44,Real
CL0023,2024-02-19,9.55,Real
CL0023,2024-02-20,9.54,Real
CL0023,2024-02-21,14.28,Real
CL0023,2024-02-22,7.04,Real
CL0023,2024-02-23,11.71,Real
CL0023,2024-02-24,12.94,Real
CL0023,2024-02-25,13.64,Real
CL0023,2024-02-26,3.9,Real
CL0023,2024-02-27,8.38,Real
CL0023,2024-02-28,5.27,Real
CL0023,2024-02-29,5.95,Real
CL0023,2024-03-01,16.77,Real
CL0023,2024-03-02,8.79,Real
CL0023,2024-03-03,15.43,Real
CL0023,2024-03-04,10.05,Real
CL0023,2024-03-05,6.5,Real
CL0023,2024-03-06,5.41,Real
CL0023,2024-03-07,7.18,Real
CL0023,2024-03-08,8.71,Real
CL0023,2024-03-09,10.38,Real
CL0023,2024-03-10,12.13,Real
CL0023,2024-03-11,10.02,Real
CL0023,2024-03-12,8.68,Real
CL0023,2024-03-13,6.17,Real
CL0023,2024-03-14,7.33,Real
CL0023,2024-03-15,7.34,Real
CL0023,2024-03-16,11.73,Real
CL0023,2024-03-17,14.71,Real
CL0023,2024-03-18,3.45,Real
CL0023,2024-03-19,4.52,Real
CL0023,2024-03-20,6.11,Real
CL0023,2024-03-21,9.25,Real
CL0023,2024-03-22,2.6,Real
CL0023,2024-03-23,10.36,Real
CL0023,2024-03-24,13.7,Real
CL0023,2024-03-25,4.81,Estimada
CL0023,2024-03-26,5.64,Real
CL0023,2024-03-27,9.18,Real
CL0023,2024-03-28,5.39,Real
CL0023,2024-03-29,7.58,Estimada
CL0023,2024-03-30,11.18,Estimada
CL0023,2024-03-31,11.54,Real
CL0023,2024-04-01,9.57,Real
CL0023,2024-04-02,9.51,Real
CL0023,2024-04-03,12.03,Real
CL0023,2024-04-04,9.61,Real
CL0023,2024-04-05,6.18,Real
CL0023,2024-04-06,9.45,Real
CL0023,2024-04-07,12.11,Real
CL0023,2024-04-08,6.23,Real
CL0023,2024-04-09,15.35,Real
CL0023,2024-04-10,10.52,Real
CL0023,2024-04-11,9.19,Real
CL0023,2024-04-12,7.83,Real
CL0023,2024-04-13,10.89,Real
CL0023,2024-04-14,12.01,Real
CL0023,2024-04-15,7.69,Real
CL0023,2024-04-16,10.53,Real
CL0023,2024-04-17,10.35,Real
CL0023,2024-04-18,3.71,Real
CL0023,2024-04-19,3.79,Real
CL0023,2024-04-20,8.69,Real
CL0023,2024-04-21,5.5,Real
CL0023,2024-04-22,11.34,Real
CL0023,2024-04-23,6.65,Real
CL0023,2024-04-24,8.36,Estimada
CL0023,2024-04-25,10.93,Real
CL0023,2024-04-26,9.27,Real
CL0023,2024-04-27,13.82,Real
CL0023,2024-04-28,10.85,Real
CL0023,2024-04-29,5.71,Real
CL0023,2024-04-30,6.41,Real
CL0023,2024-05-01,9.3,Real
CL0023,2024-05-02,13.13,Real
CL0023,2024-05-03,9.17,Real
CL0023,2024-05-04,12.37,Real
CL0023,2024-05-05,14.42,Real
CL0023,2024-05-06,7.67,Real
CL0023,2024-05-07,11.81,Real
CL0023,2024-05-08,10.54,Real
CL0023,2024-05-09,9.25,Real
CL0023,2024-05-10,9.84,Real
CL0023,2024-05-11,15.02,Real
CL0023,2024-05-12,13.62,Real
CL0023,2024-05-13,6.61,Real
CL0023,2024-05-14,6.52,Estimada
CL0023,2024-05-15,11.99,Real
CL0023,2024-05-16,13.34,Real
CL0023,2024-05-17,9.63,Real
CL0023,2024-05-18,13.44,Real
CL0023,2024-05-19,16.61,Real
CL0023,2024-05-20,10.93,Real
CL0023,2024-05-21,6.01,Real
CL0023,2024-05-22,7.76,Estimada
CL0023,2024-05-23,8.87,Real
CL0023,2024-05-24,6.62,Real
CL0023,2024-05-25,17.06,Real
CL0023,2024-05-26,15.29,Real
CL0023,2024-05-27,11.65,Real
CL0023,2024-05-28,9.2,Real
CL0023,2024-05-29,11.43,Real
CL0023,2024-05-30,8.2,Real
CL0023,2024-05-31,7.92,Real
CL0023,2024-06-01,17.48,Real
CL0023,2024-06-02,12.16,Real
CL0023,2024-06-03,14.67,Real
CL0023,2024-06-04,13.03,Real
CL0023,2024-06-05,11.77,Real
CL0023,2024-06-06,8.08,Real
CL0023,2024-06-07,14.41,Real
CL0023,2024-06-08,20.89,Real
CL0023,2024-06-09,17.95,Real
CL0023,2024-06-10,13.78,Real
CL0023,2024-06-11,12.1,Real
CL0023,2024-06-12,11.39,Real
CL0023,2024-06-13,9.19,Real
CL0023,2024-06-14,10.41,Real
CL0023,2024-06-15,11.72,Real
CL0023,2024-06-16,12.82,Real
CL0023,2024-06-17,10.05,Real
CL0023,2024-06-18,9.73,Real
CL0023,2024-06-19,5.56,Real
CL0023,2024-06-20,11.76,Real
CL0023,2024-06-21,9.83,Real
CL0023,2024-06-22,18.35,Real
CL0023,2024-06-23,17.42,Real
CL0023,2024-06-24,14.41,Real
CL0023,2024-06-25,10.86,Real
CL0023,2024-06-26,13.64,Real
CL0023,2024-06-27,11.67,Real
CL0023,2024-06-28,11.38,Real
CL0024,2024-01-01,70.77,Real
CL0024,2024-01-02,55.3,Real
CL0024,2024-01-03,56.8,Real
CL0024,2024-01-04,68.71,Real
CL0024,2024-01-05,55.13,Real
CL0024,2024-01-06,42.72,Real
CL0024,2024-01-07,46.03,Real
CL0024,2024-01-08,84.72,Real
CL0024,2024-01-09,69.19,Real
CL0024,2024-01-10,77.62,Real
CL0024,2024-01-11,53.28,Real
CL0024,2024-01-12,71.94,Estimada
CL0024,2024-01-13,31.65,Real
CL0024,2024-01-14,56.97,Real
CL0024,2024-01-15,63.8,Real
CL0024,2024-01-16,85.23,Real
CL0024,2024-01-17,67.93,Real
CL0024,2024-01-18,79.81,Real
CL0024,2024-01-19,69.51,Real
CL0024,2024-01-20,59.94,Real
CL0024,2024-01-21,48.18,Real
CL0024,2024-01-22,49.13,Real
CL0024,2024-01-23,65.33,Real
CL0024,2024-01-24,105.29,Real
CL0024,2024-01-25,84.07,Real
CL0024,2024-01-26,63.94,Estimada
CL0024,2024-01-27,53.65,Real
CL0024,2024-01-28,28.4,Estimada
CL0024,2024-01-29,48.99,Real
CL0024,2024-01-30,73.01,Estimada
CL0024,2024-01-31,55.56,Real
CL0024,2024-02-01,43.7,Real
CL0024,2024-02-02,56.27,Estimada
CL0024,2024-02-03,29.04,Estimada
CL0024,2024-02-04,44.13,Real
CL0024,2024-02-05,34.96,Estimada
CL0024,2024-02-06,39.08,Real
CL0024,2024-02-07,52.42,Real
CL0024,2024-02-08,55.74,Real
CL0024,2024-02-09,68.8,Real
CL0024,2024-02-10,44.03,Real
CL0024,2024-02-11,31.68,Real
CL0024,2024-02-12,59.24,Real
CL0024,2024-02-13,34.87,Real
CL0024,2024-02-14,79.29,Real
CL0024,2024-02-15,71.04,Real
CL0024,2024-02-16,43.71,Real
CL0024,2024-02-17,57.94,Real
CL0024,2024-02-18,31.85,Real
CL0024,2024-02-19,73.83,Real
CL0024,2024-02-20,67.33,Real
CL0024,2024-02-21,57.34,Estimada
CL0024,2024-02-22,54.11,Real
CL0024,2024-02-23,48.22,Real
CL0024,2024-02-24,42.26,Real
CL0024,2024-02-25,35.1,Real
CL0024,2024-02-26,68.8,Real
CL0024,2024-02-27,62.99,Real
CL0024,2024-02-28,62.19,Real
CL0024,2024-02-29,22.92,Real
CL0024,2024-03-01,22.43,Real
CL0024,2024-03-02,46.2,Real
CL0024,2024-03-03,24.54,Real
CL0024,2024-03-04,60.1,Real
CL0024,2024-03-05,40.1,Real
CL0024,2024-03-06,58.83,Real
CL0024,2024-03-07,37.67,Real
CL0024,2024-03-08,61.21,Real
CL0024,2024-03-09,43.06,Estimada
CL0024,2024-03-10,27.73,Real
CL0024,2024-03-11,72.13,Real
CL0024,2024-03-12,32.99,Real
CL0024,2024-03-13,33.38,Estimada
CL0024,2024-03-14,59.43,Estimada
CL0024,2024-03-15,46.21,Real
CL0024,2024-03-16,50.97,Real
CL0024,2024-03-17,28.04,Real
CL0024,2024-03-18,67.09,Real
CL0024,2024-03-19,75.15,Real
CL0024,2024-03-20,54.8,Real
CL0024,2024-03-21,50.83,Real
CL0024,2024-03-22,58.34,Real
CL0024,2024-03-23,33.69,Real
CL0024,2024-03-24,29.69,Real
CL0024,2024-03-25,51.39,Real
CL0024,2024-03-26,42.98,Real
CL0024,2024-03-27,20.02,Real
CL0024,2024-03-28,28.25,Real
CL0024,2024-03-29,56.6,Real
CL0024,2024-03-30,51.5,Real
CL0024,2024-03-31,38.69,Real
CL0024,2024-04-01,32.37,Real
CL0024,2024-04-02,55.29,Real
CL0024,2024-04-03,77.06,Real
CL0024,2024-04-04,68.28,Real
CL0024,2024-04-05,27.34,Real
CL0024,2024-04-06,44.42,Real
CL0024,2024-04-07,47.81,Real
CL0024,2024-04-08,44.42,Real
CL0024,2024-04-09,25.59,Real
CL0024,2024-04-10,73.12,Real
CL0024,2024-04-11,64.55,Real
CL0024,2024-04-12,66.97,Real
CL0024,2024-04-13,49.2,Real
CL0024,2024-04-14,15.61,Real
CL0024,2024-04-15,62.25,Real
CL0024,2024-04-16,48.69,Real
CL0024,2024-04-17,76.03,Real
CL0024,2024-04-18,80.16,Real
CL0024,2024-04-19,31.37,Real
CL0024,2024-04-20,60.23,Real
CL0024,2024-04-21,11.15,Real
CL0024,2024-04-22,39.51,Real
CL0024,2024-04-23,67.4,Real
CL0024,2024-04-24,53.07,Real
CL0024,2024-04-25,63.29,Real
CL0024,2024-04-26,75.15,Real
CL0024,2024-04-27,29.37,Real
CL0024,2024-04-28,16.41,Real
CL0024,2024-04-29,74.19,Real
CL0024,2024-04-30,76.64,Real
CL0024,2024-05-01,56.22,Real
CL0024,2024-05-02,52.56,Estimada
CL0024,2024-05-03,87.47,Real
CL0024,2024-05-04,34.28,Estimada
CL0024,2024-05-05,43.88,Real
CL0024,2024-05-06,71.88,Real
CL0024,2024-05-07,61.87,Real
CL0024,2024-05-08,84.98,Real
CL0024,2024-05-09,29.45,Real
CL0024,2024-05-10,62.38,Real
CL0024,2024-05-11,0.5,Real
CL0024,2024-05-12,32.83,Real
CL0024,2024-05-13,87.59,Real
CL0024,2024-05-14,106.59,Real
CL0024,2024-05-15,73.14,Real
CL0024,2024-05-16,64.43,Real
CL0024,2024-05-17,62.48,Real
CL0024,2024-05-18,42.5,Real
CL0024,2024-05-19,49.36,Estimada
CL0024,2024-05-20,85.47,Real
CL0024,2024-05-21,50.08,Real
CL0024,2024-05-22,58.82,Real
CL0024,2024-05-23,99.85,Real
CL0024,2024-05-24,66.15,Real
CL0024,2024-05-25,20.07,Real
CL0024,2024-05-26,20.59,Real
CL0024,2024-05-27,65.6,Real
CL0024,2024-05-28,80.35,Estimada
CL0024,2024-05-29,29.03,Real
CL0024,2024-05-30,65.98,Estimada
CL0024,2024-05-31,62.35,Real
CL0024,2024-06-01,52.77,Real
CL0024,2024-06-02,29.34,Real
CL0024,2024-06-03,88.48,Real
CL0024,2024-06-04,97.43,Real
CL0024,2024-06-05,68.1,Real
CL0024,2024-06-06,97.38,Real
CL0024,2024-06-07,72.62,Real
CL0024,2024-06-08,61.97,Estimada
CL0024,2024-06-09,67.39,Real
CL0024,2024-06-10,46.03,Real
CL0024,2024-06-11,85.08,Real
CL0024,2024-06-12,87.87,Real
CL0024,2024-06-13,82.45,Real
CL0024,2024-06-14,100.16,Real
CL0024,2024-06-15,46.86,Estimada
CL0024,2024-06-16,57.41,Real
CL0024,2024-06-17,96.71,Real
CL0024,2024-06-18,86.03,Real
CL0024,2024-06-19,56.26,Real
CL0024,2024-06-20,103.73,Estimada
CL0024,2024-06-21,52.55,Real
CL0024,2024-06-22,48.0,Real
CL0024,2024-06-23,63.07,Real
CL0024,2024-06-24,49.28,Real
CL0024,2024-06-25,70.15,Real
CL0024,2024-06-26,66.19,Real
CL0024,2024-06-27,87.39,Real
CL0024,2024-06-28,58.38,Real
CL0025,2024-01-01,46.41,Real
CL0025,2024-01-02,37.33,Real
CL0025,2024-01-03,38.99,Real
CL0025,2024-01-04,36.99,Estimada
CL0025,2024-01-05,32.83,Real
CL0025,2024-01-06,27.41,Real
CL0025,2024-01-07,24.65,Real
CL0025,2024-01-08,26.11,Real
CL0025,2024-01-09,42.96,Estimada
CL0025,2024-01-10,41.1,Real
CL0025,2024-01-11,33.6,Estimada
CL0025,2024-01-12,42.76,Estimada
CL0025,2024-01-13,21.32,Real
CL0025,2024-01-14,29.67,Real
CL0025,2024-01-15,44.99,Real
CL0025,2024-01-16,33.48,Real
CL0025,2024-01-17,43.27,Real
CL0025,2024-01-18,48.52,Real
CL0025,2024-01-19,42.93,Estimada
CL0025,2024-01-20,39.07,Real
CL0025,2024-01-21,13.45,Real
CL0025,2024-01-22,35.63,Real
CL0025,2024-01-23,49.2,Real
CL0025,2024-01-24,40.83,Real
CL0025,2024-01-25,52.98,Real
CL0025,2024-01-26,44.95,Real
CL0025,2024-01-27,37.69,Real
CL0025,2024-01-28,24.23,Real
CL0025,2024-01-29,39.85,Real
CL0025,2024-01-30,38.95,Real
CL0025,2024-01-31,42.5,Real
CL0025,2024-02-01,47.41,Real
CL0025,2024-02-02,22.64,Real
CL0025,2024-02-03,23.87,Real
CL0025,2024-02-04,30.04,Estimada
CL0025,2024-02-05,58.25,Real
CL0025,2024-02-06,42.37,Real
CL0025,2024-02-07,43.0,Real
CL0025,2024-02-08,26.08,Real
CL0025,2024-02-09,41.08,Real
CL0025,2024-02-10,32.59,Real
CL0025,2024-02-11,28.79,Real
CL0025,2024-02-12,46.48,Real
CL0025,2024-02-13,45.0,Estimada
CL0025,2024-02-14,51.43,Real
CL0025,2024-02-15,37.96,Real
CL0025,2024-02-16,38.8,Real
CL0025,2024-02-17,19.41,Real
CL0025,2024-02-18,24.34,Real
CL0025,2024-02-19,29.46,Real
CL0025,2024-02-20,27.56,Real
CL0025,2024-02-21,49.03,Real
CL0025,2024-02-22,28.02,Real
CL0025,2024-02-23,32.56,Real
CL0025,2024-02-24,9.09,Real
CL0025,2024-02-25,24.23,Real
CL0025,2024-02-26,42.38,Real
CL0025,2024-02-27,26.23,Real
CL0025,2024-02-28,51.7,Real
CL0025,2024-02-29,37.45,Real
CL0025,2024-03-01,40.09,Real
CL0025,2024-03-02,46.46,Real
CL0025,2024-03-03,28.71,Real
CL0025,2024-03-04,25.74,Real
CL0025,2024-03-05,43.38,Estimada
CL0025,2024-03-06,24.46,Real
CL0025,2024-03-07,28.57,Real
CL0025,2024-03-08,40.39,Real
CL0025,2024-03-09,14.67,Real
CL0025,2024-03-10,29.29,Real
CL0025,2024-03-11,40.4,Real
CL0025,2024-03-12,30.72,Estimada
CL0025,2024-03-13,34.58,Real
CL0025,2024-03-14,49.71,Real
CL0025,2024-03-15,45.74,Real
CL0025,2024-03-16,19.86,Estimada
CL0025,2024-03-17,21.81,Real
CL0025,2024-03-18,32.2,Real
CL0025,2024-03-19,40.88,Estimada
CL0025,2024-03-20,26.66,Real
CL0025,2024-03-21,39.96,Real
CL0025,2024-03-22,34.96,Real
CL0025,2024-03-23,24.28,Real
CL0025,2024-03-24,17.08,Real
CL0025,2024-03-25,32.52,Real
CL0025,2024-03-26,24.53,Real
CL0025,2024-03-27,32.53,Real
CL0025,2024-03-28,31.48,Estimada
CL0025,2024-03-29,46.24,Real
CL0025,2024-03-30,18.99,Real
CL0025,2024-03-31,31.59,Real
CL0025,2024-04-01,30.48,Real
CL0025,2024-04-02,41.64,Real
CL0025,2024-04-03,33.6,Real
CL0025,2024-04-04,25.06,Real
CL0025,2024-04-05,45.46,Real
CL0025,2024-04-06,8.9,Real
CL0025,2024-04-07,11.13,Real
CL0025,2024-04-08,40.8,Real
CL0025,2024-04-09,24.81,Real
CL0025,2024-04-10,32.49,Real
CL0025,2024-04-11,25.86,Real
CL0025,2024-04-12,29.19,Real
CL0025,2024-04-13,36.07,Estimada
CL0025,2024-04-14,27.42,Real
CL0025,2024-04-15,33.17,Real
CL0025,2024-04-16,33.07,Real
CL0025,2024-04-17,40.18,Real
CL0025,2024-04-18,39.98,Estimada
CL0025,2024-04-19,16.67,Real
CL0025,2024-04-20,33.15,Real
CL0025,2024-04-21,15.06,Real
CL0025,2024-04-22,43.11,Real
CL0025,2024-04-23,25.97,Estimada
CL0025,2024-04-24,38.48,Real
CL0025,2024-04-25,30.25,Real
CL0025,2024-04-26,60.87,Real
CL0025,2024-04-27,37.68,Estimada
CL0025,2024-04-28,23.84,Real
CL0025,2024-04-29,43.66,Real
CL0025,2024-04-30,47.13,Real
CL0025,2024-05-01,32.21,Real
CL0025,2024-05-02,53.21,Real
CL0025,2024-05-03,44.76,Real
CL0025,2024-05-04,21.84,Real
CL0025,2024-05-05,15.01,Real
CL0025,2024-05-06,47.84,Estimada
CL0025,2024-05-07,45.04,Real
CL0025,2024-05-08,27.22,Real
CL0025,2024-05-09,48.19,Real
CL0025,2024-05-10,40.32,Real
CL0025,2024-05-11,20.62,Real
CL0025,2024-05-12,41.52,Real
CL0025,2024-05-13,46.37,Real
CL0025,2024-05-14,47.19,Real
CL0025,2024-05-15,41.8,Real
CL0025,2024-05-16,40.35,Real
CL0025,2024-05-17,41.01,Real
CL0025,2024-05-18,19.14,Real
CL0025,2024-05-19,25.7,Real
CL0025,2024-05-20,46.08,Real
CL0025,2024-05-21,53.43,Real
CL0025,2024-05-22,39.7,Real
CL0025,2024-05-23,46.61,Real
CL0025,2024-05-24,42.24,Real
CL0025,2024-05-25,26.8,Real
CL0025,2024-05-26,35.83,Real
CL0025,2024-05-27,62.32,Real
CL0025,2024-05-28,40.7,Real
CL0025,2024-05-29,57.33,Real
CL0025,2024-05-30,33.06,Real
CL0025,2024-05-31,23.46,Real
CL0025,2024-06-01,30.93,Estimada
CL0025,2024-06-02,23.43,Real
CL0025,2024-06-03,53.73,Estimada
CL0025,2024-06-04,56.11,Real
CL0025,2024-06-05,45.46,Real
CL0025,2024-06-06,27.72,Real
CL0025,2024-06-07,61.15,Real
CL0025,2024-06-08,38.26,Real
CL0025,2024-06-09,26.31,Real
CL0025,2024-06-10,34.95,Real
CL0025,2024-06-11,63.46,Real
CL0025,2024-06-12,41.14,Real
CL0025,2024-06-13,43.95,Real
CL0025,2024-06-14,42.85,Real
CL0025,2024-06-15,38.93,Real
CL0025,2024-06-16,38.33,Real
CL0025,2024-06-17,49.49,Real
CL0025,2024-06-18,56.06,Real
CL0025,2024-06-19,55.79,Real
CL0025,2024-06-20,45.14,Real
CL0025,2024-06-21,43.5,Real
CL0025,2024-06-22,22.9,Real
CL0025,2024-06-23,49.5,Real
CL0025,2024-06-24,50.23,Real
CL0025,2024-06-25,56.56,Real
CL0025,2024-06-26,59.88,Real
CL0025,2024-06-27,50.08,Real
CL0025,2024-06-28,58.64,Real
CL0026,2024-01-01,8.61,Real
CL0026,2024-01-02,4.16,Real
CL0026,2024-01-03,6.5,Estimada
CL0026,2024-01-04,7.69,Real
CL0026,2024-01-05,8.71,Real
CL0026,2024-01-06,8.92,Real
CL0026,2024-01-07,13.86,Real
CL0026,2024-01-08,4.76,Real
CL0026,2024-01-09,10.15,Estimada
CL0026,2024-01-10,7.59,Real
CL0026,2024-01-11,11.73,Real
CL0026,2024-01-12,8.72,Real
CL0026,2024-01-13,10.62,Estimada
CL0026,2024-01-14,12.46,Real
CL0026,2024-01-15,8.74,Estimada
CL0026,2024-01-16,5.25,Estimada
CL0026,2024-01-17,10.29,Real
CL0026,2024-01-18,6.43,Real
CL0026,2024-01-19,8.32,Real
CL0026,2024-01-20,12.91,Real
CL0026,2024-01-21,13.91,Real
CL0026,2024-01-22,7.28,Real
CL0026,2024-01-23,4.73,Real
CL0026,2024-01-24,8.15,Real
CL0026,2024-01-25,9.34,Real
CL0026,2024-01-26,7.33,Real
CL0026,2024-01-27,11.51,Real
CL0026,2024-01-28,12.98,Real
CL0026,2024-01-29,10.85,Real
CL0026,2024-01-30,7.06,Real
CL0026,2024-01-31,8.4,Real
CL0026,2024-02-01,11.95,Real
CL0026,2024-02-02,9.53,Real
CL0026,2024-02-03,6.35,Estimada
CL0026,2024-02-04,9.39,Real
CL0026,2024-02-05,4.34,Real
CL0026,2024-02-06,3.55,Real
CL0026,2024-02-07,7.81,Real
CL0026,2024-02-08,8.12,Real
CL0026,2024-02-09,4.76,Real
CL0026,2024-02-10,10.42,Real
CL0026,2024-02-11,12.94,Real
CL0026,2024-02-12,5.14,Real
CL0026,2024-02-13,7.27,Real
CL0026,2024-02-14,6.41,Real
CL0026,2024-02-15,3.28,Real
CL0026,2024-02-16,4.34,Real
CL0026,2024-02-17,12.38,Real
CL0026,2024-02-18,10.12,Real
CL0026,2024-02-19,8.1,Real
CL0026,2024-02-20,8.68,Real
CL0026,2024-02-21,5.43,Real
CL0026,2024-02-22,5.57,Estimada
CL0026,2024-02-23,5.74,Real
CL0026,2024-02-24,11.12,Real
CL0026,2024-02-25,11.81,Real
CL0026,2024-02-26,12.36,Real
CL0026,2024-02-27,9.87,Real
CL0026,2024-02-28,5.6,Real
CL0026,2024-02-29,9.45,Real
CL0026,2024-03-01,9.39,Real
CL0026,2024-03-02,7.43,Real
CL0026,2024-03-03,6.94,Real
CL0026,2024-03-04,8.68,Real
CL0026,2024-03-05,6.22,Real
CL0026,2024-03-06,9.16,Estimada
CL0026,2024-03-07,10.57,Real
CL0026,2024-03-08,6.49,Real
CL0026,2024-03-09,12.51,Estimada
CL0026,2024-03-10,5.67,Real
CL0026,2024-03-11,7.2,Estimada
CL0026,2024-03-12,12.36,Real
CL0026,2024-03-13,7.76,Real
CL0026,2024-03-14,6.37,Real
CL0026,2024-03-15,5.95,Real
CL0026,2024-03-16,9.5,Estimada
CL0026,2024-03-17,8.6,Real
CL0026,2024-03-18,6.59,Real
CL0026,2024-03-19,7.21,Real
CL0026,2024-03-20,5.1,Real
CL0026,2024-03-21,4.92,Real
CL0026,2024-03-22,5.58,Real
CL0026,2024-03-23,10.28,Real
CL0026,2024-03-24,10.64,Real
CL0026,2024-03-25,4.45,Estimada
CL0026,2024-03-26,8.49,Estimada
CL0026,2024-03-27,5.73,Real
CL0026,2024-03-28,7.01,Real
CL0026,2024-03-29,5.03,Real
CL0026,2024-03-30,10.34,Real
CL0026,2024-03-31,10.39,Real
CL0026,2024-04-01,8.83,Real
CL0026,2024-04-02,4.9,Real
CL0026,2024-04-03,8.18,Real
CL0026,2024-04-04,9.03,Real
CL0026,2024-04-05,8.3,Estimada
CL0026,2024-04-06,12.01,Real
CL0026,2024-04-07,10.22,Real
CL0026,2024-04-08,6.03,Real
CL0026,2024-04-09,7.95,Real
CL0026,2024-04-10,10.72,Real
CL0026,2024-04-11,10.6,Real
CL0026,2024-04-12,9.09,Estimada
CL0026,2024-04-13,10.17,Real
CL0026,2024-04-14,11.52,Real
CL0026,2024-04-15,7.57,Estimada
CL0026,2024-04-16,7.34,Real
CL0026,2024-04-17,3.83,Estimada
CL0026,2024-04-18,8.94,Real
CL0026,2024-04-19,7.45,Real
CL0026,2024-04-20,11.89,Real
CL0026,2024-04-21,9.68,Real
CL0026,2024-04-22,4.14,Estimada
CL0026,2024-04-23,7.7,Real
CL0026,2024-04-24,7.09,Real
CL0026,2024-04-25,8.32,Real
CL0026,2024-04-26,6.23,Real
CL0026,2024-04-27,7.7,Real
CL0026,2024-04-28,6.88,Real
CL0026,2024-04-29,5.96,Real
CL0026,2024-04-30,10.27,Estimada
CL0026,2024-05-01,5.61,Real
CL0026,2024-05-02,7.79,Real
CL0026,2024-05-03,8.92,Real
CL0026,2024-05-04,13.3,Estimada
CL0026,2024-05-05,11.99,Real
CL0026,2024-05-06,9.5,Real
CL0026,2024-05-07,3.89,Estimada
CL0026,2024-05-08,12.86,Real
CL0026,2024-05-09,7.92,Real
CL0026,2024-05-10,5.97,Real
CL0026,2024-05-11,8.16,Estimada
CL0026,2024-05-12,13.08,Real
CL0026,2024-05-13,3.19,Real
CL0026,2024-05-14,5.51,Real
CL0026,2024-05-15,10.75,Real
CL0026,2024-05-16,8.96,Real
CL0026,2024-05-17,4.4,Real
CL0026,2024-05-18,10.02,Real
CL0026,2024-05-19,11.49,Real
CL0026,2024-05-20,9.45,Real
CL0026,2024-05-21,8.62,Estimada
CL0026,2024-05-22,9.87,Real
CL0026,2024-05-23,7.2,Real
CL0026,2024-05-24,10.67,Estimada
CL0026,2024-05-25,8.77,Real
CL0026,2024-05-26,15.98,Real
CL0026,2024-05-27,7.93,Real
CL0026,2024-05-28,9.31,Real
CL0026,2024-05-29,5.29,Real
CL0026,2024-05-30,8.01,Real
CL0026,2024-05-31,9.02,Real
CL0026,2024-06-01,13.06,Real
CL0026,2024-06-02,17.79,Estimada
CL0026,2024-06-03,4.39,Real
CL0026,2024-06-04,6.24,Real
CL0026,2024-06-05,9.88,Real
CL0026,2024-06-06,8.13,Real
CL0026,2024-06-07,10.29,Estimada
CL0026,2024-06-08,14.67,Real
CL0026,2024-06-09,10.98,Estimada
CL0026,2024-06-10,9.47,Real
CL0026,2024-06-11,8.66,Real
CL0026,2024-06-12,9.45,Real
CL0026,2024-06-13,6.48,Real
CL0026,2024-06-14,13.86,Real
CL0026,2024-06-15,13.04,Real
CL0026,2024-06-16,15.63,Real
CL0026,2024-06-17,6.46,Real
CL0026,2024-06-18,6.3,Real
CL0026,2024-06-19,8.64,Real
CL0026,2024-06-20,11.6,Real
CL0026,2024-06-21,7.38,Real
CL0026,2024-06-22,14.03,Real
CL0026,2024-06-23,11.93,Estimada
CL0026,2024-06-24,11.32,Real
CL0026,2024-06-25,14.92,Real
CL0026,2024-06-26,11.66,Real
CL0026,2024-06-27,12.56,Real
CL0026,2024-06-28,8.05,Real
CL0027,2024-01-01,36.84,Real
CL0027,2024-01-02,32.23,Real
CL0027,2024-01-03,16.58,Real
CL0027,2024-01-04,35.1,Real
CL0027,2024-01-05,36.8,Estimada
CL0027,2024-01-06,25.17,Real
CL0027,2024-01-07,20.4,Real
CL0027,2024-01-08,39.92,Real
CL0027,2024-01-09,48.35,Real
CL0027,2024-01-10,35.74,Real
CL0027,2024-01-11,39.53,Real
CL0027,2024-01-12,36.05,Real
CL0027,2024-01-13,34.11,Real
CL0027,2024-01-14,21.93,Real
CL0027,2024-01-15,29.69,Real
CL0027,2024-01-16,43.33,Real
CL0027,2024-01-17,39.05,Real
CL0027,2024-01-18,43.17,Real
CL0027,2024-01-19,36.95,Real
CL0027,2024-01-20,29.32,Real
CL0027,2024-01-21,36.98,Estimada
CL0027,2024-01-22,41.06,Estimada
CL0027,2024-01-23,29.69,Real
CL0027,2024-01-24,45.18,Real
CL0027,2024-01-25,29.61,Real
CL0027,2024-01-26,22.65,Real
CL0027,2024-01-27,21.63,Real
CL0027,2024-01-28,44.25,Real
CL0027,2024-01-29,44.53,Real
CL0027,2024-01-30,41.23,Estimada
CL0027,2024-01-31,44.69,Real
CL0027,2024-02-01,46.67,Real
CL0027,2024-02-02,35.77,Real
CL0027,2024-02-03,22.37,Real
CL0027,2024-02-04,27.43,Real
CL0027,2024-02-05,13.54,Real
CL0027,2024-02-06,50.39,Real
CL0027,2024-02-07,32.44,Real
CL0027,2024-02-08,34.31,Real
CL0027,2024-02-09,32.89,Real
CL0027,2024-02-10,8.31,Real
CL0027,2024-02-11,26.61,Real
CL0027,2024-02-12,36.57,Real
CL0027,2024-02-13,33.35,Real
CL0027,2024-02-14,35.99,Real
CL0027,2024-02-15,40.27,Real
CL0027,2024-02-16,46.6,Real
CL0027,2024-02-17,25.6,Real
CL0027,2024-02-18,29.23,Real
CL0027,2024-02-19,27.85,Real
CL0027,2024-02-20,30.22,Real
CL0027,2024-02-21,25.12,Real
CL0027,2024-02-22,36.37,Estimada
CL0027,2024-02-23,29.74,Real
CL0027,2024-02-24,29.39,Real
CL0027,2024-02-25,29.6,Real
CL0027,2024-02-26,39.25,Real
CL0027,2024-02-27,29.22,Real
CL0027,2024-02-28,22.77,Real
CL0027,2024-02-29,9.68,Real
CL0027,2024-03-01,35.23,Real
CL0027,2024-03-02,30.38,Real
CL0027,2024-03-03,14.19,Estimada
CL0027,2024-03-04,28.78,Real
CL0027,2024-03-05,23.81,Real
CL0027,2024-03-06,7.96,Real
CL0027,2024-03-07,42.77,Real
CL0027,2024-03-08,39.16,Real
CL0027,2024-03-09,8.62,Real
CL0027,2024-03-10,25.01,Real
CL0027,2024-03-11,43.17,Real
CL0027,2024-03-12,35.48,Real
CL0027,2024-03-13,7.71,Real
CL0027,2024-03-14,31.64,Real
CL0027,2024-03-15,10.29,Real
CL0027,2024-03-16,31.0,Real
CL0027,2024-03-17,28.37,Real
CL0027,2024-03-18,27.48,Real
CL0027,2024-03-19,12.11,Estimada
CL0027,2024-03-20,44.31,Real
CL0027,2024-03-21,34.82,Real
CL0027,2024-03-22,20.13,Real
CL0027,2024-03-23,17.57,Real
CL0027,2024-03-24,43.91,Real
CL0027,2024-03-25,37.91,Real
CL0027,2024-03-26,9.9,Real
CL0027,2024-03-27,9.22,Real
CL0027,2024-03-28,25.42,Real
CL0027,2024-03-29,28.92,Real
CL0027,2024-03-30,11.62,Real
CL0027,2024-03-31,19.19,Real
CL0027,2024-04-01,26.86,Real
CL0027,2024-04-02,20.44,Real
CL0027,2024-04-03,23.67,Real
CL0027,2024-04-04,19.85,Real
CL0027,2024-04-05,24.76,Real
CL0027,2024-04-06,12.69,Real
CL0027,2024-04-07,39.52,Real
CL0027,2024-04-08,39.4,Real
CL0027,2024-04-09,14.3,Real
CL0027,2024-04-10,32.5,Real
CL0027,2024-04-11,31.96,Real
CL0027,2024-04-12,50.03,Real
CL0027,2024-04-13,27.64,Real
CL0027,2024-04-14,32.9,Estimada
CL0027,2024-04-15,46.8,Estimada
CL0027,2024-04-16,38.4,Real
CL0027,2024-04-17,31.44,Real
CL0027,2024-04-18,16.3,Real
CL0027,2024-04-19,33.33,Real
CL0027,2024-04-20,15.18,Real
CL0027,2024-04-21,27.12,Real
CL0027,2024-04-22,44.21,Real
CL0027,2024-04-23,44.25,Real
CL0027,2024-04-24,26.44,Real
CL0027,2024-04-25,40.18,Real
CL0027,2024-04-26,16.81,Real
CL0027,2024-04-27,34.2,Real
CL0027,2024-04-28,17.2,Real
CL0027,2024-04-29,25.14,Real
CL0027,2024-04-30,26.97,Real
CL0027,2024-05-01,27.69,Real
CL0027,2024-05-02,36.69,Estimada
CL0027,2024-05-03,43.53,Real
CL0027,2024-05-04,27.63,Real
CL0027,2024-05-05,30.31,Estimada
CL0027,2024-05-06,37.73,Real
CL0027,2024-05-07,45.73,Real
CL0027,2024-05-08,41.91,Real
CL0027,2024-05-09,11.12,Real
CL0027,2024-05-10,45.9,Real
CL0027,2024-05-11,18.38,Real
CL0027,2024-05-12,3.16,Estimada
CL0027,2024-05-13,37.69,Real
CL0027,2024-05-14,35.48,Real
CL0027,2024-05-15,35.34,Estimada
CL0027,2024-05-16,23.04,Real
CL0027,2024-05-17,28.57,Real
CL0027,2024-05-18,49.8,Real
CL0027,2024-05-19,23.9,Real
CL0027,2024-05-20,25.65,Real
CL0027,2024-05-21,63.03,Real
CL0027,2024-05-22,42.49,Real
CL0027,2024-05-23,31.83,Real
CL0027,2024-05-24,35.07,Real
CL0027,2024-05-25,26.99,Real
CL0027,2024-05-26,30.03,Estimada
CL0027,2024-05-27,31.38,Real
CL0027,2024-05-28,22.2,Real
CL0027,2024-05-29,21.86,Real
CL0027,2024-05-30,29.64,Real
CL0027,2024-05-31,37.85,Real
CL0027,2024-06-01,34.99,Real
CL0027,2024-06-02,26.27,Real
CL0027,2024-06-03,54.08,Real
CL0027,2024-06-04,60.22,Real
CL0027,2024-06-05,62.48,Real
CL0027,2024-06-06,37.18,Real
CL0027,2024-06-07,45.99,Real
CL0027,2024-06-08,35.62,Real
CL0027,2024-06-09,27.16,Real
CL0027,2024-06-10,48.02,Real
CL0027,2024-06-11,52.58,Real
CL0027,2024-06-12,17.91,Real
CL0027,2024-06-13,47.48,Real
CL0027,2024-06-14,46.89,Real
CL0027,2024-06-15,31.69,Real
CL0027,2024-06-16,32.71,Real
CL0027,2024-06-17,47.97,Real
CL0027,2024-06-18,39.71,Real
CL0027,2024-06-19,36.05,Real
CL0027,2024-06-20,54.68,Estimada
CL0027,2024-06-21,44.67,Real
CL0027,2024-06-22,23.69,Real
CL0027,2024-06-23,37.68,Real
CL0027,2024-06-24,41.4,Real
CL0027,2024-06-25,39.94,Real
CL0027,2024-06-26,49.69,Estimada
CL0027,2024-06-27,38.21,Real
CL0027,2024-06-28,48.18,Real
CL0028,2024-01-01,56.1,Real
CL0028,2024-01-02,47.85,Real
CL0028,2024-01-03,56.6,Estimada
CL0028,2024-01-04,28.12,Real
CL0028,2024-01-05,36.25,Real
CL0028,2024-01-06,42.2,Real
CL0028,2024-01-07,44.83,Estimada
CL0028,2024-01-08,53.73,Estimada
CL0028,2024-01-09,63.85,Real
CL0028,2024-01-10,41.74,Real
CL0028,2024-01-11,55.09,Real
CL0028,2024-01-12,58.71,Real
CL0028,2024-01-13,21.35,Real
CL0028,2024-01-14,35.33,Real
CL0028,2024-01-15,44.43,Real
CL0028,2024-01-16,34.17,Real
CL0028,2024-01-17,55.87,Real
CL0028,2024-01-18,47.74,Real
CL0028,2024-01-19,44.48,Real
CL0028,2024-01-20,28.93,Real
CL0028,2024-01-21,30.94,Real
CL0028,2024-01-22,70.49,Real
CL0028,2024-01-23,43.34,Real
CL0028,2024-01-24,46.38,Real
CL0028,2024-01-25,64.3,Real
CL0028,2024-01-26,50.32,Real
CL0028,2024-01-27,42.92,Estimada
CL0028,2024-01-28,45.37,Real
CL0028,2024-01-29,33.51,Estimada
CL0028,2024-01-30,25.67,Real
CL0028,2024-01-31,49.31,Estimada
CL0028,2024-02-01,52.75,Real
CL0028,2024-02-02,30.59,Real
CL0028,2024-02-03,26.75,Estimada
CL0028,2024-02-04,23.39,Real
CL0028,2024-02-05,14.26,Real
CL0028,2024-02-06,24.52,Real
CL0028,2024-02-07,47.99,Estimada
CL0028,2024-02-08,48.02,Real
CL0028,2024-02-09,33.18,Real
CL0028,2024-02-10,29.87,Real
CL0028,2024-02-11,28.57,Estimada
CL0028,2024-02-12,36.91,Real
CL0028,2024-02-13,44.64,Real
CL0028,2024-02-14,51.94,Real
CL0028,2024-02-15,68.48,Real
CL0028,2024-02-16,38.85,Real
CL0028,2024-02-17,40.8,Real
CL0028,2024-02-18,35.27,Real
CL0028,2024-02-19,40.1,Real
CL0028,2024-02-20,38.97,Real
CL0028,2024-02-21,46.05,Real
CL0028,2024-02-22,51.45,Real
CL0028,2024-02-23,44.95,Real
CL0028,2024-02-24,36.76,Real
CL0028,2024-02-25,16.65,Real
CL0028,2024-02-26,11.62,Real
CL0028,2024-02-27,55.83,Real
CL0028,2024-02-28,41.71,Real
CL0028,2024-02-29,31.78,Real
CL0028,2024-03-01,38.86,Real
CL0028,2024-03-02,22.34,Real
CL0028,2024-03-03,13.28,Real
CL0028,2024-03-04,38.31,Real
CL0028,2024-03-05,25.13,Real
CL0028,2024-03-06,34.98,Estimada
CL0028,2024-03-07,63.43,Real
CL0028,2024-03-08,46.28,Real
CL0028,2024-03-09,47.31,Estimada
CL0028,2024-03-10,25.87,Real
CL0028,2024-03-11,45.81,Real
CL0028,2024-03-12,50.33,Real
CL0028,2024-03-13,34.24,Real
CL0028,2024-03-14,34.99,Real
CL0028,2024-03-15,59.48,Real
CL0028,2024-03-16,30.15,Real
CL0028,2024-03-17,10.99,Real
CL0028,2024-03-18,42.45,Real
CL0028,2024-03-19,40.09,Real
CL0028,2024-03-20,39.58,Estimada
CL0028,2024-03-21,46.41,Real
CL0028,2024-03-22,29.09,Real
CL0028,2024-03-23,37.0,Real
CL0028,2024-03-24,15.03,Real
CL0028,2024-03-25,38.03,Estimada
CL0028,2024-03-26,51.51,Real
CL0028,2024-03-27,36.69,Real
CL0028,2024-03-28,42.59,Real
CL0028,2024-03-29,16.41,Real
CL0028,2024-03-30,40.59,Real
CL0028,2024-03-31,42.64,Real
CL0028,2024-04-01,51.37,Real
CL0028,2024-04-02,40.29,Real
CL0028,2024-04-03,44.51,Real
CL0028,2024-04-04,55.93,Real
CL0028,2024-04-05,38.45,Real
CL0028,2024-04-06,60.23,Real
CL0028,2024-04-07,27.41,Real
CL0028,2024-04-08,64.77,Real
CL0028,2024-04-09,45.73,Real
CL0028,2024-04-10,58.8,Real
CL0028,2024-04-11,38.71,Real
CL0028,2024-04-12,46.05,Estimada
CL0028,2024-04-13,41.51,Real
CL0028,2024-04-14,34.84,Real
CL0028,2024-04-15,36.26,Estimada
CL0028,2024-04-16,53.41,Real
CL0028,2024-04-17,69.89,Estimada
CL0028,2024-04-18,53.23,Real
CL0028,2024-04-19,33.42,Real
CL0028,2024-04-20,44.73,Real
CL0028,2024-04-21,22.55,Real
CL0028,2024-04-22,54.5,Real
CL0028,2024-04-23,28.19,Real
CL0028,2024-04-24,48.94,Real
CL0028,2024-04-25,33.76,Real
CL0028,2024-04-26,61.84,Real
CL0028,2024-04-27,19.52,Real
CL0028,2024-04-28,53.53,Real
CL0028,2024-04-29,43.75,Real
CL0028,2024-04-30,43.67,Real
CL0028,2024-05-01,57.18,Real
CL0028,2024-05-02,46.41,Real
CL0028,2024-05-03,62.97,Real
CL0028,2024-05-04,43.66,Real
CL0028,2024-05-05,31.17,Real
CL0028,2024-05-06,54.04,Real
CL0028,2024-05-07,34.09,Real
CL0028,2024-05-08,63.0,Real
CL0028,2024-05-09,55.83,Real
CL0028,2024-05-10,37.03,Real
CL0028,2024-05-11,15.85,Estimada
CL0028,2024-05-12,38.89,Real
CL0028,2024-05-13,48.88,Real
CL0028,2024-05-14,19.02,Real
CL0028,2024-05-15,71.62,Real
CL0028,2024-05-16,51.16,Real
CL0028,2024-05-17,50.4,Real
CL0028,2024-05-18,52.24,Real
CL0028,2024-05-19,27.29,Estimada
CL0028,2024-05-20,61.1,Real
CL0028,2024-05-21,68.37,Real
CL0028,2024-05-22,48.94,Estimada
CL0028,2024-05-23,70.03,Real
CL0028,2024-05-24,35.49,Real
CL0028,2024-05-25,40.18,Estimada
CL0028,2024-05-26,34.1,Real
CL0028,2024-05-27,59.28,Real
CL0028,2024-05-28,56.97,Real
CL0028,2024-05-29,37.62,Real
CL0028,2024-05-30,51.47,Real
CL0028,2024-05-31,57.92,Real
CL0028,2024-06-01,37.44,Estimada
CL0028,2024-06-02,48.58,Real
CL0028,2024-06-03,76.21,Real
CL0028,2024-06-04,47.33,Real
CL0028,2024-06-05,92.11,Real
CL0028,2024-06-06,45.37,Real
CL0028,2024-06-07,63.88,Estimada
CL0028,2024-06-08,22.91,Real
CL0028,2024-06-09,38.89,Real
CL0028,2024-06-10,68.04,Real
CL0028,2024-06-11,71.43,Real
CL0028,2024-06-12,62.22,Real
CL0028,2024-06-13,62.88,Real
CL0028,2024-06-14,73.11,Real
CL0028,2024-06-15,36.81,Real
CL0028,2024-06-16,54.82,Real
CL0028,2024-06-17,69.27,Real
CL0028,2024-06-18,61.46,Real
CL0028,2024-06-19,79.78,Real
CL0028,2024-06-20,66.03,Real
CL0028,2024-06-21,61.4,Real
CL0028,2024-06-22,48.34,Real
CL0028,2024-06-23,53.91,Real
CL0028,2024-06-24,44.48,Real
CL0028,2024-06-25,55.86,Real
CL0028,2024-06-26,67.57,Real
CL0028,2024-06-27,65.58,Real
CL0028,2024-06-28,53.13,Real
CL0029,2024-01-01,17.09,Real
CL0029,2024-01-02,18.26,Real
CL0029,2024-01-03,21.19,Real
CL0029,2024-01-04,19.71,Real
CL0029,2024-01-05,22.15,Real
CL0029,2024-01-06,26.35,Real
CL0029,2024-01-07,27.92,Real
CL0029,2024-01-08,26.81,Real
CL0029,2024-01-09,17.48,Real
CL0029,2024-01-10,16.44,Real
CL0029,2024-01-11,8.09,Estimada
CL0029,2024-01-12,21.22,Real
CL0029,2024-01-13,27.7,Real
CL0029,2024-01-14,29.27,Real
CL0029,2024-01-15,15.78,Real
CL0029,2024-01-16,13.12,Real
CL0029,2024-01-17,22.88,Real
CL0029,2024-01-18,16.78,Real
CL0029,2024-01-19,18.01,Real
CL0029,2024-01-20,19.38,Estimada
CL0029,2024-01-21,31.32,Real
CL0029,2024-01-22,18.7,Real
CL0029,2024-01-23,14.19,Real
CL0029,2024-01-24,13.72,Estimada
CL0029,2024-01-25,15.23,Real
CL0029,2024-01-26,21.35,Real
CL0029,2024-01-27,26.96,Real
CL0029,2024-01-28,38.31,Real
CL0029,2024-01-29,20.04,Real
CL0029,2024-01-30,14.47,Real
CL0029,2024-01-31,12.12,Real
CL0029,2024-02-01,11.56,Real
CL0029,2024-02-02,22.11,Real
CL0029,2024-02-03,18.9,Real
CL0029,2024-02-04,28.14,Real
CL0029,2024-02-05,5.33,Real
CL0029,2024-02-06,25.1,Real
CL0029,2024-02-07,15.88,Real
CL0029,2024-02-08,5.41,Real
CL0029,2024-02-09,11.68,Estimada
CL0029,2024-02-10,33.97,Real
CL0029,2024-02-11,26.41,Real
CL0029,2024-02-12,9.71,Real
CL0029,2024-02-13,14.78,Real
CL0029,2024-02-14,12.7,Real
CL0029,2024-02-15,22.97,Real
CL0029,2024-02-16,25.77,Real
CL0029,2024-02-17,31.86,Estimada
CL0029,2024-02-18,20.68,Real
CL0029,2024-02-19,16.82,Real
CL0029,2024-02-20,6.34,Real
CL0029,2024-02-21,15.96,Real
CL0029,2024-02-22,5.87,Real
CL0029,2024-02-23,21.9,Real
CL0029,2024-02-24,24.63,Estimada
CL0029,2024-02-25,22.32,Real
CL0029,2024-02-26,14.73,Real
CL0029,2024-02-27,20.98,Estimada
CL0029,2024-02-28,21.63,Real
CL0029,2024-02-29,13.9,Real
CL0029,2024-03-01,18.9,Real
CL0029,2024-03-02,19.12,Estimada
CL0029,2024-03-03,21.29,Real
CL0029,2024-03-04,16.85,Real
CL0029,2024-03-05,13.73,Real
CL0029,2024-03-06,14.57,Real
CL0029,2024-03-07,12.03,Real
CL0029,2024-03-08,21.2,Estimada
CL0029,2024-03-09,17.84,Real
CL0029,2024-03-10,21.1,Real
CL0029,2024-03-11,18.18,Real
CL0029,2024-03-12,22.4,Real
CL0029,2024-03-13,13.74,Real
CL0029,2024-03-14,8.92,Real
CL0029,2024-03-15,13.37,Real
CL0029,2024-03-16,26.84,Real
CL0029,2024-03-17,20.4,Estimada
CL0029,2024-03-18,25.88,Real
CL0029,2024-03-19,17.27,Real
CL0029,2024-03-20,21.69,Real
CL0029,2024-03-21,16.36,Real
CL0029,2024-03-22,1.67,Estimada
CL0029,2024-03-23,20.98,Real
CL0029,2024-03-24,27.5,Real
CL0029,2024-03-25,15.38,Real
CL0029,2024-03-26,8.45,Real
CL0029,2024-03-27,13.6,Real
CL0029,2024-03-28,20.4,Real
CL0029,2024-03-29,14.43,Real
CL0029,2024-03-30,16.82,Real
CL0029,2024-03-31,17.0,Real
CL0029,2024-04-01,16.74,Real
CL0029,2024-04-02,15.56,Real
CL0029,2024-04-03,21.32,Real
CL0029,2024-04-04,11.87,Real
CL0029,2024-04-05,6.04,Real
CL0029,2024-04-06,20.69,Real
CL0029,2024-04-07,34.09,Real
CL0029,2024-04-08,12.85,Real
CL0029,2024-04-09,15.86,Real
CL0029,2024-04-10,13.84,Real
CL0029,2024-04-11,6.93,Real
CL0029,2024-04-12,6.34,Real
CL0029,2024-04-13,23.05,Real
CL0029,2024-04-14,26.54,Estimada
CL0029,2024-04-15,17.06,Real
CL0029,2024-04-16,16.06,Real
CL0029,2024-04-17,21.99,Real
CL0029,2024-04-18,20.79,Real
CL0029,2024-04-19,7.47,Real
CL0029,2024-04-20,19.67,Real
CL0029,2024-04-21,25.46,Real
CL0029,2024-04-22,15.97,Real
CL0029,2024-04-23,21.2,Real
CL0029,2024-04-24,17.07,Estimada
CL0029,2024-04-25,18.23,Real
CL0029,2024-04-26,11.44,Real
CL0029,2024-04-27,12.12,Real
CL0029,2024-04-28,18.02,Real
CL0029,2024-04-29,20.47,Real
CL0029,2024-04-30,15.04,Real
CL0029,2024-05-01,22.61,Estimada
CL0029,2024-05-02,16.91,Real
CL0029,2024-05-03,15.73,Real
CL0029,2024-05-04,7.6,Real
CL0029,2024-05-05,14.05,Real
CL0029,2024-05-06,15.08,Real
CL0029,2024-05-07,19.27,Real
CL0029,2024-05-08,17.9,Real
CL0029,2024-05-09,21.58,Real
CL0029,2024-05-10,27.48,Real
CL0029,2024-05-11,23.07,Real
CL0029,2024-05-12,24.78,Real
CL0029,2024-05-13,9.46,Real
CL0029,2024-05-14,17.25,Estimada
CL0029,2024-05-15,23.31,Real
CL0029,2024-05-16,25.75,Real
CL0029,2024-05-17,21.75,Real
CL0029,2024-05-18,31.0,Real
CL0029,2024-05-19,30.48,Real
CL0029,2024-05-20,14.16,Real
CL0029,2024-05-21,22.09,Real
CL0029,2024-05-22,19.14,Real
CL0029,2024-05-23,15.78,Real
CL0029,2024-05-24,16.22,Real
CL0029,2024-05-25,20.37,Real
CL0029,2024-05-26,20.76,Real
CL0029,2024-05-27,18.27,Real
CL0029,2024-05-28,12.89,Real
CL0029,2024-05-29,17.61,Real
CL0029,2024-05-30,19.3,Real
CL0029,2024-05-31,14.89,Real
CL0029,2024-06-01,31.45,Real
CL0029,2024-06-02,38.38,Real
CL0029,2024-06-03,22.67,Real
CL0029,2024-06-04,32.85,Real
CL0029,2024-06-05,15.06,Real
CL0029,2024-06-06,15.44,Real
CL0029,2024-06-07,21.52,Real
CL0029,2024-06-08,25.5,Real
CL0029,2024-06-09,31.25,Real
CL0029,2024-06-10,28.6,Real
CL0029,2024-06-11,22.6,Real
CL0029,2024-06-12,25.41,Real
CL0029,2024-06-13,23.42,Real
CL0029,2024-06-14,22.62,Real
CL0029,2024-06-15,19.73,Real
CL0029,2024-06-16,25.99,Real
CL0029,2024-06-17,14.6,Real
CL0029,2024-06-18,32.39,Real
CL0029,2024-06-19,16.15,Real
CL0029,2024-06-20,19.0,Real
CL0029,2024-06-21,17.55,Real
CL0029,2024-06-22,24.77,Real
CL0029,2024-06-23,40.49,Real
CL0029,2024-06-24,20.76,Real
CL0029,2024-06-25,22.57,Real
CL0029,2024-06-26,24.64,Real
CL0029,2024-06-27,23.53,Real
CL0029,2024-06-28,26.11,Real
CL0030,2024-01-01,60.32,Real
CL0030,2024-01-02,48.8,Real
CL0030,2024-01-03,40.37,Real
CL0030,2024-01-04,34.11,Real
CL0030,2024-01-05,56.06,Real
CL0030,2024-01-06,45.07,Real
CL0030,2024-01-07,48.44,Estimada
CL0030,2024-01-08,57.19,Real
CL0030,2024-01-09,39.87,Real
CL0030,2024-01-10,45.26,Estimada
CL0030,2024-01-11,47.61,Real
CL0030,2024-01-12,60.87,Real
CL0030,2024-01-13,30.0,Real
CL0030,2024-01-14,31.41,Estimada
CL0030,2024-01-15,52.49,Real
CL0030,2024-01-16,42.91,Real
CL0030,2024-01-17,63.9,Real
CL0030,2024-01-18,63.7,Real
CL0030,2024-01-19,57.54,Real
CL0030,2024-01-20,37.94,Real
CL0030,2024-01-21,33.07,Real
CL0030,2024-01-22,49.75,Real
CL0030,2024-01-23,45.9,Real
CL0030,2024-01-24,31.35,Real
CL0030,2024-01-25,49.87,Estimada
CL0030,2024-01-26,70.71,Real
CL0030,2024-01-27,48.21,Real
CL0030,2024-01-28,23.16,Real
CL0030,2024-01-29,48.06,Real
CL0030,2024-01-30,75.55,Real
CL0030,2024-01-31,83.84,Real
CL0030,2024-02-01,49.93,Real
CL0030,2024-02-02,51.09,Real
CL0030,2024-02-03,39.43,Real
CL0030,2024-02-04,40.52,Real
CL0030,2024-02-05,14.03,Real
CL0030,2024-02-06,17.26,Real
CL0030,2024-02-07,78.8,Real
CL0030,2024-02-08,33.32,Real
CL0030,2024-02-09,48.06,Real
CL0030,2024-02-10,48.75,Real
CL0030,2024-02-11,33.68,Real
CL0030,2024-02-12,38.64,Real
CL0030,2024-02-13,18.99,Real
CL0030,2024-02-14,50.1,Real
CL0030,2024-02-15,58.87,Real
CL0030,2024-02-16,44.06,Real
CL0030,2024-02-17,48.27,Real
CL0030,2024-02-18,26.45,Real
CL0030,2024-02-19,42.97,Real
CL0030,2024-02-20,60.37,Real
CL0030,2024-02-21,54.53,Real
CL0030,2024-02-22,58.45,Real
CL0030,2024-02-23,22.45,Real
CL0030,2024-02-24,54.46,Real
CL0030,2024-02-25,27.71,Real
CL0030,2024-02-26,44.66,Real
CL0030,2024-02-27,60.63,Real
CL0030,2024-02-28,42.22,Estimada
CL0030,2024-02-29,47.77,Real
CL0030,2024-03-01,65.05,Real
CL0030,2024-03-02,33.88,Real
CL0030,2024-03-03,21.26,Real
CL0030,2024-03-04,29.73,Real
CL0030,2024-03-05,43.45,Real
CL0030,2024-03-06,22.65,Real
CL0030,2024-03-07,50.57,Real
CL0030,2024-03-08,30.85,Real
CL0030,2024-03-09,36.55,Real
CL0030,2024-03-10,9.59,Real
CL0030,2024-03-11,39.18,Real
CL0030,2024-03-12,47.52,Real
CL0030,2024-03-13,20.09,Real
CL0030,2024-03-14,48.29,Real
CL0030,2024-03-15,42.9,Estimada
CL0030,2024-03-16,31.87,Real
CL0030,2024-03-17,34.46,Real
CL0030,2024-03-18,56.86,Real
CL0030,2024-03-19,44.66,Real
CL0030,2024-03-20,35.55,Real
CL0030,2024-03-21,17.47,Real
CL0030,2024-03-22,48.23,Real
CL0030,2024-03-23,40.62,Real
CL0030,2024-03-24,46.86,Estimada
CL0030,2024-03-25,27.15,Real
CL0030,2024-03-26,35.29,Estimada
CL0030,2024-03-27,18.44,Real
CL0030,2024-03-28,45.67,Real
CL0030,2024-03-29,40.11,Real
CL0030,2024-03-30,35.3,Real
CL0030,2024-03-31,34.85,Estimada
CL0030,2024-04-01,30.17,Real
CL0030,2024-04-02,61.84,Real
CL0030,2024-04-03,54.59,Real
CL0030,2024-04-04,62.08,Real
CL0030,2024-04-05,51.17,Real
CL0030,2024-04-06,50.46,Real
CL0030,2024-04-07,13.34,Real
CL0030,2024-04-08,32.9,Real
CL0030,2024-04-09,58.43,Real
CL0030,2024-04-10,52.85,Real
CL0030,2024-04-11,78.83,Real
CL0030,2024-04-12,26.68,Real
CL0030,2024-04-13,46.88,Real
CL0030,2024-04-14,34.45,Real
CL0030,2024-04-15,46.11,Real
CL0030,2024-04-16,41.1,Real
CL0030,2024-04-17,44.84,Real
CL0030,2024-04-18,26.8,Real
CL0030,2024-04-19,56.03,Real
CL0030,2024-04-20,15.77,Real
CL0030,2024-04-21,37.67,Real
CL0030,2024-04-22,61.43,Real
CL0030,2024-04-23,33.84,Real
CL0030,2024-04-24,45.71,Real
CL0030,2024-04-25,53.49,Estimada
CL0030,2024-04-26,17.23,Real
CL0030,2024-04-27,42.4,Real
CL0030,2024-04-28,25.71,Real
CL0030,2024-04-29,49.5,Real
CL0030,2024-04-30,58.96,Real
CL0030,2024-05-01,28.04,Real
CL0030,2024-05-02,59.19,Real
CL0030,2024-05-03,48.95,Real
CL0030,2024-05-04,34.2,Real
CL0030,2024-05-05,36.61,Real
CL0030,2024-05-06,55.06,Real
CL0030,2024-05-07,64.56,Real
CL0030,2024-05-08,48.74,Real
CL0030,2024-05-09,68.64,Real
CL0030,2024-05-10,55.21,Real
CL0030,2024-05-11,59.2,Real
CL0030,2024-05-12,53.36,Real
CL0030,2024-05-13,48.64,Real
CL0030,2024-05-14,68.49,Real
CL0030,2024-05-15,57.57,Real
CL0030,2024-05-16,42.92,Real
CL0030,2024-05-17,50.77,Real
CL0030,2024-05-18,25.97,Estimada
CL0030,2024-05-19,38.76,Real
CL0030,2024-05-20,59.22,Real
CL0030,2024-05-21,66.38,Real
CL0030,2024-05-22,52.63,Real
CL0030,2024-05-23,18.36,Real
CL0030,2024-05-24,36.62,Real
CL0030,2024-05-25,44.25,Real
CL0030,2024-05-26,54.87,Real
CL0030,2024-05-27,63.1,Real
CL0030,2024-05-28,59.65,Real
CL0030,2024-05-29,44.18,Estimada
CL0030,2024-05-30,42.72,Real
CL0030,2024-05-31,48.11,Real
CL0030,2024-06-01,54.22,Real
CL0030,2024-06-02,44.61,Real
CL0030,2024-06-03,67.3,Estimada
CL0030,2024-06-04,64.6,Real
CL0030,2024-06-05,43.81,Real
CL0030,2024-06-06,63.23,Real
CL0030,2024-06-07,53.39,Real
CL0030,2024-06-08,48.03,Real
CL0030,2024-06-09,25.54,Real
CL0030,2024-06-10,64.1,Estimada
CL0030,2024-06-11,65.38,Real
CL0030,2024-06-12,58.73,Real
CL0030,2024-06-13,58.2,Real
CL0030,2024-06-14,52.39,Real
CL0030,2024-06-15,44.53,Real
CL0030,2024-06-16,34.82,Real
CL0030,2024-06-17,61.72,Real
CL0030,2024-06-18,68.53,Real
CL0030,2024-06-19,59.11,Real
CL0030,2024-06-20,77.84,Real
CL0030,2024-06-21,48.11,Real
CL0030,2024-06-22,35.8,Real
CL0030,2024-06-23,62.04,Real
CL0030,2024-06-24,80.02,Real
CL0030,2024-06-25,53.15,Real
CL0030,2024-06-26,73.62,Real
CL0030,2024-06-27,69.35,Real
CL0030,2024-06-28,59.86,Real
CL0031,2024-01-01,9.12,Estimada
CL0031,2024-01-02,13.49,Real
CL0031,2024-01-03,17.46,Real
CL0031,2024-01-04,14.92,Real
CL0031,2024-01-05,16.05,Real
CL0031,2024-01-06,12.65,Real
CL0031,2024-01-07,25.81,Estimada
CL0031,2024-01-08,16.77,Real
CL0031,2024-01-09,22.03,Real
CL0031,2024-01-10,17.39,Real
CL0031,2024-01-11,13.8,Real
CL0031,2024-01-12,15.41,Real
CL0031,2024-01-13,26.61,Real
CL0031,2024-01-14,25.1,Real
CL0031,2024-01-15,18.68,Real
CL0031,2024-01-16,15.91,Real
CL0031,2024-01-17,20.27,Real
CL0031,2024-01-18,16.9,Real
CL0031,2024-01-19,13.42,Real
CL0031,2024-01-20,13.69,Real
CL0031,2024-01-21,24.9,Real
CL0031,2024-01-22,21.79,Real
CL0031,2024-01-23,17.64,Real
CL0031,2024-01-24,11.17,Real
CL0031,2024-01-25,15.19,Estimada
CL0031,2024-01-26,12.74,Real
CL0031,2024-01-27,27.92,Real
CL0031,2024-01-28,26.48,Real
CL0031,2024-01-29,18.15,Real
CL0031,2024-01-30,18.81,Real
CL0031,2024-01-31,18.11,Real
CL0031,2024-02-01,14.98,Real
CL0031,2024-02-02,12.17,Real
CL0031,2024-02-03,14.07,Real
CL0031,2024-02-04,10.18,Real
CL0031,2024-02-05,12.23,Real
CL0031,2024-02-06,13.51,Real
CL0031,2024-02-07,7.8,Real
CL0031,2024-02-08,15.45,Real
CL0031,2024-02-09,11.63,Real
CL0031,2024-02-10,15.01,Real
CL0031,2024-02-11,17.43,Real
CL0031,2024-02-12,16.92,Real
CL0031,2024-02-13,12.94,Real
CL0031,2024-02-14,16.9,Real
CL0031,2024-02-15,13.01,Real
CL0031,2024-02-16,11.46,Real
CL0031,2024-02-17,28.39,Real
CL0031,2024-02-18,21.09,Real
CL0031,2024-02-19,5.9,Real
CL0031,2024-02-20,17.67,Real
CL0031,2024-02-21,14.31,Real
CL0031,2024-02-22,9.36,Real
CL0031,2024-02-23,17.18,Real
CL0031,2024-02-24,19.71,Real
CL0031,2024-02-25,20.02,Real
CL0031,2024-02-26,11.4,Real
CL0031,2024-02-27,13.3,Real
CL0031,2024-02-28,11.49,Real
CL0031,2024-02-29,11.38,Real
CL0031,2024-03-01,14.97,Real
CL0031,2024-03-02,10.51,Real
CL0031,2024-03-03,24.79,Real
CL0031,2024-03-04,6.76,Real
CL0031,2024-03-05,17.3,Real
CL0031,2024-03-06,12.36,Real
CL0031,2024-03-07,8.6,Real
CL0031,2024-03-08,14.01,Real
CL0031,2024-03-09,21.25,Real
CL0031,2024-03-10,13.86,Real
CL0031,2024-03-11,12.57,Estimada
CL0031,2024-03-12,15.84,Estimada
CL0031,2024-03-13,20.28,Real
CL0031,2024-03-14,6.89,Real
CL0031,2024-03-15,13.43,Estimada
CL0031,2024-03-16,26.87,Real
CL0031,2024-03-17,15.76,Real
CL0031,2024-03-18,8.76,Real
CL0031,2024-03-19,12.99,Real
CL0031,2024-03-20,12.32,Real
CL0031,2024-03-21,9.21,Real
CL0031,2024-03-22,14.25,Real
CL0031,2024-03-23,16.56,Real
CL0031,2024-03-24,21.02,Estimada
CL0031,2024-03-25,7.4,Real
CL0031,2024-03-26,11.32,Real
CL0031,2024-03-27,4.06,Real
CL0031,2024-03-28,14.52,Real
CL0031,2024-03-29,12.64,Real
CL0031,2024-03-30,18.89,Real
CL0031,2024-03-31,12.02,Real
CL0031,2024-04-01,17.66,Estimada
CL0031,2024-04-02,7.6,Real
CL0031,2024-04-03,12.83,Real
CL0031,2024-04-04,15.78,Estimada
CL0031,2024-04-05,18.38,Real
CL0031,2024-04-06,14.92,Real
CL0031,2024-04-07,18.6,Real
CL0031,2024-04-08,13.66,Real
CL0031,2024-04-09,14.6,Real
CL0031,2024-04-10,13.07,Real
CL0031,2024-04-11,12.54,Estimada
CL0031,2024-04-12,12.97,Real
CL0031,2024-04-13,21.74,Real
CL0031,2024-04-14,23.55,Real
CL0031,2024-04-15,16.78,Real
CL0031,2024-04-16,16.94,Real
CL0031,2024-04-17,20.35,Estimada
CL0031,2024-04-18,10.51,Estimada
CL0031,2024-04-19,9.0,Real
CL0031,2024-04-20,17.42,Real
CL0031,2024-04-21,22.33,Real
CL0031,2024-04-22,16.78,Real
CL0031,2024-04-23,7.64,Real
CL0031,2024-04-24,8.42,Real
CL0031,2024-04-25,13.18,Real
CL0031,2024-04-26,11.46,Real
CL0031,2024-04-27,15.26,Real
CL0031,2024-04-28,18.66,Estimada
CL0031,2024-04-29,10.31,Real
CL0031,2024-04-30,5.28,Real
CL0031,2024-05-01,11.54,Real
CL0031,2024-05-02,13.94,Real
CL0031,2024-05-03,11.51,Real
CL0031,2024-05-04,17.41,Real
CL0031,2024-05-05,20.87,Real
CL0031,2024-05-06,19.06,Real
CL0031,2024-05-07,17.35,Real
CL0031,2024-05-08,14.84,Real
CL0031,2024-05-09,15.03,Real
CL0031,2024-05-10,22.05,Real
CL0031,2024-05-11,10.06,Real
CL0031,2024-05-12,27.14,Real
CL0031,2024-05-13,9.36,Real
CL0031,2024-05-14,15.6,Real
CL0031,2024-05-15,9.01,Real
CL0031,2024-05-16,12.99,Real
CL0031,2024-05-17,21.15,Real
CL0031,2024-05-18,18.15,Real
CL0031,2024-05-19,27.4,Real
CL0031,2024-05-20,17.37,Real
CL0031,2024-05-21,11.38,Estimada
CL0031,2024-05-22,12.68,Real
CL0031,2024-05-23,16.93,Real
CL0031,2024-05-24,9.69,Estimada
CL0031,2024-05-25,22.17,Real
CL0031,2024-05-26,15.9,Real
CL0031,2024-05-27,24.47,Real
CL0031,2024-05-28,10.71,Real
CL0031,2024-05-29,20.31,Real
CL0031,2024-05-30,17.77,Real
CL0031,2024-05-31,18.3,Estimada
CL0031,2024-06-01,25.58,Real
CL0031,2024-06-02,22.08,Real
CL0031,2024-06-03,13.91,Real
CL0031,2024-06-04,19.61,Real
CL0031,2024-06-05,18.81,Real
CL0031,2024-06-06,14.86,Real
CL0031,2024-06-07,17.53,Real
CL0031,2024-06-08,27.85,Real
CL0031,2024-06-09,21.75,Estimada
CL0031,2024-06-10,10.35,Real
CL0031,2024-06-11,19.63,Real
CL0031,2024-06-12,19.28,Estimada
CL0031,2024-06-13,12.52,Real
CL0031,2024-06-14,10.64,Estimada
CL0031,2024-06-15,35.6,Estimada
CL0031,2024-06-16,24.45,Real
CL0031,2024-06-17,12.77,Real
CL0031,2024-06-18,7.46,Real
CL0031,2024-06-19,19.86,Real
CL0031,2024-06-20,28.96,Real
CL0031,2024-06-21,21.63,Real
CL0031,2024-06-22,31.46,Real
CL0031,2024-06-23,20.11,Real
CL0031,2024-06-24,22.15,Real
CL0031,2024-06-25,18.34,Real
CL0031,2024-06-26,16.03,Real
CL0031,2024-06-27,18.71,Real
CL0031,2024-06-28,16.7,Real
CL0032,2024-01-01,41.29,Real
CL0032,2024-01-02,38.2,Real
CL0032,2024-01-03,34.16,Real
CL0032,2024-01-04,30.24,Real
CL0032,2024-01-05,34.15,Real
CL0032,2024-01-06,25.92,Real
CL0032,2024-01-07,33.17,Estimada
CL0032,2024-01-08,24.51,Real
CL0032,2024-01-09,31.93,Real
CL0032,2024-01-10,35.63,Real
CL0032,2024-01-11,37.7,Real
CL0032,2024-01-12,40.72,Real
CL0032,2024-01-13,31.39,Real
CL0032,2024-01-14,12.09,Real
CL0032,2024-01-15,34.1,Real
CL0032,2024-01-16,28.3,Real
CL0032,2024-01-17,32.45,Real
CL0032,2024-01-18,34.12,Real
CL0032,2024-01-19,28.85,Real
CL0032,2024-01-20,16.48,Estimada
CL0032,2024-01-21,24.1,Real
CL0032,2024-01-22,24.99,Real
CL0032,2024-01-23,22.72,Real
CL0032,2024-01-24,32.53,Real
CL0032,2024-01-25,33.27,Real
CL0032,2024-01-26,30.87,Real
CL0032,2024-01-27,24.23,Estimada
CL0032,2024-01-28,30.81,Real
CL0032,2024-01-29,34.28,Real
CL0032,2024-01-30,30.54,Real
CL0032,2024-01-31,25.99,Real
CL0032,2024-02-01,22.34,Real
CL0032,2024-02-02,22.82,Real
CL0032,2024-02-03,23.01,Real
CL0032,2024-02-04,24.33,Real
CL0032,2024-02-05,35.0,Real
CL0032,2024-02-06,30.0,Real
CL0032,2024-02-07,20.6,Real
CL0032,2024-02-08,23.01,Real
CL0032,2024-02-09,33.48,Real
CL0032,2024-02-10,25.98,Real
CL0032,2024-02-11,25.52,Real
CL0032,2024-02-12,40.51,Real
CL0032,2024-02-13,24.96,Real
CL0032,2024-02-14,17.99,Real
CL0032,2024-02-15,39.04,Real
CL0032,2024-02-16,28.86,Real
CL0032,2024-02-17,11.63,Real
CL0032,2024-02-18,9.75,Real
CL0032,2024-02-19,25.58,Real
CL0032,2024-02-20,32.74,Real
CL0032,2024-02-21,27.8,Real
CL0032,2024-02-22,25.84,Real
CL0032,2024-02-23,19.83,Estimada
CL0032,2024-02-24,20.43,Real
CL0032,2024-02-25,21.78,Real
CL0032,2024-02-26,32.15,Real
CL0032,2024-02-27,15.83,Real
CL0032,2024-02-28,37.68,Real
CL0032,2024-02-29,19.89,Real
CL0032,2024-03-01,32.57,Real
CL0032,2024-03-02,20.26,Real
CL0032,2024-03-03,14.09,Real
CL0032,2024-03-04,22.19,Real
CL0032,2024-03-05,18.82,Real
CL0032,2024-03-06,23.43,Real
CL0032,2024-03-07,29.07,Estimada
CL0032,2024-03-08,24.66,Real
CL0032,2024-03-09,28.28,Real
CL0032,2024-03-10,8.13,Real
CL0032,2024-03-11,22.7,Real
CL0032,2024-03-12,28.29,Real
CL0032,2024-03-13,23.54,Real
CL0032,2024-03-14,30.17,Real
CL0032,2024-03-15,30.48,Real
CL0032,2024-03-16,14.54,Real
CL0032,2024-03-17,28.15,Real
CL0032,2024-03-18,16.6,Real
CL0032,2024-03-19,18.27,Real
CL0032,2024-03-20,6.48,Real
CL0032,2024-03-21,18.59,Real
CL0032,2024-03-22,34.42,Real
CL0032,2024-03-23,15.48,Real
CL0032,2024-03-24,15.06,Estimada
CL0032,2024-03-25,26.34,Real
CL0032,2024-03-26,19.57,Real
CL0032,2024-03-27,21.4,Real
CL0032,2024-03-28,25.66,Real
CL0032,2024-03-29,18.93,Estimada
CL0032,2024-03-30,21.92,Real
CL0032,2024-03-31,25.14,Real
CL0032,2024-04-01,12.65,Real
CL0032,2024-04-02,35.79,Real
CL0032,2024-04-03,20.42,Estimada
CL0032,2024-04-04,24.04,Real
CL0032,2024-04-05,14.91,Real
CL0032,2024-04-06,3.11,Estimada
CL0032,2024-04-07,7.29,Estimada
CL0032,2024-04-08,27.61,Real
CL0032,2024-04-09,25.46,Estimada
CL0032,2024-04-10,34.78,Real
CL0032,2024-04-11,25.52,Real
CL0032,2024-04-12,36.55,Real
CL0032,2024-04-13,11.77,Real
CL0032,2024-04-14,15.06,Real
CL0032,2024-04-15,6.7,Real
CL0032,2024-04-16,29.51,Real
CL0032,2024-04-17,29.56,Real
CL0032,2024-04-18,14.21,Real
CL0032,2024-04-19,26.05,Real
CL0032,2024-04-20,16.37,Real
CL0032,2024-04-21,16.21,Estimada
CL0032,2024-04-22,30.5,Real
CL0032,2024-04-23,19.22,Real
CL0032,2024-04-24,8.02,Real
CL0032,2024-04-25,21.19,Real
CL0032,2024-04-26,42.53,Real
CL0032,2024-04-27,13.2,Real
CL0032,2024-04-28,16.96,Real
CL0032,2024-04-29,28.5,Real
CL0032,2024-04-30,32.86,Estimada
CL0032,2024-05-01,22.41,Real
CL0032,2024-05-02,37.71,Real
CL0032,2024-05-03,13.72,Real
CL0032,2024-05-04,22.43,Real
CL0032,2024-05-05,7.65,Real
CL0032,2024-05-06,20.71,Estimada
CL0032,2024-05-07,41.53,Real
CL0032,2024-05-08,25.61,Real
CL0032,2024-05-09,43.36,Real
CL0032,2024-05-10,38.35,Real
CL0032,2024-05-11,21.08,Real
CL0032,2024-05-12,33.73,Real
CL0032,2024-05-13,41.37,Real
CL0032,2024-05-14,29.04,Real
CL0032,2024-05-15,31.75,Real
CL0032,2024-05-16,35.27,Real
CL0032,2024-05-17,28.8,Real
CL0032,2024-05-18,26.56,Estimada
CL0032,2024-05-19,19.99,Real
CL0032,2024-05-20,32.87,Real
CL0032,2024-05-21,31.09,Real
CL0032,2024-05-22,35.22,Real
CL0032,2024-05-23,19.52,Real
CL0032,2024-05-24,21.57,Real
CL0032,2024-05-25,21.76,Real
CL0032,2024-05-26,20.31,Real
CL0032,2024-05-27,18.67,Real
CL0032,2024-05-28,14.03,Real
CL0032,2024-05-29,23.15,Real
CL0032,2024-05-30,15.93,Real
CL0032,2024-05-31,29.83,Estimada
CL0032,2024-06-01,29.93,Estimada
CL0032,2024-06-02,38.29,Real
CL0032,2024-06-03,44.36,Real
CL0032,2024-06-04,34.72,Real
CL0032,2024-06-05,35.89,Real
CL0032,2024-06-06,39.94,Real
CL0032,2024-06-07,37.48,Real
CL0032,2024-06-08,32.23,Real
CL0032,2024-06-09,25.47,Real
CL0032,2024-06-10,30.25,Real
CL0032,2024-06-11,46.38,Real
CL0032,2024-06-12,37.58,Real
CL0032,2024-06-13,44.16,Real
CL0032,2024-06-14,28.78,Real
CL0032,2024-06-15,17.04,Real
CL0032,2024-06-16,34.78,Real
CL0032,2024-06-17,43.17,Real
CL0032,2024-06-18,37.34,Real
CL0032,2024-06-19,42.28,Real
CL0032,2024-06-20,44.18,Estimada
CL0032,2024-06-21,34.04,Real
CL0032,2024-06-22,19.56,Real
CL0032,2024-06-23,21.6,Real
CL0032,2024-06-24,38.37,Real
CL0032,2024-06-25,28.92,Real
CL0032,2024-06-26,32.78,Real
CL0032,2024-06-27,49.36,Real
CL0032,2024-06-28,40.18,Real
CL0033,2024-01-01,11.71,Real
CL0033,2024-01-02,14.21,Real
CL0033,2024-01-03,14.49,Real
CL0033,2024-01-04,7.19,Real
CL0033,2024-01-05,9.76,Real
CL0033,2024-01-06,20.31,Real
CL0033,2024-01-07,12.68,Real
CL0033,2024-01-08,18.44,Real
CL0033,2024-01-09,15.49,Estimada
CL0033,2024-01-10,13.34,Real
CL0033,2024-01-11,8.12,Real
CL0033,2024-01-12,11.96,Real
CL0033,2024-01-13,20.9,Real
CL0033,2024-01-14,19.16,Estimada
CL0033,2024-01-15,15.08,Real
CL0033,2024-01-16,15.1,Estimada
CL0033,2024-01-17,9.48,Real
CL0033,2024-01-18,15.64,Real
CL0033,2024-01-19,7.55,Real
CL0033,2024-01-20,17.02,Real
CL0033,2024-01-21,14.33,Real
CL0033,2024-01-22,9.67,Estimada
CL0033,2024-01-23,13.38,Real
CL0033,2024-01-24,12.62,Real
CL0033,2024-01-25,12.8,Real
CL0033,2024-01-26,17.58,Real
CL0033,2024-01-27,18.77,Real
CL0033,2024-01-28,20.22,Real
CL0033,2024-01-29,10.95,Real
CL0033,2024-01-30,12.03,Real
CL0033,2024-01-31,12.42,Real
CL0033,2024-02-01,10.54,Real
CL0033,2024-02-02,8.19,Estimada
CL0033,2024-02-03,12.64,Real
CL0033,2024-02-04,9.29,Real
CL0033,2024-02-05,12.05,Estimada
CL0033,2024-02-06,13.14,Real
CL0033,2024-02-07,11.89,Real
CL0033,2024-02-08,15.8,Real
CL0033,2024-02-09,5.79,Real
CL0033,2024-02-10,17.01,Real
CL0033,2024-02-11,15.26,Real
CL0033,2024-02-12,15.88,Real
CL0033,2024-02-13,9.19,Real
CL0033,2024-02-14,14.54,Real
CL0033,2024-02-15,12.12,Real
CL0033,2024-02-16,8.98,Real
CL0033,2024-02-17,19.28,Real
CL0033,2024-02-18,7.65,Real
CL0033,2024-02-19,13.36,Estimada
CL0033,2024-02-20,10.57,Real
CL0033,2024-02-21,12.11,Real
CL0033,2024-02-22,11.09,Real
CL0033,2024-02-23,10.13,Estimada
CL0033,2024-02-24,10.99,Real
CL0033,2024-02-25,23.7,Real
CL0033,2024-02-26,5.69,Real
CL0033,2024-02-27,9.11,Real
CL0033,2024-02-28,9.39,Real
CL0033,2024-02-29,12.23,Real
CL0033,2024-03-01,7.65,Real
CL0033,2024-03-02,18.36,Real
CL0033,2024-03-03,11.83,Real
CL0033,2024-03-04,10.88,Estimada
CL0033,2024-03-05,13.18,Estimada
CL0033,2024-03-06,9.19,Real
CL0033,2024-03-07,7.72,Real
CL0033,2024-03-08,12.15,Real
CL0033,2024-03-09,16.98,Real
CL0033,2024-03-10,10.66,Real
CL0033,2024-03-11,8.97,Estimada
CL0033,2024-03-12,16.88,Real
CL0033,2024-03-13,13.12,Real
CL0033,2024-03-14,8.62,Real
CL0033,2024-03-15,12.6,Real
CL0033,2024-03-16,14.35,Real
CL0033,2024-03-17,10.84,Real
CL0033,2024-03-18,10.35,Real
CL0033,2024-03-19,10.26,Real
CL0033,2024-03-20,0.5,Real
CL0033,2024-03-21,8.99,Estimada
CL0033,2024-03-22,6.26,Real
CL0033,2024-03-23,20.76,Real
CL0033,2024-03-24,13.71,Real
CL0033,2024-03-25,16.82,Real
CL0033,2024-03-26,5.51,Real
CL0033,2024-03-27,4.66,Real
CL0033,2024-03-28,13.9,Real
CL0033,2024-03-29,4.08,Real
CL0033,2024-03-30,12.43,Estimada
CL0033,2024-03-31,12.31,Real
CL0033,2024-04-01,13.07,Real
CL0033,2024-04-02,13.8,Real
CL0033,2024-04-03,15.92,Real
CL0033,2024-04-04,12.37,Real
CL0033,2024-04-05,8.85,Real
CL0033,2024-04-06,5.33,Estimada
CL0033,2024-04-07,9.85,Real
CL0033,2024-04-08,5.51,Real
CL0033,2024-04-09,12.75,Real
CL0033,2024-04-10,13.86,Real
CL0033,2024-04-11,16.33,Real
CL0033,2024-04-12,4.05,Real
CL0033,2024-04-13,5.31,Real
CL0033,2024-04-14,17.37,Estimada
CL0033,2024-04-15,11.73,Real
CL0033,2024-04-16,12.33,Estimada
CL0033,2024-04-17,11.61,Real
CL0033,2024-04-18,13.14,Real
CL0033,2024-04-19,12.63,Real
CL0033,2024-04-20,15.81,Real
CL0033,2024-04-21,6.69,Real
CL0033,2024-04-22,4.2,Real
CL0033,2024-04-23,7.72,Real
CL0033,2024-04-24,13.67,Real
CL0033,2024-04-25,12.25,Real
CL0033,2024-04-26,12.87,Real
CL0033,2024-04-27,16.42,Real
CL0033,2024-04-28,20.45,Real
CL0033,2024-04-29,6.37,Real
CL0033,2024-04-30,11.75,Real
CL0033,2024-05-01,12.4,Estimada
CL0033,2024-05-02,10.39,Real
CL0033,2024-05-03,7.73,Real
CL0033,2024-05-04,20.94,Real
CL0033,2024-05-05,18.6,Real
CL0033,2024-05-06,10.19,Real
CL0033,2024-05-07,12.37,Real
CL0033,2024-05-08,13.19,Estimada
CL0033,2024-05-09,10.42,Real
CL0033,2024-05-10,12.47,Real
CL0033,2024-05-11,21.43,Real
CL0033,2024-05-12,9.23,Real
CL0033,2024-05-13,6.89,Real
CL0033,2024-05-14,9.63,Real
CL0033,2024-05-15,12.45,Real
CL0033,2024-05-16,13.12,Real
CL0033,2024-05-17,17.18,Real
CL0033,2024-05-18,16.35,Real
CL0033,2024-05-19,15.17,Estimada
CL0033,2024-05-20,13.63,Estimada
CL0033,2024-05-21,15.79,Real
CL0033,2024-05-22,5.39,Real
CL0033,2024-05-23,10.84,Real
CL0033,2024-05-24,16.24,Real
CL0033,2024-05-25,25.37,Real
CL0033,2024-05-26,19.82,Estimada
CL0033,2024-05-27,18.22,Real
CL0033,2024-05-28,11.88,Real
CL0033,2024-05-29,18.2,Estimada
CL0033,2024-05-30,20.73,Real
CL0033,2024-05-31,10.44,Real
CL0033,2024-06-01,19.26,Estimada
CL0033,2024-06-02,14.61,Real
CL0033,2024-06-03,19.39,Real
CL0033,2024-06-04,9.83,Real
CL0033,2024-06-05,15.96,Real
CL0033,2024-06-06,15.52,Real
CL0033,2024-06-07,22.48,Real
CL0033,2024-06-08,19.91,Real
CL0033,2024-06-09,25.81,Real
CL0033,2024-06-10,15.9,Real
CL0033,2024-06-11,15.03,Real
CL0033,2024-06-12,16.45,Real
CL0033,2024-06-13,12.72,Real
CL0033,2024-06-14,11.84,Real
CL0033,2024-06-15,26.85,Estimada
CL0033,2024-06-16,15.5,Real
CL0033,2024-06-17,13.71,Real
CL0033,2024-06-18,16.93,Real
CL0033,2024-06-19,18.45,Real
CL0033,2024-06-20,12.96,Real
CL0033,2024-06-21,7.44,Real
CL0033,2024-06-22,25.15,Real
CL0033,2024-06-23,20.23,Real
CL0033,2024-06-24,18.18,Real
CL0033,2024-06-25,13.85,Real
CL0033,2024-06-26,17.99,Real
CL0033,2024-06-27,12.58,Real
CL0033,2024-06-28,12.34,Real
CL0034,2024-01-01,34.77,Real
CL0034,2024-01-02,41.55,Real
CL0034,2024-01-03,32.85,Real
CL0034,2024-01-04,34.63,Real
CL0034,2024-01-05,37.61,Real
CL0034,2024-01-06,6.13,Real
CL0034,2024-01-07,13.01,Real
CL0034,2024-01-08,29.58,Real
CL0034,2024-01-09,28.63,Real
CL0034,2024-01-10,34.28,Real
CL0034,2024-01-11,30.13,Estimada
CL0034,2024-01-12,32.92,Real
CL0034,2024-01-13,24.06,Real
CL0034,2024-01-14,32.9,Real
CL0034,2024-01-15,35.18,Real
CL0034,2024-01-16,27.81,Real
CL0034,2024-01-17,36.04,Real
CL0034,2024-01-18,39.92,Real
CL0034,2024-01-19,33.28,Real
CL0034,2024-01-20,31.0,Real
CL0034,2024-01-21,14.07,Real
CL0034,2024-01-22,22.92,Real
CL0034,2024-01-23,33.25,Real
CL0034,2024-01-24,43.52,Real
CL0034,2024-01-25,32.89,Real
CL0034,2024-01-26,45.19,Estimada
CL0034,2024-01-27,22.04,Real
CL0034,2024-01-28,22.07,Estimada
CL0034,2024-01-29,37.15,Real
CL0034,2024-01-30,28.72,Real
CL0034,2024-01-31,30.65,Real
CL0034,2024-02-01,46.26,Real
CL0034,2024-02-02,30.36,Real
CL0034,2024-02-03,24.76,Real
CL0034,2024-02-04,34.27,Real
CL0034,2024-02-05,38.98,Real
CL0034,2024-02-06,23.11,Real
CL0034,2024-02-07,45.22,Real
CL0034,2024-02-08,25.88,Real
CL0034,2024-02-09,16.4,Real
CL0034,2024-02-10,19.53,Real
CL0034,2024-02-11,14.33,Real
CL0034,2024-02-12,36.15,Estimada
CL0034,2024-02-13,54.66,Estimada
CL0034,2024-02-14,12.37,Real
CL0034,2024-02-15,32.89,Estimada
CL0034,2024-02-16,29.5,Real
CL0034,2024-02-17,23.95,Real
CL0034,2024-02-18,16.1,Real
CL0034,2024-02-19,24.61,Real
CL0034,2024-02-20,21.43,Real
CL0034,2024-02-21,34.94,Real
CL0034,2024-02-22,10.9,Real
CL0034,2024-02-23,33.98,Real
CL0034,2024-02-24,33.13,Real
CL0034,2024-02-25,9.2,Real
CL0034,2024-02-26,30.52,Real
CL0034,2024-02-27,29.07,Real
CL0034,2024-02-28,28.26,Real
CL0034,2024-02-29,18.69,Real
CL0034,2024-03-01,27.03,Real
CL0034,2024-03-02,21.28,Real
CL0034,2024-03-03,16.96,Real
CL0034,2024-03-04,21.91,Real
CL0034,2024-03-05,22.52,Estimada
CL0034,2024-03-06,39.88,Real
CL0034,2024-03-07,34.45,Real
CL0034,2024-03-08,23.81,Real
CL0034,2024-03-09,22.76,Real
CL0034,2024-03-10,41.03,Real
CL0034,2024-03-11,6.26,Real
CL0034,2024-03-12,13.34,Real
CL0034,2024-03-13,21.69,Estimada
CL0034,2024-03-14,15.06,Real
CL0034,2024-03-15,20.56,Real
CL0034,2024-03-16,20.68,Estimada
CL0034,2024-03-17,14.9,Real
CL0034,2024-03-18,28.35,Real
CL0034,2024-03-19,28.92,Real
CL0034,2024-03-20,32.8,Real
CL0034,2024-03-21,32.43,Real
CL0034,2024-03-22,42.74,Real
CL0034,2024-03-23,38.95,Real
CL0034,2024-03-24,8.27,Real
CL0034,2024-03-25,6.74,Real
CL0034,2024-03-26,30.42,Real
CL0034,2024-03-27,9.05,Real
CL0034,2024-03-28,22.56,Real
CL0034,2024-03-29,38.74,Real
CL0034,2024-03-30,16.32,Real
CL0034,2024-03-31,21.89,Real
CL0034,2024-04-01,27.18,Real
CL0034,2024-04-02,37.44,Real
CL0034,2024-04-03,36.27,Real
CL0034,2024-04-04,30.68,Estimada
CL0034,2024-04-05,27.88,Real
CL0034,2024-04-06,20.15,Real
CL0034,2024-04-07,16.13,Real
CL0034,2024-04-08,41.71,Real
CL0034,2024-04-09,20.9,Real
CL0034,2024-04-10,27.02,Real
CL0034,2024-04-11,21.28,Real
CL0034,2024-04-12,19.31,Real
CL0034,2024-04-13,27.87,Real
CL0034,2024-04-14,27.56,Estimada
CL0034,2024-04-15,40.11,Real
CL0034,2024-04-16,19.07,Real
CL0034,2024-04-17,12.98,Real
CL0034,2024-04-18,21.29,Estimada
CL0034,2024-04-19,32.27,Real
CL0034,2024-04-20,29.14,Real
CL0034,2024-04-21,31.72,Real
CL0034,2024-04-22,27.99,Real
CL0034,2024-04-23,33.99,Real
CL0034,2024-04-24,40.82,Real
CL0034,2024-04-25,27.27,Estimada
CL0034,2024-04-26,23.61,Real
CL0034,2024-04-27,27.96,Real
CL0034,2024-04-28,23.05,Estimada
CL0034,2024-04-29,32.64,Estimada
CL0034,2024-04-30,26.11,Real
CL0034,2024-05-01,34.98,Real
CL0034,2024-05-02,32.55,Real
CL0034,2024-05-03,36.38,Real
CL0034,2024-05-04,36.1,Real
CL0034,2024-05-05,34.37,Real
CL0034,2024-05-06,51.31,Real
CL0034,2024-05-07,27.94,Real
CL0034,2024-05-08,48.02,Real
CL0034,2024-05-09,47.55,Real
CL0034,2024-05-10,41.2,Real
CL0034,2024-05-11,13.19,Real
CL0034,2024-05-12,17.47,Real
CL0034,2024-05-13,36.99,Real
CL0034,2024-05-14,38.27,Real
CL0034,2024-05-15,37.82,Real
CL0034,2024-05-16,33.42,Real
CL0034,2024-05-17,38.36,Real
CL0034,2024-05-18,23.38,Estimada
CL0034,2024-05-19,20.49,Real
CL0034,2024-05-20,31.29,Real
CL0034,2024-05-21,46.54,Real
CL0034,2024-05-22,26.69,Real
CL0034,2024-05-23,31.63,Estimada
CL0034,2024-05-24,38.78,Real
CL0034,2024-05-25,23.05,Real
CL0034,2024-05-26,14.83,Real
CL0034,2024-05-27,45.05,Real
CL0034,2024-05-28,31.6,Real
CL0034,2024-05-29,43.91,Real
CL0034,2024-05-30,33.72,Real
CL0034,2024-05-31,36.57,Real
CL0034,2024-06-01,36.05,Real
CL0034,2024-06-02,28.97,Real
CL0034,2024-06-03,49.08,Real
CL0034,2024-06-04,38.72,Real
CL0034,2024-06-05,55.5,Real
CL0034,2024-06-06,38.31,Real
CL0034,2024-06-07,38.07,Real
CL0034,2024-06-08,39.29,Real
CL0034,2024-06-09,21.79,Real
CL0034,2024-06-10,35.86,Real
CL0034,2024-06-11,39.25,Real
CL0034,2024-06-12,43.55,Real
CL0034,2024-06-13,47.83,Real
CL0034,2024-06-14,51.41,Real
CL0034,2024-06-15,37.15,Real
CL0034,2024-06-16,35.67,Real
CL0034,2024-06-17,36.66,Real
CL0034,2024-06-18,43.68,Real
CL0034,2024-06-19,35.89,Real
CL0034,2024-06-20,24.44,Real
CL0034,2024-06-21,37.03,Real
CL0034,2024-06-22,31.81,Estimada
CL0034,2024-06-23,29.62,Real
CL0034,2024-06-24,30.67,Real
CL0034,2024-06-25,51.72,Estimada
CL0034,2024-06-26,40.96,Real
CL0034,2024-06-27,45.1,Real
CL0034,2024-06-28,46.74,Real
CL0035,2024-01-01,215.9,Real
CL0035,2024-01-02,196.64,Real
CL0035,2024-01-03,175.07,Real
CL0035,2024-01-04,266.65,Real
CL0035,2024-01-05,236.69,Real
CL0035,2024-01-06,98.11,Real
CL0035,2024-01-07,189.33,Real
CL0035,2024-01-08,330.73,Real
CL0035,2024-01-09,214.93,Real
CL0035,2024-01-10,276.83,Estimada
CL0035,2024-01-11,260.41,Real
CL0035,2024-01-12,203.0,Real
CL0035,2024-01-13,113.17,Real
CL0035,2024-01-14,111.75,Real
CL0035,2024-01-15,230.69,Real
CL0035,2024-01-16,292.9,Real
CL0035,2024-01-17,157.47,Real
CL0035,2024-01-18,174.02,Real
CL0035,2024-01-19,227.14,Estimada
CL0035,2024-01-20,176.56,Real
CL0035,2024-01-21,112.17,Real
CL0035,2024-01-22,262.27,Real
CL0035,2024-01-23,131.64,Real
CL0035,2024-01-24,261.94,Real
CL0035,2024-01-25,242.93,Real
CL0035,2024-01-26,177.67,Real
CL0035,2024-01-27,186.52,Real
CL0035,2024-01-28,172.91,Real
CL0035,2024-01-29,248.47,Real
CL0035,2024-01-30,219.25,Real
CL0035,2024-01-31,271.77,Real
CL0035,2024-02-01,95.19,Estimada
CL0035,2024-02-02,224.95,Real
CL0035,2024-02-03,195.65,Real
CL0035,2024-02-04,150.08,Real
CL0035,2024-02-05,160.55,Real
CL0035,2024-02-06,172.22,Estimada
CL0035,2024-02-07,216.69,Real
CL0035,2024-02-08,88.88,Real
CL0035,2024-02-09,227.05,Real
CL0035,2024-02-10,161.64,Estimada
CL0035,2024-02-11,186.18,Real
CL0035,2024-02-12,136.44,Real
CL0035,2024-02-13,208.44,Real
CL0035,2024-02-14,181.54,Real
CL0035,2024-02-15,227.7,Real
CL0035,2024-02-16,258.86,Real
CL0035,2024-02-17,16.62,Real
CL0035,2024-02-18,141.64,Real
CL0035,2024-02-19,250.0,Real
CL0035,2024-02-20,222.42,Real
CL0035,2024-02-21,230.19,Real
CL0035,2024-02-22,207.38,Real
CL0035,2024-02-23,211.2,Real
CL0035,2024-02-24,71.73,Real
CL0035,2024-02-25,224.72,Real
CL0035,2024-02-26,210.15,Estimada
CL0035,2024-02-27,155.73,Real
CL0035,2024-02-28,126.76,Real
CL0035,2024-02-29,228.53,Real
CL0035,2024-03-01,94.24,Real
CL0035,2024-03-02,124.78,Real
CL0035,2024-03-03,50.42,Real
CL0035,2024-03-04,220.86,Real
CL0035,2024-03-05,215.2,Real
CL0035,2024-03-06,203.73,Real
CL0035,2024-03-07,200.81,Real
CL0035,2024-03-08,250.19,Real
CL0035,2024-03-09,218.95,Real
CL0035,2024-03-10,178.81,Real
CL0035,2024-03-11,79.03,Estimada
CL0035,2024-03-12,176.04,Real
CL0035,2024-03-13,184.5,Real
CL0035,2024-03-14,167.89,Real
CL0035,2024-03-15,163.49,Estimada
CL0035,2024-03-16,145.39,Real
CL0035,2024-03-17,115.3,Estimada
CL0035,2024-03-18,194.08,Real
CL0035,2024-03-19,217.22,Real
CL0035,2024-03-20,274.95,Real
CL0035,2024-03-21,280.91,Real
CL0035,2024-03-22,99.72,Real
CL0035,2024-03-23,90.16,Real
CL0035,2024-03-24,29.64,Real
CL0035,2024-03-25,226.19,Real
CL0035,2024-03-26,240.28,Real
CL0035,2024-03-27,178.58,Real
CL0035,2024-03-28,198.77,Real
CL0035,2024-03-29,171.62,Real
CL0035,2024-03-30,34.92,Estimada
CL0035,2024-03-31,143.09,Real
CL0035,2024-04-01,243.55,Real
CL0035,2024-04-02,196.47,Real
CL0035,2024-04-03,153.11,Real
CL0035,2024-04-04,146.49,Real
CL0035,2024-04-05,244.69,Real
CL0035,2024-04-06,164.88,Real
CL0035,2024-04-07,97.8,Real
CL0035,2024-04-08,115.22,Real
CL0035,2024-04-09,292.4,Real
CL0035,2024-04-10,263.9,Real
CL0035,2024-04-11,191.85,Real
CL0035,2024-04-12,177.94,Real
CL0035,2024-04-13,118.84,Real
CL0035,2024-04-14,139.24,Real
CL0035,2024-04-15,47.01,Real
CL0035,2024-04-16,174.23,Real
CL0035,2024-04-17,285.76,Real
CL0035,2024-04-18,155.38,Real
CL0035,2024-04-19,173.18,Real
CL0035,2024-04-20,175.74,Real
CL0035,2024-04-21,115.74,Estimada
CL0035,2024-04-22,174.14,Real
CL0035,2024-04-23,187.56,Estimada
CL0035,2024-04-24,240.76,Real
CL0035,2024-04-25,240.12,Real
CL0035,2024-04-26,187.13,Real
CL0035,2024-04-27,161.93,Real
CL0035,2024-04-28,79.02,Real
CL0035,2024-04-29,244.05,Real
CL0035,2024-04-30,126.59,Real
CL0035,2024-05-01,136.16,Real
CL0035,2024-05-02,222.83,Estimada
CL0035,2024-05-03,218.78,Real
CL0035,2024-05-04,103.08,Real
CL0035,2024-05-05,119.4,Real
CL0035,2024-05-06,174.11,Real
CL0035,2024-05-07,190.85,Real
CL0035,2024-05-08,172.75,Real
CL0035,2024-05-09,273.56,Real
CL0035,2024-05-10,240.69,Real
CL0035,2024-05-11,167.83,Estimada
CL0035,2024-05-12,196.86,Real
CL0035,2024-05-13,206.21,Real
CL0035,2024-05-14,279.7,Real
CL0035,2024-05-15,264.56,Real
CL0035,2024-05-16,209.41,Real
CL0035,2024-05-17,238.58,Real
CL0035,2024-05-18,107.05,Real
CL0035,2024-05-19,27.62,Real
CL0035,2024-05-20,73.88,Real
CL0035,2024-05-21,231.73,Real
CL0035,2024-05-22,266.04,Estimada
CL0035,2024-05-23,215.25,Real
CL0035,2024-05-24,190.95,Real
CL0035,2024-05-25,58.85,Real
CL0035,2024-05-26,157.68,Real
CL0035,2024-05-27,211.47,Real
CL0035,2024-05-28,191.17,Real
CL0035,2024-05-29,282.53,Real
CL0035,2024-05-30,206.74,Real
CL0035,2024-05-31,259.2,Real
CL0035,2024-06-01,219.18,Real
CL0035,2024-06-02,226.44,Real
CL0035,2024-06-03,278.29,Real
CL0035,2024-06-04,233.27,Real
CL0035,2024-06-05,225.54,Real
CL0035,2024-06-06,254.57,Real
CL0035,2024-06-07,320.48,Real
CL0035,2024-06-08,141.59,Real
CL0035,2024-06-09,212.67,Real
CL0035,2024-06-10,235.99,Real
CL0035,2024-06-11,204.36,Real
CL0035,2024-06-12,293.61,Real
CL0035,2024-06-13,213.1,Real
CL0035,2024-06-14,210.15,Estimada
CL0035,2024-06-15,226.03,Real
CL0035,2024-06-16,183.89,Real
CL0035,2024-06-17,288.11,Real
CL0035,2024-06-18,284.34,Real
CL0035,2024-06-19,257.5,Real
CL0035,2024-06-20,328.32,Real
CL0035,2024-06-21,280.86,Real
CL0035,2024-06-22,244.41,Real
CL0035,2024-06-23,63.34,Real
CL0035,2024-06-24,276.57,Real
CL0035,2024-06-25,262.4,Estimada
CL0035,2024-06-26,213.9,Real
CL0035,2024-06-27,312.03,Real
CL0035,2024-06-28,328.76,Real
CL0036,2024-01-01,9.62,Real
CL0036,2024-01-02,10.01,Real
CL0036,2024-01-03,12.46,Real
CL0036,2024-01-04,17.0,Real
CL0036,2024-01-05,16.3,Real
CL0036,2024-01-06,19.08,Real
CL0036,2024-01-07,19.37,Real
CL0036,2024-01-08,12.54,Real
CL0036,2024-01-09,13.65,Real
CL0036,2024-01-10,12.85,Estimada
CL0036,2024-01-11,14.3,Real
CL0036,2024-01-12,11.15,Real
CL0036,2024-01-13,24.37,Real
CL0036,2024-01-14,17.14,Real
CL0036,2024-01-15,7.98,Real
CL0036,2024-01-16,7.42,Real
CL0036,2024-01-17,6.98,Real
CL0036,2024-01-18,18.97,Real
CL0036,2024-01-19,9.84,Real
CL0036,2024-01-20,14.93,Real
CL0036,2024-01-21,22.67,Real
CL0036,2024-01-22,13.96,Estimada
CL0036,2024-01-23,10.78,Real
CL0036,2024-01-24,18.96,Real
CL0036,2024-01-25,19.83,Real
CL0036,2024-01-26,15.28,Real
CL0036,2024-01-27,16.4,Estimada
CL0036,2024-01-28,22.69,Real
CL0036,2024-01-29,11.34,Real
CL0036,2024-01-30,12.68,Real
CL0036,2024-01-31,16.25,Real
CL0036,2024-02-01,7.67,Real
CL0036,2024-02-02,6.54,Real
CL0036,2024-02-03,12.06,Real
CL0036,2024-02-04,17.59,Real
CL0036,2024-02-05,10.71,Real
CL0036,2024-02-06,9.33,Real
CL0036,2024-02-07,15.02,Estimada
CL0036,2024-02-08,3.94,Real
CL0036,2024-02-09,5.48,Real
CL0036,2024-02-10,15.01,Real
CL0036,2024-02-11,21.21,Real
CL0036,2024-02-12,10.88,Real
CL0036,2024-02-13,11.1,Real
CL0036,2024-02-14,7.1,Real
CL0036,2024-02-15,15.01,Estimada
CL0036,2024-02-16,11.48,Real
CL0036,2024-02-17,16.98,Real
CL0036,2024-02-18,20.83,Estimada
CL0036,2024-02-19,12.07,Real
CL0036,2024-02-20,10.3,Real
CL0036,2024-02-21,12.72,Real
CL0036,2024-02-22,8.75,Real
CL0036,2024-02-23,14.25,Real
CL0036,2024-02-24,20.04,Real
CL0036,2024-02-25,16.98,Real
CL0036,2024-02-26,18.37,Estimada
CL0036,2024-02-27,10.74,Real
CL0036,2024-02-28,4.94,Real
CL0036,2024-02-29,13.76,Real
CL0036,2024-03-01,3.7,Real
CL0036,2024-03-02,15.8,Real
CL0036,2024-03-03,10.63,Real
CL0036,2024-03-04,4.92,Real
CL0036,2024-03-05,5.37,Real
CL0036,2024-03-06,9.64,Real
CL0036,2024-03-07,5.6,Real
CL0036,2024-03-08,7.5,Real
CL0036,2024-03-09,15.57,Real
CL0036,2024-03-10,20.78,Real
CL0036,2024-03-11,9.43,Real
CL0036,2024-03-12,8.55,Real
CL0036,2024-03-13,6.26,Real
CL0036,2024-03-14,5.2,Real
CL0036,2024-03-15,14.3,Real
CL0036,2024-03-16,13.8,Real
CL0036,2024-03-17,19.52,Real
CL0036,2024-03-18,14.63,Real
CL0036,2024-03-19,6.81,Real
CL0036,2024-03-20,9.33,Real
CL0036,2024-03-21,9.88,Real
CL0036,2024-03-22,16.54,Estimada
CL0036,2024-03-23,12.11,Real
CL0036,2024-03-24,13.87,Real
CL0036,2024-03-25,4.96,Real
CL0036,2024-03-26,17.14,Real
CL0036,2024-03-27,16.91,Estimada
CL0036,2024-03-28,8.86,Real
CL0036,2024-03-29,17.04,Real
CL0036,2024-03-30,6.97,Real
CL0036,2024-03-31,21.17,Real
CL0036,2024-04-01,7.53,Real
CL0036,2024-04-02,15.54,Real
CL0036,2024-04-03,13.73,Estimada
CL0036,2024-04-04,11.44,Real
CL0036,2024-04-05,10.27,Real
CL0036,2024-04-06,13.14,Real
CL0036,2024-04-07,21.15,Real
CL0036,2024-04-08,12.31,Real
CL0036,2024-04-09,12.04,Real
CL0036,2024-04-10,11.32,Real
CL0036,2024-04-11,14.62,Real
CL0036,2024-04-12,8.14,Real
CL0036,2024-04-13,15.96,Real
CL0036,2024-04-14,18.45,Real
CL0036,2024-04-15,10.34,Real
CL0036,2024-04-16,12.94,Real
CL0036,2024-04-17,7.02,Real
CL0036,2024-04-18,1.55,Real
CL0036,2024-04-19,13.52,Real
CL0036,2024-04-20,19.61,Real
CL0036,2024-04-21,16.74,Real
CL0036,2024-04-22,16.43,Real
CL0036,2024-04-23,9.3,Real
CL0036,2024-04-24,7.59,Real
CL0036,2024-04-25,10.17,Real
CL0036,2024-04-26,15.69,Real
CL0036,2024-04-27,15.01,Real
CL0036,2024-04-28,21.73,Real
CL0036,2024-04-29,9.01,Real
CL0036,2024-04-30,11.93,Real
CL0036,2024-05-01,18.81,Real
CL0036,2024-05-02,10.26,Real
CL0036,2024-05-03,15.08,Real
CL0036,2024-05-04,20.38,Real
CL0036,2024-05-05,19.34,Real
CL0036,2024-05-06,9.03,Real
CL0036,2024-05-07,13.72,Real
CL0036,2024-05-08,18.42,Real
CL0036,2024-05-09,13.25,Real
CL0036,2024-05-10,14.65,Real
CL0036,2024-05-11,15.78,Real
CL0036,2024-05-12,16.35,Real
CL0036,2024-05-13,16.36,Real
CL0036,2024-05-14,12.59,Real
CL0036,2024-05-15,10.86,Estimada
CL0036,2024-05-16,14.21,Real
CL0036,2024-05-17,15.74,Real
CL0036,2024-05-18,18.85,Real
CL0036,2024-05-19,12.09,Real
CL0036,2024-05-20,9.66,Real
CL0036,2024-05-21,13.26,Real
CL0036,2024-05-22,12.19,Real
CL0036,2024-05-23,3.76,Real
CL0036,2024-05-24,15.24,Real
CL0036,2024-05-25,7.46,Real
CL0036,2024-05-26,17.63,Real
CL0036,2024-05-27,16.96,Real
CL0036,2024-05-28,13.31,Real
CL0036,2024-05-29,22.85,Real
CL0036,2024-05-30,16.65,Real
CL0036,2024-05-31,15.27,Real
CL0036,2024-06-01,19.44,Real
CL0036,2024-06-02,23.23,Real
CL0036,2024-06-03,10.42,Real
CL0036,2024-06-04,13.88,Real
CL0036,2024-06-05,14.39,Real
CL0036,2024-06-06,17.85,Real
CL0036,2024-06-07,16.9,Real
CL0036,2024-06-08,18.35,Estimada
CL0036,2024-06-09,24.09,Real
CL0036,2024-06-10,14.06,Real
CL0036,2024-06-11,15.34,Real
CL0036,2024-06-12,15.75,Real
CL0036,2024-06-13,19.05,Real
CL0036,2024-06-14,17.64,Real
CL0036,2024-06-15,18.53,Real
CL0036,2024-06-16,28.46,Real
CL0036,2024-06-17,19.45,Real
CL0036,2024-06-18,20.0,Real
CL0036,2024-06-19,14.41,Real
CL0036,2024-06-20,16.36,Real
CL0036,2024-06-21,15.82,Estimada
CL0036,2024-06-22,23.59,Real
CL0036,2024-06-23,22.25,Real
CL0036,2024-06-24,21.67,Real
CL0036,2024-06-25,17.88,Estimada
CL0036,2024-06-26,9.62,Real
CL0036,2024-06-27,16.14,Real
CL0036,2024-06-28,18.84,Real
CL0037,2024-01-01,113.16,Real
CL0037,2024-01-02,102.23,Real
CL0037,2024-01-03,84.88,Real
CL0037,2024-01-04,95.39,Estimada
CL0037,2024-01-05,83.6,Real
CL0037,2024-01-06,17.63,Real
CL0037,2024-01-07,81.54,Real
CL0037,2024-01-08,63.91,Real
CL0037,2024-01-09,76.48,Real
CL0037,2024-01-10,61.31,Real
CL0037,2024-01-11,62.8,Real
CL0037,2024-01-12,90.3,Real
CL0037,2024-01-13,40.28,Real
CL0037,2024-01-14,44.7,Real
CL0037,2024-01-15,83.6,Real
CL0037,2024-01-16,94.89,Real
CL0037,2024-01-17,83.66,Real
CL0037,2024-01-18,110.71,Real
CL0037,2024-01-19,101.09,Real
CL0037,2024-01-20,49.57,Real
CL0037,2024-01-21,32.61,Real
CL0037,2024-01-22,72.43,Real
CL0037,2024-01-23,75.1,Real
CL0037,2024-01-24,60.02,Real
CL0037,2024-01-25,49.91,Real
CL0037,2024-01-26,102.54,Real
CL0037,2024-01-27,60.96,Real
CL0037,2024-01-28,68.18,Real
CL0037,2024-01-29,74.02,Real
CL0037,2024-01-30,86.65,Real
CL0037,2024-01-31,115.48,Real
CL0037,2024-02-01,77.13,Real
CL0037,2024-02-02,65.16,Real
CL0037,2024-02-03,75.95,Real
CL0037,2024-02-04,28.75,Real
CL0037,2024-02-05,82.43,Real
CL0037,2024-02-06,68.97,Real
CL0037,2024-02-07,100.29,Real
CL0037,2024-02-08,85.96,Real
CL0037,2024-02-09,70.54,Real
CL0037,2024-02-10,24.47,Real
CL0037,2024-02-11,59.59,Real
CL0037,2024-02-12,56.1,Real
CL0037,2024-02-13,63.89,Real
CL0037,2024-02-14,84.85,Real
CL0037,2024-02-15,57.22,Real
CL0037,2024-02-16,96.94,Real
CL0037,2024-02-17,47.48,Real
CL0037,2024-02-18,50.8,Real
CL0037,2024-02-19,91.8,Real
CL0037,2024-02-20,70.39,Real
CL0037,2024-02-21,65.04,Real
CL0037,2024-02-22,35.0,Real
CL0037,2024-02-23,61.85,Real
CL0037,2024-02-24,46.54,Estimada
CL0037,2024-02-25,32.18,Real
CL0037,2024-02-26,77.03,Real
CL0037,2024-02-27,69.62,Real
CL0037,2024-02-28,76.76,Real
CL0037,2024-02-29,66.21,Real
CL0037,2024-03-01,83.98,Real
CL0037,2024-03-02,56.64,Real
CL0037,2024-03-03,55.53,Real
CL0037,2024-03-04,51.06,Real
CL0037,2024-03-05,61.32,Estimada
CL0037,2024-03-06,95.27,Real
CL0037,2024-03-07,74.82,Real
CL0037,2024-03-08,82.81,Real
CL0037,2024-03-09,39.95,Real
CL0037,2024-03-10,51.98,Real
CL0037,2024-03-11,34.18,Real
CL0037,2024-03-12,28.09,Real
CL0037,2024-03-13,53.9,Real
CL0037,2024-03-14,81.98,Real
CL0037,2024-03-15,63.61,Estimada
CL0037,2024-03-16,57.14,Real
CL0037,2024-03-17,52.82,Real
CL0037,2024-03-18,43.35,Real
CL0037,2024-03-19,65.31,Real
CL0037,2024-03-20,68.27,Real
CL0037,2024-03-21,84.51,Real
CL0037,2024-03-22,46.79,Real
CL0037,2024-03-23,48.13,Real
CL0037,2024-03-24,64.46,Estimada
CL0037,2024-03-25,77.73,Real
CL0037,2024-03-26,37.27,Real
CL0037,2024-03-27,48.96,Real
CL0037,2024-03-28,95.43,Real
CL0037,2024-03-29,67.33,Real
CL0037,2024-03-30,46.56,Real
CL0037,2024-03-31,31.94,Real
CL0037,2024-04-01,81.99,Estimada
CL0037,2024-04-02,104.78,Estimada
CL0037,2024-04-03,82.09,Real
CL0037,2024-04-04,39.76,Real
CL0037,2024-04-05,67.02,Estimada
CL0037,2024-04-06,55.09,Real
CL0037,2024-04-07,28.97,Estimada
CL0037,2024-04-08,92.2,Real
CL0037,2024-04-09,15.48,Real
CL0037,2024-04-10,40.02,Real
CL0037,2024-04-11,68.99,Real
CL0037,2024-04-12,84.29,Real
CL0037,2024-04-13,65.46,Real
CL0037,2024-04-14,33.37,Real
CL0037,2024-04-15,82.18,Real
CL0037,2024-04-16,79.75,Estimada
CL0037,2024-04-17,40.44,Real
CL0037,2024-04-18,59.55,Real
CL0037,2024-04-19,98.73,Real
CL0037,2024-04-20,33.83,Estimada
CL0037,2024-04-21,72.37,Real
CL0037,2024-04-22,62.04,Real
CL0037,2024-04-23,86.5,Real
CL0037,2024-04-24,93.56,Real
CL0037,2024-04-25,71.09,Real
CL0037,2024-04-26,97.75,Estimada
CL0037,2024-04-27,55.66,Estimada
CL0037,2024-04-28,35.54,Real
CL0037,2024-04-29,65.17,Real
CL0037,2024-04-30,73.87,Real
CL0037,2024-05-01,82.32,Real
CL0037,2024-05-02,91.52,Real
CL0037,2024-05-03,100.93,Real
CL0037,2024-05-04,68.12,Real
CL0037,2024-05-05,38.65,Real
CL0037,2024-05-06,92.03,Estimada
CL0037,2024-05-07,93.58,Real
CL0037,2024-05-08,110.2,Real
CL0037,2024-05-09,88.56,Estimada
CL0037,2024-05-10,47.66,Real
CL0037,2024-05-11,53.3,Estimada
CL0037,2024-05-12,52.27,Real
CL0037,2024-05-13,47.8,Real
CL0037,2024-05-14,34.58,Real
CL0037,2024-05-15,93.73,Real
CL0037,2024-05-16,83.86,Real
CL0037,2024-05-17,106.0,Real
CL0037,2024-05-18,55.15,Real
CL0037,2024-05-19,11.46,Estimada
CL0037,2024-05-20,65.07,Real
CL0037,2024-05-21,101.99,Real
CL0037,2024-05-22,101.99,Real
CL0037,2024-05-23,95.68,Real
CL0037,2024-05-24,99.22,Real
CL0037,2024-05-25,67.19,Real
CL0037,2024-05-26,40.59,Real
CL0037,2024-05-27,54.98,Real
CL0037,2024-05-28,69.09,Real
CL0037,2024-05-29,89.38,Real
CL0037,2024-05-30,63.08,Real
CL0037,2024-05-31,101.32,Real
CL0037,2024-06-01,97.12,Real
CL0037,2024-06-02,74.4,Real
CL0037,2024-06-03,111.95,Real
CL0037,2024-06-04,128.5,Real
CL0037,2024-06-05,122.39,Real
CL0037,2024-06-06,108.22,Real
CL0037,2024-06-07,115.47,Real
CL0037,2024-06-08,65.09,Estimada
CL0037,2024-06-09,64.67,Estimada
CL0037,2024-06-10,93.64,Real
CL0037,2024-06-11,85.21,Real
CL0037,2024-06-12,95.47,Real
CL0037,2024-06-13,111.98,Real
CL0037,2024-06-14,97.89,Real
CL0037,2024-06-15,56.47,Real
CL0037,2024-06-16,85.15,Real
CL0037,2024-06-17,114.02,Real
CL0037,2024-06-18,66.4,Real
CL0037,2024-06-19,105.95,Real
CL0037,2024-06-20,116.15,Real
CL0037,2024-06-21,67.26,Real
CL0037,2024-06-22,83.48,Real
CL0037,2024-06-23,79.9,Real
CL0037,2024-06-24,101.53,Estimada
CL0037,2024-06-25,93.21,Real
CL0037,2024-06-26,63.17,Real
CL0037,2024-06-27,124.24,Real
CL0037,2024-06-28,125.55,Real
CL0038,2024-01-01,7.08,Real
CL0038,2024-01-02,3.8,Real
CL0038,2024-01-03,10.43,Real
CL0038,2024-01-04,10.43,Real
CL0038,2024-01-05,6.99,Real
CL0038,2024-01-06,11.96,Real
CL0038,2024-01-07,10.22,Real
CL0038,2024-01-08,8.3,Real
CL0038,2024-01-09,5.96,Real
CL0038,2024-01-10,8.62,Real
CL0038,2024-01-11,10.7,Real
CL0038,2024-01-12,12.67,Estimada
CL0038,2024-01-13,15.13,Real
CL0038,2024-01-14,16.23,Real
CL0038,2024-01-15,6.32,Real
CL0038,2024-01-16,10.24,Real
CL0038,2024-01-17,7.88,Real
CL0038,2024-01-18,11.32,Real
CL0038,2024-01-19,12.33,Real
CL0038,2024-01-20,11.24,Real
CL0038,2024-01-21,13.03,Real
CL0038,2024-01-22,6.98,Real
CL0038,2024-01-23,9.0,Real
CL0038,2024-01-24,9.19,Real
CL0038,2024-01-25,11.36,Real
CL0038,2024-01-26,13.48,Real
CL0038,2024-01-27,9.82,Real
CL0038,2024-01-28,14.09,Real
CL0038,2024-01-29,11.47,Real
CL0038,2024-01-30,8.79,Real
CL0038,2024-01-31,8.85,Real
CL0038,2024-02-01,8.63,Real
CL0038,2024-02-02,6.74,Real
CL0038,2024-02-03,10.2,Real
CL0038,2024-02-04,11.95,Real
CL0038,2024-02-05,8.57,Estimada
CL0038,2024-02-06,8.45,Real
CL0038,2024-02-07,12.38,Real
CL0038,2024-02-08,7.43,Real
CL0038,2024-02-09,9.12,Real
CL0038,2024-02-10,11.73,Real
CL0038,2024-02-11,15.14,Real
CL0038,2024-02-12,9.43,Real
CL0038,2024-02-13,9.46,Real
CL0038,2024-02-14,7.94,Estimada
CL0038,2024-02-15,6.72,Real
CL0038,2024-02-16,9.07,Real
CL0038,2024-02-17,10.99,Real
CL0038,2024-02-18,13.3,Real
CL0038,2024-02-19,5.8,Real
CL0038,2024-02-20,7.24,Estimada
CL0038,2024-02-21,7.75,Real
CL0038,2024-02-22,12.39,Real
CL0038,2024-02-23,8.71,Real
CL0038,2024-02-24,12.14,Real
CL0038,2024-02-25,11.58,Estimada
CL0038,2024-02-26,7.99,Real
CL0038,2024-02-27,7.14,Real
CL0038,2024-02-28,9.26,Real
CL0038,2024-02-29,14.4,Real
CL0038,2024-03-01,10.14,Real
CL0038,2024-03-02,10.59,Real
CL0038,2024-03-03,14.43,Estimada
CL0038,2024-03-04,7.29,Real
CL0038,2024-03-05,9.94,Real
CL0038,2024-03-06,8.51,Real
CL0038,2024-03-07,13.09,Real
CL0038,2024-03-08,6.64,Real
CL0038,2024-03-09,9.94,Real
CL0038,2024-03-10,7.42,Real
CL0038,2024-03-11,7.27,Real
CL0038,2024-03-12,11.61,Real
CL0038,2024-03-13,6.97,Real
CL0038,2024-03-14,5.34,Real
CL0038,2024-03-15,6.31,Real
CL0038,2024-03-16,12.42,Real
CL0038,2024-03-17,14.5,Real
CL0038,2024-03-18,10.02,Real
CL0038,2024-03-19,10.17,Real
CL0038,2024-03-20,9.87,Real
CL0038,2024-03-21,13.32,Real
CL0038,2024-03-22,4.75,Real
CL0038,2024-03-23,11.43,Real
CL0038,2024-03-24,12.61,Real
CL0038,2024-03-25,12.17,Real
CL0038,2024-03-26,15.24,Real
CL0038,2024-03-27,3.19,Real
CL0038,2024-03-28,8.32,Real
CL0038,2024-03-29,10.13,Estimada
CL0038,2024-03-30,14.98,Real
CL0038,2024-03-31,15.73,Real
CL0038,2024-04-01,7.99,Real
CL0038,2024-04-02,10.28,Real
CL0038,2024-04-03,6.51,Real
CL0038,2024-04-04,10.89,Real
CL0038,2024-04-05,4.32,Real
CL0038,2024-04-06,9.31,Estimada
CL0038,2024-04-07,14.33,Real
CL0038,2024-04-08,8.91,Real
CL0038,2024-04-09,7.24,Real
CL0038,2024-04-10,8.81,Real
CL0038,2024-04-11,8.3,Estimada
CL0038,2024-04-12,8.19,Real
CL0038,2024-04-13,13.96,Real
CL0038,2024-04-14,13.73,Real
CL0038,2024-04-15,4.93,Real
CL0038,2024-04-16,5.29,Real
CL0038,2024-04-17,3.9,Real
CL0038,2024-04-18,8.42,Real
CL0038,2024-04-19,4.6,Real
CL0038,2024-04-20,14.27,Real
CL0038,2024-04-21,14.93,Real
CL0038,2024-04-22,4.3,Real
CL0038,2024-04-23,8.85,Real
CL0038,2024-04-24,7.95,Real
CL0038,2024-04-25,10.0,Real
CL0038,2024-04-26,6.45,Estimada
CL0038,2024-04-27,14.15,Real
CL0038,2024-04-28,15.35,Real
CL0038,2024-04-29,5.52,Real
CL0038,2024-04-30,8.06,Real
CL0038,2024-05-01,4.51,Real
CL0038,2024-05-02,11.17,Real
CL0038,2024-05-03,9.17,Estimada
CL0038,2024-05-04,18.31,Real
CL0038,2024-05-05,15.82,Real
CL0038,2024-05-06,6.07,Real
CL0038,2024-05-07,8.86,Real
CL0038,2024-05-08,14.33,Real
CL0038,2024-05-09,6.3,Real
CL0038,2024-05-10,6.05,Real
CL0038,2024-05-11,15.77,Real
CL0038,2024-05-12,12.01,Real
CL0038,2024-05-13,14.34,Real
CL0038,2024-05-14,12.07,Real
CL0038,2024-05-15,10.0,Real
CL0038,2024-05-16,7.09,Real
CL0038,2024-05-17,5.8,Real
CL0038,2024-05-18,18.88,Estimada
CL0038,2024-05-19,15.51,Real
CL0038,2024-05-20,13.99,Real
CL0038,2024-05-21,4.52,Real
CL0038,2024-05-22,8.56,Estimada
CL0038,2024-05-23,9.86,Real
CL0038,2024-05-24,10.73,Real
CL0038,2024-05-25,15.07,Real
CL0038,2024-05-26,12.62,Estimada
CL0038,2024-05-27,7.78,Real
CL0038,2024-05-28,9.75,Real
CL0038,2024-05-29,14.73,Real
CL0038,2024-05-30,10.7,Real
CL0038,2024-05-31,11.88,Real
CL0038,2024-06-01,17.88,Real
CL0038,2024-06-02,13.91,Real
CL0038,2024-06-03,10.64,Real
CL0038,2024-06-04,13.87,Real
CL0038,2024-06-05,14.29,Real
CL0038,2024-06-06,11.58,Real
CL0038,2024-06-07,12.73,Estimada
CL0038,2024-06-08,15.53,Real
CL0038,2024-06-09,17.0,Estimada
CL0038,2024-06-10,13.06,Real
CL0038,2024-06-11,9.03,Real
CL0038,2024-06-12,12.55,Real
CL0038,2024-06-13,8.03,Real
CL0038,2024-06-14,13.28,Estimada
CL0038,2024-06-15,15.56,Estimada
CL0038,2024-06-16,15.33,Real
CL0038,2024-06-17,10.31,Estimada
CL0038,2024-06-18,11.68,Real
CL0038,2024-06-19,10.91,Estimada
CL0038,2024-06-20,11.01,Real
CL0038,2024-06-21,12.92,Real
CL0038,2024-06-22,21.49,Real
CL0038,2024-06-23,16.4,Real
CL0038,2024-06-24,12.83,Real
CL0038,2024-06-25,8.56,Real
CL0038,2024-06-26,14.67,Real
CL0038,2024-06-27,14.46,Real
CL0038,2024-06-28,11.24,Real
CL0039,2024-01-01,15.07,Real
CL0039,2024-01-02,16.32,Real
CL0039,2024-01-03,21.97,Real
CL0039,2024-01-04,12.32,Estimada
CL0039,2024-01-05,18.55,Real
CL0039,2024-01-06,27.96,Real
CL0039,2024-01-07,31.08,Real
CL0039,2024-01-08,22.23,Real
CL0039,2024-01-09,14.43,Estimada
CL0039,2024-01-10,21.68,Real
CL0039,2024-01-11,18.68,Real
CL0039,2024-01-12,21.99,Estimada
CL0039,2024-01-13,25.38,Real
CL0039,2024-01-14,24.26,Real
CL0039,2024-01-15,19.57,Real
CL0039,2024-01-16,23.97,Real
CL0039,2024-01-17,20.38,Real
CL0039,2024-01-18,16.22,Real
CL0039,2024-01-19,24.58,Real
CL0039,2024-01-20,22.88,Real
CL0039,2024-01-21,27.52,Real
CL0039,2024-01-22,21.88,Real
CL0039,2024-01-23,15.81,Real
CL0039,2024-01-24,14.24,Estimada
CL0039,2024-01-25,20.55,Real
CL0039,2024-01-26,13.68,Real
CL0039,2024-01-27,30.54,Real
CL0039,2024-01-28,21.04,Real
CL0039,2024-01-29,22.44,Estimada
CL0039,2024-01-30,14.3,Real
CL0039,2024-01-31,19.74,Real
CL0039,2024-02-01,19.76,Real
CL0039,2024-02-02,13.8,Real
CL0039,2024-02-03,33.32,Real
CL0039,2024-02-04,29.55,Real
CL0039,2024-02-05,15.55,Real
CL0039,2024-02-06,17.48,Estimada
CL0039,2024-02-07,10.63,Estimada
CL0039,2024-02-08,10.38,Real
CL0039,2024-02-09,18.51,Real
CL0039,2024-02-10,27.33,Real
CL0039,2024-02-11,17.52,Real
CL0039,2024-02-12,30.03,Real
CL0039,2024-02-13,12.86,Real
CL0039,2024-02-14,12.57,Real
CL0039,2024-02-15,27.58,Real
CL0039,2024-02-16,23.45,Real
CL0039,2024-02-17,30.23,Real
CL0039,2024-02-18,17.75,Real
CL0039,2024-02-19,25.27,Real
CL0039,2024-02-20,5.49,Real
CL0039,2024-02-21,20.22,Real
CL0039,2024-02-22,12.77,Real
CL0039,2024-02-23,10.82,Real
CL0039,2024-02-24,15.46,Real
CL0039,2024-02-25,24.3,Real
CL0039,2024-02-26,14.0,Real
CL0039,2024-02-27,21.11,Estimada
CL0039,2024-02-28,17.43,Real
CL0039,2024-02-29,19.11,Real
CL0039,2024-03-01,20.33,Real
CL0039,2024-03-02,11.86,Real
CL0039,2024-03-03,24.34,Estimada
CL0039,2024-03-04,11.79,Real
CL0039,2024-03-05,22.15,Real
CL0039,2024-03-06,11.26,Real
CL0039,2024-03-07,4.92,Real
CL0039,2024-03-08,14.57,Estimada
CL0039,2024-03-09,24.55,Real
CL0039,2024-03-10,17.55,Real
CL0039,2024-03-11,17.27,Real
CL0039,2024-03-12,14.08,Real
CL0039,2024-03-13,14.22,Real
CL0039,2024-03-14,18.84,Real
CL0039,2024-03-15,15.06,Real
CL0039,2024-03-16,25.91,Real
CL0039,2024-03-17,22.16,Real
CL0039,2024-03-18,12.18,Real
CL0039,2024-03-19,11.56,Real
CL0039,2024-03-20,11.88,Real
CL0039,2024-03-21,5.21,Real
CL0039,2024-03-22,7.16,Real
CL0039,2024-03-23,13.42,Real
CL0039,2024-03-24,25.61,Real
CL0039,2024-03-25,11.92,Real
CL0039,2024-03-26,14.08,Real
CL0039,2024-03-27,18.86,Real
CL0039,2024-03-28,13.93,Real
CL0039,2024-03-29,17.24,Real
CL0039,2024-03-30,29.3,Real
CL0039,2024-03-31,21.69,Real
CL0039,2024-04-01,13.97,Real
CL0039,2024-04-02,15.65,Real
CL0039,2024-04-03,20.82,Real
CL0039,2024-04-04,13.43,Real
CL0039,2024-04-05,7.09,Real
CL0039,2024-04-06,27.11,Real
CL0039,2024-04-07,28.47,Real
CL0039,2024-04-08,10.5,Real
CL0039,2024-04-09,15.9,Real
CL0039,2024-04-10,17.99,Real
CL0039,2024-04-11,13.13,Real
CL0039,2024-04-12,15.16,Real
CL0039,2024-04-13,24.24,Real
CL0039,2024-04-14,15.75,Real
CL0039,2024-04-15,6.31,Real
CL0039,2024-04-16,6.2,Real
CL0039,2024-04-17,21.27,Real
CL0039,2024-04-18,18.79,Real
CL0039,2024-04-19,20.5,Real
CL0039,2024-04-20,28.24,Real
CL0039,2024-04-21,27.19,Real
CL0039,2024-04-22,15.7,Real
CL0039,2024-04-23,13.09,Real
CL0039,2024-04-24,11.98,Real
CL0039,2024-04-25,15.76,Real
CL0039,2024-04-26,18.46,Real
CL0039,2024-04-27,26.05,Estimada
CL0039,2024-04-28,20.39,Real
CL0039,2024-04-29,23.43,Real
CL0039,2024-04-30,19.56,Real
CL0039,2024-05-01,15.14,Real
CL0039,2024-05-02,11.91,Estimada
CL0039,2024-05-03,20.02,Real
CL0039,2024-05-04,31.4,Real
CL0039,2024-05-05,24.19,Real
CL0039,2024-05-06,18.52,Real
CL0039,2024-05-07,15.5,Real
CL0039,2024-05-08,15.55,Real
CL0039,2024-05-09,19.22,Real
CL0039,2024-05-10,18.97,Real
CL0039,2024-05-11,20.91,Real
CL0039,2024-05-12,26.99,Real
CL0039,2024-05-13,22.13,Real
CL0039,2024-05-14,17.8,Real
CL0039,2024-05-15,19.55,Real
CL0039,2024-05-16,19.94,Real
CL0039,2024-05-17,18.64,Real
CL0039,2024-05-18,27.19,Real
CL0039,2024-05-19,15.89,Estimada
CL0039,2024-05-20,18.82,Real
CL0039,2024-05-21,24.58,Real
CL0039,2024-05-22,9.51,Real
CL0039,2024-05-23,13.3,Real
CL0039,2024-05-24,13.63,Real
CL0039,2024-05-25,27.35,Real
CL0039,2024-05-26,28.47,Real
CL0039,2024-05-27,19.1,Real
CL0039,2024-05-28,16.2,Real
CL0039,2024-05-29,24.46,Real
CL0039,2024-05-30,22.25,Real
CL0039,2024-05-31,17.43,Real
CL0039,2024-06-01,18.82,Estimada
CL0039,2024-06-02,31.33,Real
CL0039,2024-06-03,20.1,Real
CL0039,2024-06-04,15.04,Real
CL0039,2024-06-05,20.64,Real
CL0039,2024-06-06,17.85,Real
CL0039,2024-06-07,29.25,Real
CL0039,2024-06-08,27.53,Real
CL0039,2024-06-09,36.82,Real
CL0039,2024-06-10,24.83,Estimada
CL0039,2024-06-11,22.18,Real
CL0039,2024-06-12,22.75,Real
CL0039,2024-06-13,28.5,Real
CL0039,2024-06-14,25.18,Real
CL0039,2024-06-15,33.84,Real
CL0039,2024-06-16,44.72,Real
CL0039,2024-06-17,24.6,Estimada
CL0039,2024-06-18,25.61,Real
CL0039,2024-06-19,17.15,Real
CL0039,2024-06-20,15.12,Real
CL0039,2024-06-21,21.73,Estimada
CL0039,2024-06-22,27.24,Estimada
CL0039,2024-06-23,30.91,Real
CL0039,2024-06-24,16.37,Real
CL0039,2024-06-25,19.93,Real
CL0039,2024-06-26,13.42,Real
CL0039,2024-06-27,20.63,Real
CL0039,2024-06-28,20.85,Real
CL0040,2024-01-01,11.53,Real
CL0040,2024-01-02,19.16,Real
CL0040,2024-01-03,15.75,Real
CL0040,2024-01-04,17.73,Real
CL0040,2024-01-05,17.24,Estimada
CL0040,2024-01-06,23.82,Real
CL0040,2024-01-07,19.47,Real
CL0040,2024-01-08,14.85,Real
CL0040,2024-01-09,10.24,Real
CL0040,2024-01-10,11.73,Real
CL0040,2024-01-11,13.97,Real
CL0040,2024-01-12,9.67,Real
CL0040,2024-01-13,22.04,Real
CL0040,2024-01-14,23.07,Real
CL0040,2024-01-15,18.12,Real
CL0040,2024-01-16,13.55,Real
CL0040,2024-01-17,5.48,Real
CL0040,2024-01-18,14.02,Real
CL0040,2024-01-19,18.78,Estimada
CL0040,2024-01-20,13.04,Real
CL0040,2024-01-21,21.67,Real
CL0040,2024-01-22,8.13,Real
CL0040,2024-01-23,12.44,Real
CL0040,2024-01-24,15.07,Real
CL0040,2024-01-25,15.68,Real
CL0040,2024-01-26,16.59,Real
CL0040,2024-01-27,18.46,Estimada
CL0040,2024-01-28,23.6,Estimada
CL0040,2024-01-29,4.23,Real
CL0040,2024-01-30,16.92,Real
CL0040,2024-01-31,9.91,Real
CL0040,2024-02-01,21.83,Real
CL0040,2024-02-02,8.08,Real
CL0040,2024-02-03,20.68,Real
CL0040,2024-02-04,11.15,Real
CL0040,2024-02-05,8.39,Real
CL0040,2024-02-06,8.58,Real
CL0040,2024-02-07,15.51,Real
CL0040,2024-02-08,15.73,Real
CL0040,2024-02-09,12.67,Real
CL0040,2024-02-10,14.2,Real
CL0040,2024-02-11,7.25,Real
CL0040,2024-02-12,10.23,Real
CL0040,2024-02-13,11.39,Real
CL0040,2024-02-14,17.01,Real
CL0040,2024-02-15,13.68,Estimada
CL0040,2024-02-16,12.45,Real
CL0040,2024-02-17,11.8,Real
CL0040,2024-02-18,17.06,Real
CL0040,2024-02-19,10.73,Real
CL0040,2024-02-20,15.37,Real
CL0040,2024-02-21,10.03,Real
CL0040,2024-02-22,13.57,Real
CL0040,2024-02-23,11.15,Real
CL0040,2024-02-24,22.27,Real
CL0040,2024-02-25,14.2,Real
CL0040,2024-02-26,12.06,Estimada
CL0040,2024-02-27,11.59,Real
CL0040,2024-02-28,18.51,Real
CL0040,2024-02-29,4.07,Real
CL0040,2024-03-01,9.96,Real
CL0040,2024-03-02,13.39,Real
CL0040,2024-03-03,12.21,Real
CL0040,2024-03-04,8.31,Real
CL0040,2024-03-05,5.99,Real
CL0040,2024-03-06,10.51,Real
CL0040,2024-03-07,14.87,Real
CL0040,2024-03-08,7.45,Real
CL0040,2024-03-09,15.08,Estimada
CL0040,2024-03-10,19.05,Real
CL0040,2024-03-11,11.85,Real
CL0040,2024-03-12,6.37,Real
CL0040,2024-03-13,10.96,Real
CL0040,2024-03-14,16.94,Real
CL0040,2024-03-15,5.93,Real
CL0040,2024-03-16,15.38,Real
CL0040,2024-03-17,13.77,Real
CL0040,2024-03-18,11.4,Real
CL0040,2024-03-19,10.96,Real
CL0040,2024-03-20,7.5,Real
CL0040,2024-03-21,10.13,Real
CL0040,2024-03-22,9.33,Real
CL0040,2024-03-23,18.37,Real
CL0040,2024-03-24,20.43,Real
CL0040,2024-03-25,6.01,Real
CL0040,2024-03-26,12.07,Real
CL0040,2024-03-27,12.31,Real
CL0040,2024-03-28,9.89,Real
CL0040,2024-03-29,12.93,Real
CL0040,2024-03-30,19.03,Real
CL0040,2024-03-31,10.76,Real
CL0040,2024-04-01,21.99,Real
CL0040,2024-04-02,9.72,Real
CL0040,2024-04-03,8.19,Real
CL0040,2024-04-04,9.51,Real
CL0040,2024-04-05,15.3,Real
CL0040,2024-04-06,21.31,Real
CL0040,2024-04-07,16.58,Real
CL0040,2024-04-08,6.15,Real
CL0040,2024-04-09,10.82,Real
CL0040,2024-04-10,11.16,Real
CL0040,2024-04-11,13.25,Real
CL0040,2024-04-12,18.44,Real
CL0040,2024-04-13,14.67,Real
CL0040,2024-04-14,17.27,Real
CL0040,2024-04-15,15.7,Real
CL0040,2024-04-16,14.6,Real
CL0040,2024-04-17,9.57,Real
CL0040,2024-04-18,9.14,Real
CL0040,2024-04-19,10.95,Real
CL0040,2024-04-20,6.97,Estimada
CL0040,2024-04-21,13.17,Real
CL0040,2024-04-22,14.17,Real
CL0040,2024-04-23,9.61,Real
CL0040,2024-04-24,10.76,Real
CL0040,2024-04-25,13.54,Real
CL0040,2024-04-26,10.09,Real
CL0040,2024-04-27,12.48,Real
CL0040,2024-04-28,15.92,Real
CL0040,2024-04-29,12.01,Real
CL0040,2024-04-30,11.92,Real
CL0040,2024-05-01,14.99,Real
CL0040,2024-05-02,8.52,Real
CL0040,2024-05-03,16.3,Real
CL0040,2024-05-04,20.79,Real
CL0040,2024-05-05,18.81,Real
CL0040,2024-05-06,8.94,Real
CL0040,2024-05-07,20.95,Real
CL0040,2024-05-08,14.6,Real
CL0040,2024-05-09,14.08,Real
CL0040,2024-05-10,13.05,Real
CL0040,2024-05-11,19.95,Real
CL0040,2024-05-12,19.53,Real
CL0040,2024-05-13,17.18,Estimada
CL0040,2024-05-14,11.39,Real
CL0040,2024-05-15,13.01,Real
CL0040,2024-05-16,22.04,Real
CL0040,2024-05-17,6.46,Real
CL0040,2024-05-18,21.97,Real
CL0040,2024-05-19,7.37,Real
CL0040,2024-05-20,6.97,Real
CL0040,2024-05-21,8.74,Real
CL0040,2024-05-22,11.69,Real
CL0040,2024-05-23,12.34,Real
CL0040,2024-05-24,5.27,Real
CL0040,2024-05-25,25.48,Real
CL0040,2024-05-26,16.37,Real
CL0040,2024-05-27,20.7,Real
CL0040,2024-05-28,12.46,Estimada
CL0040,2024-05-29,17.02,Real
CL0040,2024-05-30,10.53,Real
CL0040,2024-05-31,12.34,Real
CL0040,2024-06-01,24.49,Real
CL0040,2024-06-02,22.74,Real
CL0040,2024-06-03,16.64,Real
CL0040,2024-06-04,23.3,Real
CL0040,2024-06-05,15.09,Real
CL0040,2024-06-06,18.81,Real
CL0040,2024-06-07,17.81,Real
CL0040,2024-06-08,30.39,Real
CL0040,2024-06-09,23.98,Real
CL0040,2024-06-10,16.41,Real
CL0040,2024-06-11,16.56,Real
CL0040,2024-06-12,18.85,Real
CL0040,2024-06-13,16.47,Real
CL0040,2024-06-14,11.61,Real
CL0040,2024-06-15,24.74,Real
CL0040,2024-06-16,27.82,Real
CL0040,2024-06-17,11.46,Real
CL0040,2024-06-18,15.48,Real
CL0040,2024-06-19,16.81,Real
CL0040,2024-06-20,15.22,Real
CL0040,2024-06-21,11.79,Real
CL0040,2024-06-22,21.09,Estimada
CL0040,2024-06-23,19.55,Estimada
CL0040,2024-06-24,16.13,Real
CL0040,2024-06-25,16.75,Estimada
CL0040,2024-06-26,18.22,Real
CL0040,2024-06-27,16.1,Estimada
CL0040,2024-06-28,22.64,Real
CL0041,2024-01-01,7.93,Real
CL0041,2024-01-02,10.33,Real
CL0041,2024-01-03,4.7,Real
CL0041,2024-01-04,11.97,Real
CL0041,2024-01-05,12.52,Real
CL0041,2024-01-06,11.37,Real
CL0041,2024-01-07,11.14,Real
CL0041,2024-01-08,4.89,Real
CL0041,2024-01-09,9.44,Real
CL0041,2024-01-10,3.6,Estimada
CL0041,2024-01-11,11.97,Real
CL0041,2024-01-12,5.24,Real
CL0041,2024-01-13,13.49,Real
CL0041,2024-01-14,10.8,Real
CL0041,2024-01-15,6.19,Real
CL0041,2024-01-16,6.88,Real
CL0041,2024-01-17,11.87,Real
CL0041,2024-01-18,5.27,Real
CL0041,2024-01-19,11.68,Real
CL0041,2024-01-20,16.49,Real
CL0041,2024-01-21,12.89,Real
CL0041,2024-01-22,10.15,Real
CL0041,2024-01-23,9.8,Estimada
CL0041,2024-01-24,11.17,Real
CL0041,2024-01-25,9.54,Real
CL0041,2024-01-26,11.51,Real
CL0041,2024-01-27,13.73,Real
CL0041,2024-01-28,18.22,Real
CL0041,2024-01-29,12.43,Real
CL0041,2024-01-30,4.06,Real
CL0041,2024-01-31,12.04,Real
CL0041,2024-02-01,9.03,Real
CL0041,2024-02-02,7.03,Real
CL0041,2024-02-03,9.97,Real
CL0041,2024-02-04,7.96,Real
CL0041,2024-02-05,10.2,Estimada
CL0041,2024-02-06,8.6,Estimada
CL0041,2024-02-07,9.17,Real
CL0041,2024-02-08,5.34,Real
CL0041,2024-02-09,10.25,Real
CL0041,2024-02-10,10.81,Real
CL0041,2024-02-11,12.19,Real
CL0041,2024-02-12,8.9,Real
CL0041,2024-02-13,11.22,Real
CL0041,2024-02-14,12.08,Real
CL0041,2024-02-15,9.76,Real
CL0041,2024-02-16,13.29,Estimada
CL0041,2024-02-17,13.35,Real
CL0041,2024-02-18,10.27,Real
CL0041,2024-02-19,8.81,Real
CL0041,2024-02-20,9.95,Real
CL0041,2024-02-21,3.4,Real
CL0041,2024-02-22,3.89,Real
CL0041,2024-02-23,7.97,Real
CL0041,2024-02-24,11.24,Real
CL0041,2024-02-25,14.85,Estimada
CL0041,2024-02-26,4.19,Real
CL0041,2024-02-27,9.81,Estimada
CL0041,2024-02-28,6.41,Estimada
CL0041,2024-02-29,7.24,Real
CL0041,2024-03-01,5.84,Real
CL0041,2024-03-02,8.93,Real
CL0041,2024-03-03,12.39,Real
CL0041,2024-03-04,5.53,Real
CL0041,2024-03-05,9.53,Real
CL0041,2024-03-06,4.64,Real
CL0041,2024-03-07,3.18,Real
CL0041,2024-03-08,10.9,Real
CL0041,2024-03-09,16.45,Real
CL0041,2024-03-10,12.48,Real
CL0041,2024-03-11,9.71,Real
CL0041,2024-03-12,13.06,Real
CL0041,2024-03-13,3.97,Real
CL0041,2024-03-14,9.74,Real
CL0041,2024-03-15,8.38,Real
CL0041,2024-03-16,11.57,Real
CL0041,2024-03-17,10.08,Real
CL0041,2024-03-18,2.53,Real
CL0041,2024-03-19,8.93,Estimada
CL0041,2024-03-20,9.5,Real
CL0041,2024-03-21,9.58,Real
CL0041,2024-03-22,10.25,Real
CL0041,2024-03-23,10.17,Real
CL0041,2024-03-24,13.49,Real
CL0041,2024-03-25,4.5,Real
CL0041,2024-03-26,7.06,Real
CL0041,2024-03-27,7.66,Real
CL0041,2024-03-28,5.97,Real
CL0041,2024-03-29,10.01,Real
CL0041,2024-03-30,2.67,Real
CL0041,2024-03-31,10.28,Real
CL0041,2024-04-01,5.2,Estimada
CL0041,2024-04-02,6.03,Real
CL0041,2024-04-03,9.1,Real
CL0041,2024-04-04,12.17,Real
CL0041,2024-04-05,8.0,Real
CL0041,2024-04-06,11.89,Real
CL0041,2024-04-07,13.06,Real
CL0041,2024-04-08,10.62,Real
CL0041,2024-04-09,10.13,Real
CL0041,2024-04-10,7.97,Real
CL0041,2024-04-11,6.52,Estimada
CL0041,2024-04-12,5.72,Real
CL0041,2024-04-13,10.97,Real
CL0041,2024-04-14,13.13,Real
CL0041,2024-04-15,10.47,Real
CL0041,2024-04-16,5.5,Real
CL0041,2024-04-17,4.41,Real
CL0041,2024-04-18,10.13,Real
CL0041,2024-04-19,6.99,Real
CL0041,2024-04-20,13.49,Real
CL0041,2024-04-21,3.8,Real
CL0041,2024-04-22,9.9,Real
CL0041,2024-04-23,11.19,Real
CL0041,2024-04-24,8.01,Real
CL0041,2024-04-25,11.13,Real
CL0041,2024-04-26,6.11,Real
CL0041,2024-04-27,18.76,Real
CL0041,2024-04-28,4.43,Real
CL0041,2024-04-29,12.48,Real
CL0041,2024-04-30,4.82,Real
CL0041,2024-05-01,12.69,Real
CL0041,2024-05-02,6.79,Real
CL0041,2024-05-03,8.67,Real
CL0041,2024-05-04,5.95,Real
CL0041,2024-05-05,4.78,Real
CL0041,2024-05-06,10.19,Real
CL0041,2024-05-07,12.41,Real
CL0041,2024-05-08,11.39,Real
CL0041,2024-05-09,5.76,Real
CL0041,2024-05-10,7.8,Real
CL0041,2024-05-11,14.93,Estimada
CL0041,2024-05-12,8.41,Real
CL0041,2024-05-13,4.33,Real
CL0041,2024-05-14,12.11,Real
CL0041,2024-05-15,9.17,Real
CL0041,2024-05-16,11.42,Real
CL0041,2024-05-17,16.56,Real
CL0041,2024-05-18,16.71,Estimada
CL0041,2024-05-19,11.68,Real
CL0041,2024-05-20,10.93,Real
CL0041,2024-05-21,8.57,Real
CL0041,2024-05-22,7.49,Real
CL0041,2024-05-23,12.36,Real
CL0041,2024-05-24,7.5,Real
CL0041,2024-05-25,11.28,Real
CL0041,2024-05-26,17.97,Real
CL0041,2024-05-27,9.78,Real
CL0041,2024-05-28,5.17,Real
CL0041,2024-05-29,9.69,Real
CL0041,2024-05-30,9.56,Real
CL0041,2024-05-31,7.89,Real
CL0041,2024-06-01,24.78,Real
CL0041,2024-06-02,17.13,Real
CL0041,2024-06-03,11.53,Real
CL0041,2024-06-04,12.04,Estimada
CL0041,2024-06-05,11.75,Real
CL0041,2024-06-06,12.05,Real
CL0041,2024-06-07,10.43,Real
CL0041,2024-06-08,15.41,Estimada
CL0041,2024-06-09,18.05,Real
CL0041,2024-06-10,13.15,Real
CL0041,2024-06-11,10.85,Real
CL0041,2024-06-12,13.31,Real
CL0041,2024-06-13,11.78,Real
CL0041,2024-06-14,11.88,Real
CL0041,2024-06-15,16.69,Real
CL0041,2024-06-16,14.21,Real
CL0041,2024-06-17,8.65,Real
CL0041,2024-06-18,9.2,Real
CL0041,2024-06-19,8.48,Real
CL0041,2024-06-20,5.38,Real
CL0041,2024-06-21,11.3,Real
CL0041,2024-06-22,16.06,Real
CL0041,2024-06-23,13.76,Real
CL0041,2024-06-24,12.2,Real
CL0041,2024-06-25,9.54,Estimada
CL0041,2024-06-26,10.58,Estimada
CL0041,2024-06-27,15.36,Real
CL0041,2024-06-28,13.87,Real
CL0042,2024-01-01,21.28,Real
CL0042,2024-01-02,21.05,Real
CL0042,2024-01-03,19.86,Real
CL0042,2024-01-04,20.09,Real
CL0042,2024-01-05,17.09,Real
CL0042,2024-01-06,27.84,Real
CL0042,2024-01-07,25.6,Real
CL0042,2024-01-08,12.48,Real
CL0042,2024-01-09,25.46,Real
CL0042,2024-01-10,15.93,Real
CL0042,2024-01-11,14.02,Real
CL0042,2024-01-12,23.94,Real
CL0042,2024-01-13,23.25,Real
CL0042,2024-01-14,22.95,Real
CL0042,2024-01-15,22.11,Real
CL0042,2024-01-16,17.01,Estimada
CL0042,2024-01-17,19.08,Real
CL0042,2024-01-18,17.21,Real
CL0042,2024-01-19,15.18,Real
CL0042,2024-01-20,22.69,Real
CL0042,2024-01-21,36.52,Real
CL0042,2024-01-22,22.42,Real
CL0042,2024-01-23,13.11,Real
CL0042,2024-01-24,21.06,Estimada
CL0042,2024-01-25,17.95,Real
CL0042,2024-01-26,21.11,Real
CL0042,2024-01-27,31.54,Real
CL0042,2024-01-28,34.46,Estimada
CL0042,2024-01-29,23.89,Real
CL0042,2024-01-30,13.94,Real
CL0042,2024-01-31,19.43,Real
CL0042,2024-02-01,8.03,Real
CL0042,2024-02-02,17.86,Estimada
CL0042,2024-02-03,20.36,Real
CL0042,2024-02-04,6.66,Real
CL0042,2024-02-05,21.54,Real
CL0042,2024-02-06,15.36,Estimada
CL0042,2024-02-07,18.24,Estimada
CL0042,2024-02-08,20.03,Real
CL0042,2024-02-09,9.16,Real
CL0042,2024-02-10,18.4,Real
CL0042,2024-02-11,15.17,Real
CL0042,2024-02-12,20.15,Real
CL0042,2024-02-13,20.84,Estimada
CL0042,2024-02-14,22.74,Real
CL0042,2024-02-15,16.27,Real
CL0042,2024-02-16,31.74,Real
CL0042,2024-02-17,16.23,Real
CL0042,2024-02-18,28.71,Real
CL0042,2024-02-19,13.65,Real
CL0042,2024-02-20,20.73,Real
CL0042,2024-02-21,21.39,Real
CL0042,2024-02-22,3.65,Real
CL0042,2024-02-23,13.37,Estimada
CL0042,2024-02-24,12.98,Real
CL0042,2024-02-25,15.62,Real
CL0042,2024-02-26,21.15,Estimada
CL0042,2024-02-27,16.42,Real
CL0042,2024-02-28,20.06,Real
CL0042,2024-02-29,9.45,Real
CL0042,2024-03-01,20.98,Real
CL0042,2024-03-02,25.48,Real
CL0042,2024-03-03,24.61,Real
CL0042,2024-03-04,16.4,Real
CL0042,2024-03-05,16.25,Real
CL0042,2024-03-06,16.88,Real
CL0042,2024-03-07,21.9,Real
CL0042,2024-03-08,11.05,Real
CL0042,2024-03-09,21.15,Real
CL0042,2024-03-10,17.92,Real
CL0042,2024-03-11,16.4,Real
CL0042,2024-03-12,15.61,Real
CL0042,2024-03-13,15.61,Real
CL0042,2024-03-14,16.15,Real
CL0042,2024-03-15,13.2,Real
CL0042,2024-03-16,19.89,Estimada
CL0042,2024-03-17,18.18,Real
CL0042,2024-03-18,10.71,Real
CL0042,2024-03-19,13.83,Real
CL0042,2024-03-20,15.83,Real
CL0042,2024-03-21,12.48,Estimada
CL0042,2024-03-22,13.36,Estimada
CL0042,2024-03-23,21.51,Real
CL0042,2024-03-24,19.88,Real
CL0042,2024-03-25,21.05,Real
CL0042,2024-03-26,13.2,Real
CL0042,2024-03-27,10.13,Real
CL0042,2024-03-28,19.28,Real
CL0042,2024-03-29,16.59,Estimada
CL0042,2024-03-30,18.63,Real
CL0042,2024-03-31,19.76,Real
CL0042,2024-04-01,15.94,Real
CL0042,2024-04-02,17.41,Estimada
CL0042,2024-04-03,23.64,Real
CL0042,2024-04-04,8.32,Real
CL0042,2024-04-05,19.44,Real
CL0042,2024-04-06,18.42,Real
CL0042,2024-04-07,32.08,Real
CL0042,2024-04-08,15.24,Real
CL0042,2024-04-09,13.34,Real
CL0042,2024-04-10,11.53,Real
CL0042,2024-04-11,21.57,Real
CL0042,2024-04-12,12.93,Real
CL0042,2024-04-13,17.01,Real
CL0042,2024-04-14,22.09,Real
CL0042,2024-04-15,14.49,Real
CL0042,2024-04-16,18.21,Real
CL0042,2024-04-17,11.05,Real
CL0042,2024-04-18,19.91,Real
CL0042,2024-04-19,18.52,Real
CL0042,2024-04-20,22.13,Real
CL0042,2024-04-21,25.71,Real
CL0042,2024-04-22,18.19,Real
CL0042,2024-04-23,20.95,Real
CL0042,2024-04-24,20.57,Real
CL0042,2024-04-25,23.58,Real
CL0042,2024-04-26,15.91,Real
CL0042,2024-04-27,23.05,Estimada
CL0042,2024-04-28,23.1,Real
CL0042,2024-04-29,12.28,Real
CL0042,2024-04-30,15.3,Real
CL0042,2024-05-01,5.12,Real
CL0042,2024-05-02,14.19,Real
CL0042,2024-05-03,11.3,Real
CL0042,2024-05-04,21.1,Real
CL0042,2024-05-05,25.94,Real
CL0042,2024-05-06,17.9,Real
CL0042,2024-05-07,13.71,Real
CL0042,2024-05-08,21.65,Real
CL0042,2024-05-09,12.65,Estimada
CL0042,2024-05-10,31.48,Real
CL0042,2024-05-11,22.52,Real
CL0042,2024-05-12,28.56,Real
CL0042,2024-05-13,27.53,Real
CL0042,2024-05-14,14.81,Real
CL0042,2024-05-15,14.49,Real
CL0042,2024-05-16,7.65,Real
CL0042,2024-05-17,22.72,Real
CL0042,2024-05-18,38.28,Estimada
CL0042,2024-05-19,25.98,Real
CL0042,2024-05-20,19.2,Real
CL0042,2024-05-21,15.88,Real
CL0042,2024-05-22,13.67,Real
CL0042,2024-05-23,17.61,Real
CL0042,2024-05-24,12.74,Real
CL0042,2024-05-25,10.95,Real
CL0042,2024-05-26,28.58,Real
CL0042,2024-05-27,17.4,Real
CL0042,2024-05-28,17.38,Real
CL0042,2024-05-29,15.74,Real
CL0042,2024-05-30,23.23,Real
CL0042,2024-05-31,24.27,Real
CL0042,2024-06-01,34.7,Estimada
CL0042,2024-06-02,23.46,Real
CL0042,2024-06-03,16.3,Real
CL0042,2024-06-04,16.87,Real
CL0042,2024-06-05,26.32,Estimada
CL0042,2024-06-06,14.62,Real
CL0042,2024-06-07,26.11,Estimada
CL0042,2024-06-08,32.81,Real
CL0042,2024-06-09,30.98,Real
CL0042,2024-06-10,24.23,Real
CL0042,2024-06-11,17.86,Real
CL0042,2024-06-12,27.51,Real
CL0042,2024-06-13,16.5,Real
CL0042,2024-06-14,20.57,Real
CL0042,2024-06-15,28.46,Real
CL0042,2024-06-16,29.63,Real
CL0042,2024-06-17,22.94,Real
CL0042,2024-06-18,28.61,Estimada
CL0042,2024-06-19,17.87,Real
CL0042,2024-06-20,19.75,Real
CL0042,2024-06-21,27.33,Real
CL0042,2024-06-22,36.79,Real
CL0042,2024-06-23,30.76,Real
CL0042,2024-06-24,19.8,Real
CL0042,2024-06-25,15.8,Real
CL0042,2024-06-26,20.87,Real
CL0042,2024-06-27,15.8,Real
CL0042,2024-06-28,24.53,Real
CL0043,2024-01-01,14.53,Real
CL0043,2024-01-02,11.01,Real
CL0043,2024-01-03,11.14,Real
CL0043,2024-01-04,15.03,Estimada
CL0043,2024-01-05,12.26,Real
CL0043,2024-01-06,19.07,Real
CL0043,2024-01-07,18.9,Real
CL0043,2024-01-08,16.21,Estimada
CL0043,2024-01-09,14.89,Real
CL0043,2024-01-10,15.16,Real
CL0043,2024-01-11,10.65,Real
CL0043,2024-01-12,16.3,Estimada
CL0043,2024-01-13,21.55,Real
CL0043,2024-01-14,20.13,Real
CL0043,2024-01-15,9.06,Real
CL0043,2024-01-16,10.09,Estimada
CL0043,2024-01-17,9.21,Real
CL0043,2024-01-18,16.62,Real
CL0043,2024-01-19,15.05,Real
CL0043,2024-01-20,19.8,Real
CL0043,2024-01-21,15.36,Real
CL0043,2024-01-22,20.36,Real
CL0043,2024-01-23,14.31,Real
CL0043,2024-01-24,10.14,Real
CL0043,2024-01-25,12.75,Real
CL0043,2024-01-26,14.43,Real
CL0043,2024-01-27,15.43,Real
CL0043,2024-01-28,12.7,Real
CL0043,2024-01-29,10.78,Real
CL0043,2024-01-30,10.49,Real
CL0043,2024-01-31,14.23,Real
CL0043,2024-02-01,9.39,Real
CL0043,2024-02-02,13.76,Real
CL0043,2024-02-03,17.41,Real
CL0043,2024-02-04,7.38,Estimada
CL0043,2024-02-05,11.69,Real
CL0043,2024-02-06,14.19,Real
CL0043,2024-02-07,16.12,Estimada
CL0043,2024-02-08,12.62,Real
CL0043,2024-02-09,16.13,Real
CL0043,2024-02-10,16.66,Real
CL0043,2024-02-11,18.7,Real
CL0043,2024-02-12,9.84,Real
CL0043,2024-02-13,11.52,Estimada
CL0043,2024-02-14,13.31,Real
CL0043,2024-02-15,6.31,Real
CL0043,2024-02-16,11.32,Real
CL0043,2024-02-17,14.76,Real
CL0043,2024-02-18,19.35,Real
CL0043,2024-02-19,12.03,Estimada
CL0043,2024-02-20,15.32,Real
CL0043,2024-02-21,4.05,Real
CL0043,2024-02-22,4.49,Real
CL0043,2024-02-23,11.04,Real
CL0043,2024-02-24,12.34,Real
CL0043,2024-02-25,10.39,Real
CL0043,2024-02-26,13.13,Real
CL0043,2024-02-27,16.13,Real
CL0043,2024-02-28,11.63,Real
CL0043,2024-02-29,9.74,Estimada
CL0043,2024-03-01,8.68,Real
CL0043,2024-03-02,10.27,Real
CL0043,2024-03-03,5.48,Real
CL0043,2024-03-04,11.84,Real
CL0043,2024-03-05,8.6,Real
CL0043,2024-03-06,9.94,Real
CL0043,2024-03-07,13.15,Real
CL0043,2024-03-08,3.33,Real
CL0043,2024-03-09,10.21,Real
CL0043,2024-03-10,11.52,Real
CL0043,2024-03-11,16.29,Real
CL0043,2024-03-12,6.41,Real
CL0043,2024-03-13,20.53,Real
CL0043,2024-03-14,9.05,Real
CL0043,2024-03-15,11.87,Real
CL0043,2024-03-16,8.97,Real
CL0043,2024-03-17,16.8,Real
CL0043,2024-03-18,13.8,Real
CL0043,2024-03-19,8.87,Real
CL0043,2024-03-20,1.88,Estimada
CL0043,2024-03-21,7.48,Real
CL0043,2024-03-22,5.89,Real
CL0043,2024-03-23,8.94,Real
CL0043,2024-03-24,14.29,Real
CL0043,2024-03-25,13.5,Real
CL0043,2024-03-26,18.12,Real
CL0043,2024-03-27,8.44,Real
CL0043,2024-03-28,6.95,Real
CL0043,2024-03-29,13.46,Real
CL0043,2024-03-30,8.58,Real
CL0043,2024-03-31,15.84,Real
CL0043,2024-04-01,6.85,Real
CL0043,2024-04-02,7.08,Real
CL0043,2024-04-03,12.27,Real
CL0043,2024-04-04,6.66,Real
CL0043,2024-04-05,10.69,Real
CL0043,2024-04-06,16.15,Real
CL0043,2024-04-07,13.95,Real
CL0043,2024-04-08,7.59,Real
CL0043,2024-04-09,13.37,Real
CL0043,2024-04-10,5.96,Real
CL0043,2024-04-11,6.87,Estimada
CL0043,2024-04-12,14.83,Real
CL0043,2024-04-13,14.47,Real
CL0043,2024-04-14,14.92,Real
CL0043,2024-04-15,15.8,Real
CL0043,2024-04-16,10.75,Real
CL0043,2024-04-17,14.99,Estimada
CL0043,2024-04-18,12.0,Real
CL0043,2024-04-19,8.47,Real
CL0043,2024-04-20,16.46,Real
CL0043,2024-04-21,15.92,Real
CL0043,2024-04-22,7.78,Real
CL0043,2024-04-23,15.45,Real
CL0043,2024-04-24,11.38,Estimada
CL0043,2024-04-25,14.45,Real
CL0043,2024-04-26,18.15,Real
CL0043,2024-04-27,17.77,Real
CL0043,2024-04-28,16.39,Real
CL0043,2024-04-29,11.75,Estimada
CL0043,2024-04-30,21.14,Real
CL0043,2024-05-01,14.75,Real
CL0043,2024-05-02,15.12,Real
CL0043,2024-05-03,5.86,Real
CL0043,2024-05-04,11.8,Real
CL0043,2024-05-05,14.05,Real
CL0043,2024-05-06,13.23,Real
CL0043,2024-05-07,14.22,Real
CL0043,2024-05-08,20.98,Real
CL0043,2024-05-09,6.96,Real
CL0043,2024-05-10,14.93,Real
CL0043,2024-05-11,18.88,Real
CL0043,2024-05-12,19.0,Real
CL0043,2024-05-13,7.94,Real
CL0043,2024-05-14,6.99,Real
CL0043,2024-05-15,18.36,Real
CL0043,2024-05-16,15.77,Real
CL0043,2024-05-17,9.9,Real
CL0043,2024-05-18,16.13,Estimada
CL0043,2024-05-19,8.58,Real
CL0043,2024-05-20,16.99,Real
CL0043,2024-05-21,8.24,Real
CL0043,2024-05-22,15.59,Real
CL0043,2024-05-23,13.57,Real
CL0043,2024-05-24,8.82,Real
CL0043,2024-05-25,8.88,Real
CL0043,2024-05-26,15.99,Real
CL0043,2024-05-27,16.11,Real
CL0043,2024-05-28,8.98,Real
CL0043,2024-05-29,14.2,Real
CL0043,2024-05-30,16.21,Real
CL0043,2024-05-31,15.69,Estimada
CL0043,2024-06-01,25.28,Real
CL0043,2024-06-02,19.38,Real
CL0043,2024-06-03,20.02,Real
CL0043,2024-06-04,11.03,Real
CL0043,2024-06-05,11.48,Real
CL0043,2024-06-06,16.45,Real
CL0043,2024-06-07,19.27,Real
CL0043,2024-06-08,21.61,Real
CL0043,2024-06-09,23.13,Real
CL0043,2024-06-10,9.67,Real
CL0043,2024-06-11,11.27,Real
CL0043,2024-06-12,20.22,Real
CL0043,2024-06-13,7.79,Real
CL0043,2024-06-14,16.86,Real
CL0043,2024-06-15,25.72,Estimada
CL0043,2024-06-16,18.14,Real
CL0043,2024-06-17,18.79,Real
CL0043,2024-06-18,16.63,Real
CL0043,2024-06-19,18.05,Real
CL0043,2024-06-20,11.6,Real
CL0043,2024-06-21,14.54,Real
CL0043,2024-06-22,24.89,Real
CL0043,2024-06-23,20.66,Real
CL0043,2024-06-24,13.17,Real
CL0043,2024-06-25,16.66,Real
CL0043,2024-06-26,13.8,Real
CL0043,2024-06-27,11.94,Real
CL0043,2024-06-28,15.25,Estimada
CL0044,2024-01-01,12.99,Real
CL0044,2024-01-02,14.97,Real
CL0044,2024-01-03,14.06,Real
CL0044,2024-01-04,9.27,Real
CL0044,2024-01-05,17.63,Real
CL0044,2024-01-06,16.48,Real
CL0044,2024-01-07,14.63,Real
CL0044,2024-01-08,9.45,Real
CL0044,2024-01-09,10.19,Real
CL0044,2024-01-10,15.71,Real
CL0044,2024-01-11,11.53,Real
CL0044,2024-01-12,16.26,Real
CL0044,2024-01-13,13.97,Real
CL0044,2024-01-14,18.18,Real
CL0044,2024-01-15,11.99,Real
CL0044,2024-01-16,17.36,Estimada
CL0044,2024-01-17,14.02,Real
CL0044,2024-01-18,10.02,Real
CL0044,2024-01-19,7.61,Estimada
CL0044,2024-01-20,13.93,Real
CL0044,2024-01-21,17.1,Real
CL0044,2024-01-22,9.65,Real
CL0044,2024-01-23,9.34,Real
CL0044,2024-01-24,14.71,Real
CL0044,2024-01-25,6.56,Real
CL0044,2024-01-26,8.38,Real
CL0044,2024-01-27,13.77,Real
CL0044,2024-01-28,13.67,Real
CL0044,2024-01-29,13.3,Real
CL0044,2024-01-30,8.37,Estimada
CL0044,2024-01-31,8.59,Real
CL0044,2024-02-01,14.59,Real
CL0044,2024-02-02,10.21,Real
CL0044,2024-02-03,16.66,Real
CL0044,2024-02-04,14.74,Real
CL0044,2024-02-05,7.83,Real
CL0044,2024-02-06,8.2,Real
CL0044,2024-02-07,14.18,Real
CL0044,2024-02-08,4.63,Real
CL0044,2024-02-09,2.16,Real
CL0044,2024-02-10,10.08,Real
CL0044,2024-02-11,6.38,Real
CL0044,2024-02-12,5.13,Real
CL0044,2024-02-13,4.3,Real
CL0044,2024-02-14,6.05,Real
CL0044,2024-02-15,6.5,Real
CL0044,2024-02-16,14.8,Real
CL0044,2024-02-17,16.83,Estimada
CL0044,2024-02-18,15.94,Real
CL0044,2024-02-19,10.64,Real
CL0044,2024-02-20,11.4,Real
CL0044,2024-02-21,7.37,Real
CL0044,2024-02-22,10.92,Real
CL0044,2024-02-23,11.1,Real
CL0044,2024-02-24,14.07,Real
CL0044,2024-02-25,16.47,Real
CL0044,2024-02-26,10.41,Real
CL0044,2024-02-27,6.61,Real
CL0044,2024-02-28,8.04,Estimada
CL0044,2024-02-29,14.17,Real
CL0044,2024-03-01,9.86,Real
CL0044,2024-03-02,5.56,Real
CL0044,2024-03-03,23.04,Real
CL0044,2024-03-04,13.91,Real
CL0044,2024-03-05,8.69,Real
CL0044,2024-03-06,14.17,Real
CL0044,2024-03-07,8.5,Estimada
CL0044,2024-03-08,6.3,Real
CL0044,2024-03-09,11.14,Real
CL0044,2024-03-10,5.08,Estimada
CL0044,2024-03-11,6.94,Real
CL0044,2024-03-12,3.95,Real
CL0044,2024-03-13,10.24,Real
CL0044,2024-03-14,5.95,Real
CL0044,2024-03-15,7.51,Estimada
CL0044,2024-03-16,13.07,Estimada
CL0044,2024-03-17,15.86,Real
CL0044,2024-03-18,9.83,Real
CL0044,2024-03-19,11.25,Estimada
CL0044,2024-03-20,6.71,Real
CL0044,2024-03-21,9.84,Estimada
CL0044,2024-03-22,6.45,Real
CL0044,2024-03-23,19.76,Real
CL0044,2024-03-24,11.21,Real
CL0044,2024-03-25,6.63,Real
CL0044,2024-03-26,5.73,Estimada
CL0044,2024-03-27,9.88,Real
CL0044,2024-03-28,5.99,Real
CL0044,2024-03-29,11.95,Real
CL0044,2024-03-30,13.25,Real
CL0044,2024-03-31,14.71,Estimada
CL0044,2024-04-01,11.2,Real
CL0044,2024-04-02,9.85,Real
CL0044,2024-04-03,8.74,Real
CL0044,2024-04-04,12.92,Real
CL0044,2024-04-05,8.67,Real
CL0044,2024-04-06,11.96,Real
CL0044,2024-04-07,16.97,Real
CL0044,2024-04-08,9.92,Real
CL0044,2024-04-09,12.13,Real
CL0044,2024-04-10,9.16,Real
CL0044,2024-04-11,13.72,Real
CL0044,2024-04-12,12.56,Real
CL0044,2024-04-13,10.83,Real
CL0044,2024-04-14,16.54,Real
CL0044,2024-04-15,13.34,Real
CL0044,2024-04-16,9.55,Real
CL0044,2024-04-17,10.3,Real
CL0044,2024-04-18,7.22,Real
CL0044,2024-04-19,9.86,Real
CL0044,2024-04-20,15.88,Real
CL0044,2024-04-21,14.47,Real
CL0044,2024-04-22,10.36,Real
CL0044,2024-04-23,8.43,Real
CL0044,2024-04-24,8.25,Real
CL0044,2024-04-25,7.08,Real
CL0044,2024-04-26,10.24,Real
CL0044,2024-04-27,13.7,Real
CL0044,2024-04-28,13.09,Real
CL0044,2024-04-29,9.5,Real
CL0044,2024-04-30,7.74,Real
CL0044,2024-05-01,5.0,Real
CL0044,2024-05-02,18.37,Real
CL0044,2024-05-03,4.92,Real
CL0044,2024-05-04,17.68,Real
CL0044,2024-05-05,21.97,Real
CL0044,2024-05-06,11.84,Real
CL0044,2024-05-07,9.14,Real
CL0044,2024-05-08,12.08,Real
CL0044,2024-05-09,12.47,Real
CL0044,2024-05-10,14.12,Real
CL0044,2024-05-11,17.76,Real
CL0044,2024-05-12,8.6,Real
CL0044,2024-05-13,12.41,Real
CL0044,2024-05-14,16.8,Real
CL0044,2024-05-15,8.95,Real
CL0044,2024-05-16,16.44,Real
CL0044,2024-05-17,13.8,Real
CL0044,2024-05-18,16.05,Real
CL0044,2024-05-19,15.06,Real
CL0044,2024-05-20,8.44,Real
CL0044,2024-05-21,9.44,Real
CL0044,2024-05-22,14.46,Estimada
CL0044,2024-05-23,14.53,Real
CL0044,2024-05-24,12.31,Real
CL0044,2024-05-25,23.29,Real
CL0044,2024-05-26,17.72,Real
CL0044,2024-05-27,10.74,Real
CL0044,2024-05-28,10.09,Real
CL0044,2024-05-29,3.03,Real
CL0044,2024-05-30,10.98,Real
CL0044,2024-05-31,12.37,Real
CL0044,2024-06-01,20.79,Real
CL0044,2024-06-02,26.46,Real
CL0044,2024-06-03,12.16,Real
CL0044,2024-06-04,20.46,Real
CL0044,2024-06-05,17.98,Real
CL0044,2024-06-06,10.83,Real
CL0044,2024-06-07,12.53,Real
CL0044,2024-06-08,18.76,Estimada
CL0044,2024-06-09,20.42,Real
CL0044,2024-06-10,18.44,Real
CL0044,2024-06-11,9.21,Real
CL0044,2024-06-12,13.96,Real
CL0044,2024-06-13,11.51,Real
CL0044,2024-06-14,15.7,Real
CL0044,2024-06-15,17.88,Real
CL0044,2024-06-16,20.91,Real
CL0044,2024-06-17,17.5,Real
CL0044,2024-06-18,15.45,Real
CL0044,2024-06-19,11.35,Real
CL0044,2024-06-20,14.11,Real
CL0044,2024-06-21,12.28,Real
CL0044,2024-06-22,22.88,Real
CL0044,2024-06-23,22.43,Real
CL0044,2024-06-24,12.01,Real
CL0044,2024-06-25,15.18,Real
CL0044,2024-06-26,11.24,Real
CL0044,2024-06-27,20.06,Real
CL0044,2024-06-28,6.16,Real
CL0045,2024-01-01,9.5,Real
CL0045,2024-01-02,12.36,Real
CL0045,2024-01-03,11.28,Real
CL0045,2024-01-04,20.43,Real
CL0045,2024-01-05,12.0,Real
CL0045,2024-01-06,15.9,Real
CL0045,2024-01-07,25.98,Real
CL0045,2024-01-08,13.29,Estimada
CL0045,2024-01-09,17.02,Real
CL0045,2024-01-10,15.79,Real
CL0045,2024-01-11,17.99,Real
CL0045,2024-01-12,7.3,Real
CL0045,2024-01-13,13.45,Real
CL0045,2024-01-14,19.45,Real
CL0045,2024-01-15,11.89,Real
CL0045,2024-01-16,11.88,Real
CL0045,2024-01-17,16.24,Real
CL0045,2024-01-18,8.72,Real
CL0045,2024-01-19,17.74,Real
CL0045,2024-01-20,16.02,Real
CL0045,2024-01-21,22.06,Real
CL0045,2024-01-22,11.38,Estimada
CL0045,2024-01-23,10.06,Real
CL0045,2024-01-24,10.46,Real
CL0045,2024-01-25,16.11,Real
CL0045,2024-01-26,8.88,Real
CL0045,2024-01-27,21.12,Real
CL0045,2024-01-28,15.7,Real
CL0045,2024-01-29,16.12,Real
CL0045,2024-01-30,8.21,Real
CL0045,2024-01-31,10.05,Real
CL0045,2024-02-01,4.09,Estimada
CL0045,2024-02-02,3.45,Real
CL0045,2024-02-03,19.07,Real
CL0045,2024-02-04,20.75,Real
CL0045,2024-02-05,12.95,Estimada
CL0045,2024-02-06,17.21,Real
CL0045,2024-02-07,7.91,Real
CL0045,2024-02-08,12.76,Real
CL0045,2024-02-09,14.85,Real
CL0045,2024-02-10,18.31,Real
CL0045,2024-02-11,10.05,Real
CL0045,2024-02-12,11.79,Real
CL0045,2024-02-13,8.1,Real
CL0045,2024-02-14,13.85,Real
CL0045,2024-02-15,13.83,Real
CL0045,2024-02-16,14.62,Estimada
CL0045,2024-02-17,19.81,Real
CL0045,2024-02-18,16.53,Real
CL0045,2024-02-19,9.06,Real
CL0045,2024-02-20,15.08,Real
CL0045,2024-02-21,17.8,Real
CL0045,2024-02-22,13.81,Estimada
CL0045,2024-02-23,15.1,Real
CL0045,2024-02-24,23.26,Real
CL0045,2024-02-25,19.01,Real
CL0045,2024-02-26,13.35,Real
CL0045,2024-02-27,13.47,Real
CL0045,2024-02-28,6.51,Real
CL0045,2024-02-29,18.73,Real
CL0045,2024-03-01,14.56,Real
CL0045,2024-03-02,19.16,Real
CL0045,2024-03-03,17.39,Real
CL0045,2024-03-04,6.75,Real
CL0045,2024-03-05,9.62,Real
CL0045,2024-03-06,7.49,Estimada
CL0045,2024-03-07,11.94,Real
CL0045,2024-03-08,5.0,Real
CL0045,2024-03-09,21.35,Real
CL0045,2024-03-10,12.49,Real
CL0045,2024-03-11,15.93,Real
CL0045,2024-03-12,12.27,Real
CL0045,2024-03-13,14.4,Estimada
CL0045,2024-03-14,2.89,Real
CL0045,2024-03-15,11.63,Real
CL0045,2024-03-16,14.04,Real
CL0045,2024-03-17,20.69,Real
CL0045,2024-03-18,12.02,Estimada
CL0045,2024-03-19,8.8,Real
CL0045,2024-03-20,13.32,Real
CL0045,2024-03-21,8.04,Real
CL0045,2024-03-22,10.68,Real
CL0045,2024-03-23,10.28,Real
CL0045,2024-03-24,6.51,Real
CL0045,2024-03-25,13.48,Real
CL0045,2024-03-26,0.5,Real
CL0045,2024-03-27,11.3,Real
CL0045,2024-03-28,6.46,Real
CL0045,2024-03-29,4.16,Real
CL0045,2024-03-30,14.37,Real
CL0045,2024-03-31,18.53,Real
CL0045,2024-04-01,9.33,Estimada
CL0045,2024-04-02,13.23,Real
CL0045,2024-04-03,15.41,Real
CL0045,2024-04-04,16.35,Real
CL0045,2024-04-05,11.1,Real
CL0045,2024-04-06,17.27,Real
CL0045,2024-04-07,20.0,Real
CL0045,2024-04-08,14.64,Real
CL0045,2024-04-09,8.79,Real
CL0045,2024-04-10,14.28,Real
CL0045,2024-04-11,13.13,Real
CL0045,2024-04-12,15.53,Real
CL0045,2024-04-13,17.07,Real
CL0045,2024-04-14,21.75,Estimada
CL0045,2024-04-15,11.93,Real
CL0045,2024-04-16,15.68,Real
CL0045,2024-04-17,16.96,Real
CL0045,2024-04-18,12.81,Real
CL0045,2024-04-19,14.95,Real
CL0045,2024-04-20,15.43,Real
CL0045,2024-04-21,12.99,Real
CL0045,2024-04-22,13.68,Real
CL0045,2024-04-23,9.3,Real
CL0045,2024-04-24,14.37,Real
CL0045,2024-04-25,16.08,Real
CL0045,2024-04-26,14.81,Real
CL0045,2024-04-27,6.86,Estimada
CL0045,2024-04-28,14.77,Real
CL0045,2024-04-29,15.74,Real
CL0045,2024-04-30,16.19,Estimada
CL0045,2024-05-01,13.93,Real
CL0045,2024-05-02,9.24,Real
CL0045,2024-05-03,9.64,Real
CL0045,2024-05-04,18.74,Real
CL0045,2024-05-05,17.51,Real
CL0045,2024-05-06,6.91,Estimada
CL0045,2024-05-07,6.05,Real
CL0045,2024-05-08,11.84,Real
CL0045,2024-05-09,18.06,Estimada
CL0045,2024-05-10,9.34,Real
CL0045,2024-05-11,14.27,Real
CL0045,2024-05-12,18.81,Real
CL0045,2024-05-13,17.45,Estimada
CL0045,2024-05-14,5.62,Real
CL0045,2024-05-15,8.75,Real
CL0045,2024-05-16,16.54,Estimada
CL0045,2024-05-17,18.58,Real
CL0045,2024-05-18,11.81,Real
CL0045,2024-05-19,13.64,Estimada
CL0045,2024-05-20,15.0,Real
CL0045,2024-05-21,9.69,Real
CL0045,2024-05-22,9.3,Real
CL0045,2024-05-23,13.68,Real
CL0045,2024-05-24,15.04,Real
CL0045,2024-05-25,21.05,Real
CL0045,2024-05-26,23.64,Real
CL0045,2024-05-27,16.21,Real
CL0045,2024-05-28,14.16,Real
CL0045,2024-05-29,10.2,Real
CL0045,2024-05-30,9.62,Real
CL0045,2024-05-31,9.76,Real
CL0045,2024-06-01,23.15,Real
CL0045,2024-06-02,21.28,Real
CL0045,2024-06-03,12.84,Real
CL0045,2024-06-04,19.85,Real
CL0045,2024-06-05,25.71,Real
CL0045,2024-06-06,11.01,Real
CL0045,2024-06-07,15.91,Real
CL0045,2024-06-08,21.34,Real
CL0045,2024-06-09,27.62,Real
CL0045,2024-06-10,16.42,Real
CL0045,2024-06-11,12.05,Real
CL0045,2024-06-12,14.98,Real
CL0045,2024-06-13,22.36,Real
CL0045,2024-06-14,14.21,Real
CL0045,2024-06-15,23.44,Real
CL0045,2024-06-16,26.96,Real
CL0045,2024-06-17,12.89,Real
CL0045,2024-06-18,17.11,Real
CL0045,2024-06-19,20.93,Real
CL0045,2024-06-20,12.57,Real
CL0045,2024-06-21,11.69,Estimada
CL0045,2024-06-22,24.15,Estimada
CL0045,2024-06-23,25.22,Real
CL0045,2024-06-24,17.69,Real
CL0045,2024-06-25,18.45,Real
CL0045,2024-06-26,19.14,Real
CL0045,2024-06-27,15.26,Real
CL0045,2024-06-28,17.39,Real
CL0046,2024-01-01,11.14,Real
CL0046,2024-01-02,13.36,Real
CL0046,2024-01-03,15.56,Real
CL0046,2024-01-04,8.9,Real
CL0046,2024-01-05,14.91,Real
CL0046,2024-01-06,13.8,Real
CL0046,2024-01-07,11.02,Real
CL0046,2024-01-08,13.55,Real
CL0046,2024-01-09,13.67,Real
CL0046,2024-01-10,8.92,Real
CL0046,2024-01-11,9.33,Real
CL0046,2024-01-12,8.58,Real
CL0046,2024-01-13,9.72,Real
CL0046,2024-01-14,15.98,Estimada
CL0046,2024-01-15,8.96,Real
CL0046,2024-01-16,7.38,Real
CL0046,2024-01-17,11.57,Real
CL0046,2024-01-18,11.88,Real
CL0046,2024-01-19,13.84,Real
CL0046,2024-01-20,11.75,Real
CL0046,2024-01-21,14.27,Real
CL0046,2024-01-22,7.97,Real
CL0046,2024-01-23,7.6,Real
CL0046,2024-01-24,7.88,Real
CL0046,2024-01-25,10.28,Real
CL0046,2024-01-26,8.8,Estimada
CL0046,2024-01-27,11.79,Estimada
CL0046,2024-01-28,21.04,Real
CL0046,2024-01-29,11.05,Real
CL0046,2024-01-30,7.92,Real
CL0046,2024-01-31,10.06,Real
CL0046,2024-02-01,5.09,Real
CL0046,2024-02-02,7.26,Real
CL0046,2024-02-03,10.14,Estimada
CL0046,2024-02-04,8.03,Real
CL0046,2024-02-05,7.18,Real
CL0046,2024-02-06,8.67,Real
CL0046,2024-02-07,10.26,Real
CL0046,2024-02-08,6.95,Real
CL0046,2024-02-09,6.28,Estimada
CL0046,2024-02-10,14.77,Real
CL0046,2024-02-11,6.28,Real
CL0046,2024-02-12,9.15,Real
CL0046,2024-02-13,9.89,Estimada
CL0046,2024-02-14,7.72,Real
CL0046,2024-02-15,11.3,Real
CL0046,2024-02-16,10.02,Real
CL0046,2024-02-17,13.91,Real
CL0046,2024-02-18,11.61,Real
CL0046,2024-02-19,12.36,Real
CL0046,2024-02-20,10.15,Real
CL0046,2024-02-21,12.7,Real
CL0046,2024-02-22,9.9,Real
CL0046,2024-02-23,6.38,Real
CL0046,2024-02-24,9.56,Real
CL0046,2024-02-25,13.87,Real
CL0046,2024-02-26,5.54,Real
CL0046,2024-02-27,10.16,Real
CL0046,2024-02-28,6.26,Real
CL0046,2024-02-29,14.21,Real
CL0046,2024-03-01,9.39,Real
CL0046,2024-03-02,3.13,Real
CL0046,2024-03-03,18.24,Real
CL0046,2024-03-04,5.21,Real
CL0046,2024-03-05,8.35,Real
CL0046,2024-03-06,8.83,Real
CL0046,2024-03-07,9.19,Real
CL0046,2024-03-08,4.48,Real
CL0046,2024-03-09,13.06,Real
CL0046,2024-03-10,13.37,Real
CL0046,2024-03-11,6.06,Real
CL0046,2024-03-12,9.52,Real
CL0046,2024-03-13,8.72,Real
CL0046,2024-03-14,2.33,Real
CL0046,2024-03-15,2.45,Real
CL0046,2024-03-16,14.28,Real
CL0046,2024-03-17,11.87,Real
CL0046,2024-03-18,5.68,Real
CL0046,2024-03-19,4.15,Real
CL0046,2024-03-20,2.58,Real
CL0046,2024-03-21,9.23,Real
CL0046,2024-03-22,9.81,Real
CL0046,2024-03-23,13.93,Real
CL0046,2024-03-24,12.75,Real
CL0046,2024-03-25,5.55,Real
CL0046,2024-03-26,7.71,Real
CL0046,2024-03-27,4.46,Real
CL0046,2024-03-28,9.08,Real
CL0046,2024-03-29,7.21,Real
CL0046,2024-03-30,10.92,Real
CL0046,2024-03-31,10.67,Real
CL0046,2024-04-01,10.99,Real
CL0046,2024-04-02,7.12,Real
CL0046,2024-04-03,9.09,Real
CL0046,2024-04-04,5.72,Real
CL0046,2024-04-05,7.73,Real
CL0046,2024-04-06,5.19,Estimada
CL0046,2024-04-07,16.04,Real
CL0046,2024-04-08,9.0,Real
CL0046,2024-04-09,10.0,Real
CL0046,2024-04-10,14.38,Real
CL0046,2024-04-11,2.54,Real
CL0046,2024-04-12,8.62,Estimada
CL0046,2024-04-13,20.21,Real
CL0046,2024-04-14,15.11,Real
CL0046,2024-04-15,13.24,Real
CL0046,2024-04-16,11.03,Real
CL0046,2024-04-17,13.66,Real
CL0046,2024-04-18,14.39,Estimada
CL0046,2024-04-19,8.24,Real
CL0046,2024-04-20,9.35,Real
CL0046,2024-04-21,7.47,Real
CL0046,2024-04-22,9.25,Estimada
CL0046,2024-04-23,10.35,Real
CL0046,2024-04-24,5.71,Real
CL0046,2024-04-25,4.6,Estimada
CL0046,2024-04-26,7.52,Real
CL0046,2024-04-27,13.37,Real
CL0046,2024-04-28,16.88,Real
CL0046,2024-04-29,4.27,Estimada
CL0046,2024-04-30,10.79,Real
CL0046,2024-05-01,12.68,Real
CL0046,2024-05-02,8.47,Real
CL0046,2024-05-03,12.71,Real
CL0046,2024-05-04,14.63,Real
CL0046,2024-05-05,19.74,Real
CL0046,2024-05-06,11.13,Real
CL0046,2024-05-07,14.09,Real
CL0046,2024-05-08,11.76,Real
CL0046,2024-05-09,13.67,Real
CL0046,2024-05-10,13.42,Real
CL0046,2024-05-11,12.27,Real
CL0046,2024-05-12,12.38,Real
CL0046,2024-05-13,12.18,Real
CL0046,2024-05-14,8.05,Real
CL0046,2024-05-15,13.42,Real
CL0046,2024-05-16,7.29,Real
CL0046,2024-05-17,9.16,Real
CL0046,2024-05-18,15.12,Real
CL0046,2024-05-19,14.07,Estimada
CL0046,2024-05-20,11.72,Real
CL0046,2024-05-21,13.51,Real
CL0046,2024-05-22,9.94,Real
CL0046,2024-05-23,13.35,Real
CL0046,2024-05-24,13.16,Real
CL0046,2024-05-25,15.45,Real
CL0046,2024-05-26,14.17,Real
CL0046,2024-05-27,12.17,Real
CL0046,2024-05-28,10.85,Real
CL0046,2024-05-29,11.82,Real
CL0046,2024-05-30,12.51,Real
CL0046,2024-05-31,9.85,Real
CL0046,2024-06-01,20.22,Real
CL0046,2024-06-02,17.64,Real
CL0046,2024-06-03,14.13,Real
CL0046,2024-06-04,13.14,Real
CL0046,2024-06-05,11.92,Estimada
CL0046,2024-06-06,15.82,Real
CL0046,2024-06-07,14.89,Real
CL0046,2024-06-08,20.31,Real
CL0046,2024-06-09,22.97,Real
CL0046,2024-06-10,8.69,Real
CL0046,2024-06-11,14.34,Real
CL0046,2024-06-12,10.46,Real
CL0046,2024-06-13,12.58,Real
CL0046,2024-06-14,13.26,Real
CL0046,2024-06-15,17.52,Real
CL0046,2024-06-16,14.74,Real
CL0046,2024-06-17,10.12,Real
CL0046,2024-06-18,12.59,Estimada
CL0046,2024-06-19,13.31,Real
CL0046,2024-06-20,14.49,Real
CL0046,2024-06-21,9.81,Estimada
CL0046,2024-06-22,19.54,Real
CL0046,2024-06-23,18.39,Real
CL0046,2024-06-24,12.0,Real
CL0046,2024-06-25,10.58,Real
CL0046,2024-06-26,16.65,Real
CL0046,2024-06-27,19.08,Real
CL0046,2024-06-28,12.1,Real
CL0047,2024-01-01,9.61,Real
CL0047,2024-01-02,12.4,Real
CL0047,2024-01-03,16.77,Real
CL0047,2024-01-04,12.48,Real
CL0047,2024-01-05,11.34,Real
CL0047,2024-01-06,23.18,Real
CL0047,2024-01-07,21.07,Real
CL0047,2024-01-08,12.84,Real
CL0047,2024-01-09,19.51,Real
CL0047,2024-01-10,11.8,Real
CL0047,2024-01-11,21.54,Real
CL0047,2024-01-12,9.82,Real
CL0047,2024-01-13,19.93,Real
CL0047,2024-01-14,16.81,Estimada
CL0047,2024-01-15,12.27,Real
CL0047,2024-01-16,13.27,Real
CL0047,2024-01-17,19.1,Estimada
CL0047,2024-01-18,13.47,Real
CL0047,2024-01-19,21.84,Estimada
CL0047,2024-01-20,26.06,Real
CL0047,2024-01-21,15.67,Real
CL0047,2024-01-22,18.27,Real
CL0047,2024-01-23,7.68,Real
CL0047,2024-01-24,12.75,Estimada
CL0047,2024-01-25,11.39,Real
CL0047,2024-01-26,17.4,Real
CL0047,2024-01-27,20.27,Real
CL0047,2024-01-28,19.95,Real
CL0047,2024-01-29,12.83,Real
CL0047,2024-01-30,16.6,Real
CL0047,2024-01-31,15.61,Real
CL0047,2024-02-01,13.92,Real
CL0047,2024-02-02,17.31,Real
CL0047,2024-02-03,7.34,Real
CL0047,2024-02-04,11.54,Real
CL0047,2024-02-05,11.87,Real
CL0047,2024-02-06,12.47,Real
CL0047,2024-02-07,6.82,Real
CL0047,2024-02-08,8.63,Real
CL0047,2024-02-09,10.8,Real
CL0047,2024-02-10,14.53,Real
CL0047,2024-02-11,18.83,Real
CL0047,2024-02-12,14.72,Real
CL0047,2024-02-13,10.27,Real
CL0047,2024-02-14,10.29,Real
CL0047,2024-02-15,12.63,Real
CL0047,2024-02-16,10.25,Real
CL0047,2024-02-17,17.89,Real
CL0047,2024-02-18,10.35,Real
CL0047,2024-02-19,13.47,Real
CL0047,2024-02-20,17.11,Real
CL0047,2024-02-21,5.63,Real
CL0047,2024-02-22,2.21,Real
CL0047,2024-02-23,12.09,Estimada
CL0047,2024-02-24,16.38,Real
CL0047,2024-02-25,15.04,Real
CL0047,2024-02-26,14.75,Real
CL0047,2024-02-27,18.6,Real
CL0047,2024-02-28,14.7,Real
CL0047,2024-02-29,10.55,Real
CL0047,2024-03-01,19.22,Estimada
CL0047,2024-03-02,12.16,Real
CL0047,2024-03-03,20.55,Real
CL0047,2024-03-04,11.61,Real
CL0047,2024-03-05,10.41,Real
CL0047,2024-03-06,4.91,Estimada
CL0047,2024-03-07,6.36,Real
CL0047,2024-03-08,15.94,Real
CL0047,2024-03-09,17.88,Real
CL0047,2024-03-10,16.11,Real
CL0047,2024-03-11,7.25,Real
CL0047,2024-03-12,8.56,Real
CL0047,2024-03-13,7.81,Real
CL0047,2024-03-14,8.24,Real
CL0047,2024-03-15,8.28,Real
CL0047,2024-03-16,6.33,Real
CL0047,2024-03-17,19.56,Real
CL0047,2024-03-18,9.14,Real
CL0047,2024-03-19,18.28,Real
CL0047,2024-03-20,8.39,Real
CL0047,2024-03-21,12.03,Real
CL0047,2024-03-22,13.36,Real
CL0047,2024-03-23,20.4,Estimada
CL0047,2024-03-24,12.82,Real
CL0047,2024-03-25,6.67,Real
CL0047,2024-03-26,9.5,Real
CL0047,2024-03-27,9.45,Real
CL0047,2024-03-28,9.32,Real
CL0047,2024-03-29,11.08,Estimada
CL0047,2024-03-30,15.85,Real
CL0047,2024-03-31,14.63,Real
CL0047,2024-04-01,13.72,Real
CL0047,2024-04-02,10.25,Real
CL0047,2024-04-03,12.56,Real
CL0047,2024-04-04,14.86,Real
CL0047,2024-04-05,9.82,Estimada
CL0047,2024-04-06,21.23,Estimada
CL0047,2024-04-07,24.44,Real
CL0047,2024-04-08,7.16,Real
CL0047,2024-04-09,13.32,Real
CL0047,2024-04-10,10.48,Real
CL0047,2024-04-11,7.31,Real
CL0047,2024-04-12,9.08,Estimada
CL0047,2024-04-13,12.74,Estimada
CL0047,2024-04-14,13.32,Real
CL0047,2024-04-15,14.84,Real
CL0047,2024-04-16,10.12,Real
CL0047,2024-04-17,12.71,Real
CL0047,2024-04-18,12.95,Real
CL0047,2024-04-19,13.29,Real
CL0047,2024-04-20,26.01,Real
CL0047,2024-04-21,21.64,Real
CL0047,2024-04-22,10.37,Estimada
CL0047,2024-04-23,6.31,Estimada
CL0047,2024-04-24,12.71,Real
CL0047,2024-04-25,7.55,Real
CL0047,2024-04-26,13.94,Real
CL0047,2024-04-27,18.69,Real
CL0047,2024-04-28,18.18,Real
CL0047,2024-04-29,14.9,Real
CL0047,2024-04-30,14.38,Real
CL0047,2024-05-01,10.9,Estimada
CL0047,2024-05-02,12.24,Real
CL0047,2024-05-03,11.79,Real
CL0047,2024-05-04,13.41,Real
CL0047,2024-05-05,22.65,Real
CL0047,2024-05-06,9.44,Real
CL0047,2024-05-07,15.28,Real
CL0047,2024-05-08,1.63,Real
CL0047,2024-05-09,15.49,Real
CL0047,2024-05-10,16.56,Real
CL0047,2024-05-11,18.91,Real
CL0047,2024-05-12,24.21,Real
CL0047,2024-05-13,16.25,Real
CL0047,2024-05-14,9.47,Real
CL0047,2024-05-15,12.86,Real
CL0047,2024-05-16,3.38,Real
CL0047,2024-05-17,11.96,Real
CL0047,2024-05-18,19.95,Real
CL0047,2024-05-19,10.19,Real
CL0047,2024-05-20,7.43,Real
CL0047,2024-05-21,13.77,Estimada
CL0047,2024-05-22,14.84,Real
CL0047,2024-05-23,7.67,Real
CL0047,2024-05-24,11.62,Real
CL0047,2024-05-25,21.06,Real
CL0047,2024-05-26,19.53,Real
CL0047,2024-05-27,13.51,Real
CL0047,2024-05-28,23.33,Real
CL0047,2024-05-29,14.39,Real
CL0047,2024-05-30,15.48,Real
CL0047,2024-05-31,19.8,Real
CL0047,2024-06-01,19.42,Estimada
CL0047,2024-06-02,28.22,Real
CL0047,2024-06-03,11.2,Real
CL0047,2024-06-04,14.27,Real
CL0047,2024-06-05,11.62,Real
CL0047,2024-06-06,12.91,Real
CL0047,2024-06-07,17.43,Real
CL0047,2024-06-08,24.34,Real
CL0047,2024-06-09,23.08,Real
CL0047,2024-06-10,13.59,Real
CL0047,2024-06-11,21.34,Real
CL0047,2024-06-12,19.01,Real
CL0047,2024-06-13,8.15,Real
CL0047,2024-06-14,16.66,Real
CL0047,2024-06-15,15.53,Real
CL0047,2024-06-16,21.97,Estimada
CL0047,2024-06-17,14.4,Estimada
CL0047,2024-06-18,10.93,Real
CL0047,2024-06-19,20.05,Real
CL0047,2024-06-20,18.36,Estimada
CL0047,2024-06-21,13.65,Real
CL0047,2024-06-22,23.39,Real
CL0047,2024-06-23,24.86,Estimada
CL0047,2024-06-24,14.28,Real
CL0047,2024-06-25,22.98,Real
CL0047,2024-06-26,19.56,Real
CL0047,2024-06-27,10.14,Real
CL0047,2024-06-28,18.3,Real
CL0048,2024-01-01,9.94,Real
CL0048,2024-01-02,11.9,Real
CL0048,2024-01-03,7.89,Real
CL0048,2024-01-04,18.29,Real
CL0048,2024-01-05,9.97,Real
CL0048,2024-01-06,13.87,Real
CL0048,2024-01-07,22.21,Real
CL0048,2024-01-08,15.35,Real
CL0048,2024-01-09,12.3,Real
CL0048,2024-01-10,12.79,Real
CL0048,2024-01-11,13.07,Real
CL0048,2024-01-12,8.52,Real
CL0048,2024-01-13,17.99,Real
CL0048,2024-01-14,18.14,Real
CL0048,2024-01-15,14.61,Real
CL0048,2024-01-16,10.42,Real
CL0048,2024-01-17,7.67,Real
CL0048,2024-01-18,14.58,Real
CL0048,2024-01-19,13.17,Real
CL0048,2024-01-20,17.48,Real
CL0048,2024-01-21,19.96,Real
CL0048,2024-01-22,16.7,Real
CL0048,2024-01-23,11.93,Real
CL0048,2024-01-24,7.79,Real
CL0048,2024-01-25,10.42,Real
CL0048,2024-01-26,4.96,Real
CL0048,2024-01-27,15.36,Real
CL0048,2024-01-28,18.18,Real
CL0048,2024-01-29,11.12,Real
CL0048,2024-01-30,11.46,Real
CL0048,2024-01-31,7.49,Real
CL0048,2024-02-01,7.11,Real
CL0048,2024-02-02,12.39,Real
CL0048,2024-02-03,22.25,Estimada
CL0048,2024-02-04,5.9,Real
CL0048,2024-02-05,13.4,Real
CL0048,2024-02-06,13.2,Real
CL0048,2024-02-07,15.88,Real
CL0048,2024-02-08,5.92,Real
CL0048,2024-02-09,12.76,Real
CL0048,2024-02-10,18.85,Estimada
CL0048,2024-02-11,18.35,Real
CL0048,2024-02-12,9.31,Real
CL0048,2024-02-13,11.67,Real
CL0048,2024-02-14,8.25,Real
CL0048,2024-02-15,16.45,Real
CL0048,2024-02-16,10.44,Real
CL0048,2024-02-17,11.76,Real
CL0048,2024-02-18,14.83,Real
CL0048,2024-02-19,5.31,Real
CL0048,2024-02-20,12.25,Real
CL0048,2024-02-21,11.97,Real
CL0048,2024-02-22,9.74,Real
CL0048,2024-02-23,8.9,Real
CL0048,2024-02-24,5.93,Real
CL0048,2024-02-25,16.3,Real
CL0048,2024-02-26,15.5,Estimada
CL0048,2024-02-27,9.02,Real
CL0048,2024-02-28,12.39,Real
CL0048,2024-02-29,9.1,Real
CL0048,2024-03-01,4.51,Estimada
CL0048,2024-03-02,17.52,Real
CL0048,2024-03-03,14.35,Estimada
CL0048,2024-03-04,11.91,Real
CL0048,2024-03-05,3.57,Real
CL0048,2024-03-06,9.14,Estimada
CL0048,2024-03-07,11.44,Real
CL0048,2024-03-08,5.7,Real
CL0048,2024-03-09,15.46,Real
CL0048,2024-03-10,17.07,Real
CL0048,2024-03-11,12.05,Real
CL0048,2024-03-12,12.18,Real
CL0048,2024-03-13,6.77,Real
CL0048,2024-03-14,13.14,Real
CL0048,2024-03-15,12.47,Real
CL0048,2024-03-16,11.31,Real
CL0048,2024-03-17,14.96,Real
CL0048,2024-03-18,5.08,Real
CL0048,2024-03-19,9.64,Real
CL0048,2024-03-20,9.47,Real
CL0048,2024-03-21,10.36,Real
CL0048,2024-03-22,8.4,Real
CL0048,2024-03-23,13.53,Estimada
CL0048,2024-03-24,14.89,Real
CL0048,2024-03-25,8.87,Real
CL0048,2024-03-26,8.45,Real
CL0048,2024-03-27,10.48,Estimada
CL0048,2024-03-28,6.89,Real
CL0048,2024-03-29,10.61,Estimada
CL0048,2024-03-30,15.0,Real
CL0048,2024-03-31,12.57,Real
CL0048,2024-04-01,13.96,Real
CL0048,2024-04-02,15.2,Real
CL0048,2024-04-03,11.39,Real
CL0048,2024-04-04,11.34,Real
CL0048,2024-04-05,13.98,Real
CL0048,2024-04-06,19.54,Estimada
CL0048,2024-04-07,13.31,Real
CL0048,2024-04-08,15.44,Estimada
CL0048,2024-04-09,15.64,Real
CL0048,2024-04-10,10.72,Real
CL0048,2024-04-11,5.0,Real
CL0048,2024-04-12,8.64,Real
CL0048,2024-04-13,21.4,Real
CL0048,2024-04-14,17.98,Real
CL0048,2024-04-15,10.31,Real
CL0048,2024-04-16,6.36,Real
CL0048,2024-04-17,12.33,Real
CL0048,2024-04-18,13.26,Real
CL0048,2024-04-19,4.7,Estimada
CL0048,2024-04-20,24.05,Real
CL0048,2024-04-21,12.12,Real
CL0048,2024-04-22,9.53,Real
CL0048,2024-04-23,15.86,Real
CL0048,2024-04-24,9.44,Real
CL0048,2024-04-25,8.43,Real
CL0048,2024-04-26,11.61,Real
CL0048,2024-04-27,15.49,Real
CL0048,2024-04-28,11.42,Real
CL0048,2024-04-29,12.18,Real
CL0048,2024-04-30,10.21,Real
CL0048,2024-05-01,16.58,Real
CL0048,2024-05-02,7.17,Real
CL0048,2024-05-03,15.82,Real
CL0048,2024-05-04,16.4,Real
CL0048,2024-05-05,14.38,Real
CL0048,2024-05-06,14.6,Real
CL0048,2024-05-07,3.55,Real
CL0048,2024-05-08,9.29,Real
CL0048,2024-05-09,12.59,Real
CL0048,2024-05-10,17.47,Real
CL0048,2024-05-11,8.55,Real
CL0048,2024-05-12,13.39,Real
CL0048,2024-05-13,8.54,Real
CL0048,2024-05-14,9.56,Real
CL0048,2024-05-15,12.3,Real
CL0048,2024-05-16,17.04,Real
CL0048,2024-05-17,13.89,Estimada
CL0048,2024-05-18,10.39,Real
CL0048,2024-05-19,19.8,Real
CL0048,2024-05-20,12.14,Real
CL0048,2024-05-21,8.55,Real
CL0048,2024-05-22,10.4,Real
CL0048,2024-05-23,8.94,Real
CL0048,2024-05-24,17.16,Real
CL0048,2024-05-25,11.5,Real
CL0048,2024-05-26,13.58,Real
CL0048,2024-05-27,3.71,Real
CL0048,2024-05-28,13.89,Real
CL0048,2024-05-29,10.41,Real
CL0048,2024-05-30,9.34,Estimada
CL0048,2024-05-31,15.33,Real
CL0048,2024-06-01,20.63,Real
CL0048,2024-06-02,20.47,Real
CL0048,2024-06-03,17.0,Real
CL0048,2024-06-04,14.42,Real
CL0048,2024-06-05,18.74,Real
CL0048,2024-06-06,12.63,Real
CL0048,2024-06-07,19.46,Real
CL0048,2024-06-08,21.29,Real
CL0048,2024-06-09,25.78,Real
CL0048,2024-06-10,15.07,Real
CL0048,2024-06-11,21.66,Real
CL0048,2024-06-12,13.53,Real
CL0048,2024-06-13,20.51,Real
CL0048,2024-06-14,16.99,Real
CL0048,2024-06-15,24.18,Real
CL0048,2024-06-16,22.85,Real
CL0048,2024-06-17,16.82,Real
CL0048,2024-06-18,15.31,Real
CL0048,2024-06-19,17.69,Real
CL0048,2024-06-20,18.66,Real
CL0048,2024-06-21,8.4,Real
CL0048,2024-06-22,22.4,Real
CL0048,2024-06-23,23.81,Real
CL0048,2024-06-24,18.62,Real
CL0048,2024-06-25,12.6,Real
CL0048,2024-06-26,11.39,Real
CL0048,2024-06-27,13.08,Real
CL0048,2024-06-28,11.52,Real
CL0049,2024-01-01,15.08,Estimada
CL0049,2024-01-02,20.25,Real
CL0049,2024-01-03,16.57,Real
CL0049,2024-01-04,11.39,Real
CL0049,2024-01-05,15.57,Real
CL0049,2024-01-06,22.74,Real
CL0049,2024-01-07,21.86,Real
CL0049,2024-01-08,17.01,Real
CL0049,2024-01-09,16.96,Real
CL0049,2024-01-10,21.93,Real
CL0049,2024-01-11,19.28,Real
CL0049,2024-01-12,21.25,Estimada
CL0049,2024-01-13,27.77,Real
CL0049,2024-01-14,15.8,Real
CL0049,2024-01-15,22.52,Real
CL0049,2024-01-16,14.92,Real
CL0049,2024-01-17,18.81,Real
CL0049,2024-01-18,10.96,Real
CL0049,2024-01-19,15.85,Real
CL0049,2024-01-20,24.72,Real
CL0049,2024-01-21,25.06,Real
CL0049,2024-01-22,6.62,Real
CL0049,2024-01-23,17.21,Real
CL0049,2024-01-24,17.66,Real
CL0049,2024-01-25,14.78,Real
CL0049,2024-01-26,14.47,Real
CL0049,2024-01-27,15.06,Real
CL0049,2024-01-28,21.6,Real
CL0049,2024-01-29,21.74,Real
CL0049,2024-01-30,11.86,Real
CL0049,2024-01-31,24.53,Real
CL0049,2024-02-01,17.23,Estimada
CL0049,2024-02-02,16.12,Real
CL0049,2024-02-03,24.49,Real
CL0049,2024-02-04,21.32,Real
CL0049,2024-02-05,10.05,Real
CL0049,2024-02-06,18.08,Real
CL0049,2024-02-07,15.13,Real
CL0049,2024-02-08,6.93,Real
CL0049,2024-02-09,16.73,Estimada
CL0049,2024-02-10,18.19,Real
CL0049,2024-02-11,13.44,Real
CL0049,2024-02-12,12.7,Real
CL0049,2024-02-13,20.52,Real
CL0049,2024-02-14,14.25,Real
CL0049,2024-02-15,12.83,Real
CL0049,2024-02-16,14.18,Real
CL0049,2024-02-17,21.84,Real
CL0049,2024-02-18,14.95,Real
CL0049,2024-02-19,18.14,Real
CL0049,2024-02-20,15.41,Real
CL0049,2024-02-21,17.44,Real
CL0049,2024-02-22,18.16,Real
CL0049,2024-02-23,9.24,Real
CL0049,2024-02-24,19.76,Real
CL0049,2024-02-25,15.82,Real
CL0049,2024-02-26,15.83,Real
CL0049,2024-02-27,13.29,Real
CL0049,2024-02-28,13.13,Real
CL0049,2024-02-29,21.35,Real
CL0049,2024-03-01,7.54,Real
CL0049,2024-03-02,21.8,Real
CL0049,2024-03-03,6.13,Real
CL0049,2024-03-04,9.34,Real
CL0049,2024-03-05,6.19,Real
CL0049,2024-03-06,17.85,Real
CL0049,2024-03-07,13.12,Real
CL0049,2024-03-08,8.0,Estimada
CL0049,2024-03-09,15.87,Real
CL0049,2024-03-10,22.56,Real
CL0049,2024-03-11,9.53,Real
CL0049,2024-03-12,10.67,Real
CL0049,2024-03-13,2.84,Real
CL0049,2024-03-14,10.32,Real
CL0049,2024-03-15,10.35,Real
CL0049,2024-03-16,23.33,Real
CL0049,2024-03-17,14.55,Real
CL0049,2024-03-18,10.09,Real
CL0049,2024-03-19,3.69,Real
CL0049,2024-03-20,7.58,Real
CL0049,2024-03-21,12.51,Real
CL0049,2024-03-22,23.78,Estimada
CL0049,2024-03-23,15.92,Real
CL0049,2024-03-24,20.48,Real
CL0049,2024-03-25,15.07,Real
CL0049,2024-03-26,14.11,Real
CL0049,2024-03-27,16.27,Real
CL0049,2024-03-28,14.62,Real
CL0049,2024-03-29,11.19,Real
CL0049,2024-03-30,19.22,Real
CL0049,2024-03-31,13.77,Estimada
CL0049,2024-04-01,10.57,Real
CL0049,2024-04-02,18.52,Real
CL0049,2024-04-03,7.48,Real
CL0049,2024-04-04,14.57,Real
CL0049,2024-04-05,16.33,Real
CL0049,2024-04-06,17.73,Real
CL0049,2024-04-07,19.78,Real
CL0049,2024-04-08,9.8,Real
CL0049,2024-04-09,26.08,Real
CL0049,2024-04-10,8.6,Real
CL0049,2024-04-11,11.88,Real
CL0049,2024-04-12,18.95,Real
CL0049,2024-04-13,21.88,Real
CL0049,2024-04-14,18.1,Real
CL0049,2024-04-15,12.36,Real
CL0049,2024-04-16,10.62,Real
CL0049,2024-04-17,18.89,Real
CL0049,2024-04-18,19.32,Real
CL0049,2024-04-19,12.76,Real
CL0049,2024-04-20,18.96,Real
CL0049,2024-04-21,15.39,Real
CL0049,2024-04-22,7.14,Real
CL0049,2024-04-23,8.16,Real
CL0049,2024-04-24,20.5,Real
CL0049,2024-04-25,6.49,Real
CL0049,2024-04-26,9.57,Real
CL0049,2024-04-27,18.22,Estimada
CL0049,2024-04-28,19.87,Estimada
CL0049,2024-04-29,11.22,Estimada
CL0049,2024-04-30,18.76,Estimada
CL0049,2024-05-01,18.19,Real
CL0049,2024-05-02,11.17,Real
CL0049,2024-05-03,8.59,Real
CL0049,2024-05-04,17.83,Real
CL0049,2024-05-05,28.53,Real
CL0049,2024-05-06,19.37,Real
CL0049,2024-05-07,5.43,Real
CL0049,2024-05-08,19.85,Real
CL0049,2024-05-09,11.39,Real
CL0049,2024-05-10,4.43,Real
CL0049,2024-05-11,13.32,Real
CL0049,2024-05-12,22.5,Real
CL0049,2024-05-13,15.51,Real
CL0049,2024-05-14,5.38,Estimada
CL0049,2024-05-15,19.77,Real
CL0049,2024-05-16,17.15,Real
CL0049,2024-05-17,14.98,Real
CL0049,2024-05-18,24.44,Estimada
CL0049,2024-05-19,26.57,Real
CL0049,2024-05-20,21.34,Real
CL0049,2024-05-21,14.31,Real
CL0049,2024-05-22,12.88,Real
CL0049,2024-05-23,13.7,Real
CL0049,2024-05-24,16.02,Real
CL0049,2024-05-25,23.13,Real
CL0049,2024-05-26,8.19,Real
CL0049,2024-05-27,16.12,Real
CL0049,2024-05-28,10.21,Real
CL0049,2024-05-29,12.82,Real
CL0049,2024-05-30,23.0,Real
CL0049,2024-05-31,20.17,Real
CL0049,2024-06-01,25.53,Real
CL0049,2024-06-02,34.3,Real
CL0049,2024-06-03,22.98,Real
CL0049,2024-06-04,18.72,Real
CL0049,2024-06-05,17.15,Real
CL0049,2024-06-06,14.56,Real
CL0049,2024-06-07,16.46,Real
CL0049,2024-06-08,16.95,Real
CL0049,2024-06-09,29.74,Real
CL0049,2024-06-10,16.64,Real
CL0049,2024-06-11,19.43,Real
CL0049,2024-06-12,24.62,Real
CL0049,2024-06-13,21.44,Real
CL0049,2024-06-14,18.44,Real
CL0049,2024-06-15,30.13,Real
CL0049,2024-06-16,25.7,Real
CL0049,2024-06-17,24.75,Real
CL0049,2024-06-18,13.4,Real
CL0049,2024-06-19,19.18,Real
CL0049,2024-06-20,22.68,Real
CL0049,2024-06-21,20.73,Real
CL0049,2024-06-22,31.15,Real
CL0049,2024-06-23,23.27,Real
CL0049,2024-06-24,11.02,Real
CL0049,2024-06-25,10.07,Real
CL0049,2024-06-26,18.54,Real
CL0049,2024-06-27,24.59,Real
CL0049,2024-06-28,19.99,Real
CL0050,2024-01-01,28.21,Real
CL0050,2024-01-02,19.52,Real
CL0050,2024-01-03,25.32,Real
CL0050,2024-01-04,38.74,Real
CL0050,2024-01-05,38.68,Real
CL0050,2024-01-06,19.94,Real
CL0050,2024-01-07,27.7,Real
CL0050,2024-01-08,37.7,Real
CL0050,2024-01-09,48.65,Real
CL0050,2024-01-10,29.06,Real
CL0050,2024-01-11,29.63,Real
CL0050,2024-01-12,27.96,Real
CL0050,2024-01-13,12.65,Real
CL0050,2024-01-14,22.77,Real
CL0050,2024-01-15,35.95,Real
CL0050,2024-01-16,35.39,Real
CL0050,2024-01-17,54.11,Real
CL0050,2024-01-18,31.19,Real
CL0050,2024-01-19,36.88,Real
CL0050,2024-01-20,27.64,Real
CL0050,2024-01-21,33.79,Real
CL0050,2024-01-22,29.35,Real
CL0050,2024-01-23,31.23,Real
CL0050,2024-01-24,35.0,Estimada
CL0050,2024-01-25,31.36,Real
CL0050,2024-01-26,22.85,Estimada
CL0050,2024-01-27,28.33,Real
CL0050,2024-01-28,27.67,Real
CL0050,2024-01-29,26.8,Real
CL0050,2024-01-30,41.1,Real
CL0050,2024-01-31,42.1,Real
CL0050,2024-02-01,7.48,Real
CL0050,2024-02-02,35.98,Real
CL0050,2024-02-03,24.3,Real
CL0050,2024-02-04,16.41,Real
CL0050,2024-02-05,27.32,Real
CL0050,2024-02-06,23.24,Real
CL0050,2024-02-07,40.77,Real
CL0050,2024-02-08,19.26,Real
CL0050,2024-02-09,36.26,Real
CL0050,2024-02-10,20.35,Real
CL0050,2024-02-11,15.73,Real
CL0050,2024-02-12,12.18,Real
CL0050,2024-02-13,31.16,Real
CL0050,2024-02-14,23.51,Real
CL0050,2024-02-15,37.1,Real
CL0050,2024-02-16,29.59,Real
CL0050,2024-02-17,9.93,Real
CL0050,2024-02-18,18.54,Real
CL0050,2024-02-19,35.55,Real
CL0050,2024-02-20,12.33,Real
CL0050,2024-02-21,22.26,Real
CL0050,2024-02-22,24.65,Real
CL0050,2024-02-23,37.99,Estimada
CL0050,2024-02-24,22.28,Real
CL0050,2024-02-25,40.64,Real
CL0050,2024-02-26,27.31,Estimada
CL0050,2024-02-27,25.15,Real
CL0050,2024-02-28,36.83,Real
CL0050,2024-02-29,46.86,Real
CL0050,2024-03-01,8.2,Real
CL0050,2024-03-02,27.78,Real
CL0050,2024-03-03,21.22,Estimada
CL0050,2024-03-04,13.01,Real
CL0050,2024-03-05,16.75,Real
CL0050,2024-03-06,32.54,Real
CL0050,2024-03-07,30.45,Real
CL0050,2024-03-08,18.96,Real
CL0050,2024-03-09,33.54,Real
CL0050,2024-03-10,14.84,Estimada
CL0050,2024-03-11,28.28,Estimada
CL0050,2024-03-12,6.54,Real
CL0050,2024-03-13,37.85,Estimada
CL0050,2024-03-14,31.03,Real
CL0050,2024-03-15,26.6,Estimada
CL0050,2024-03-16,12.37,Real
CL0050,2024-03-17,16.69,Real
CL0050,2024-03-18,28.06,Real
CL0050,2024-03-19,30.64,Real
CL0050,2024-03-20,17.79,Real
CL0050,2024-03-21,35.93,Real
CL0050,2024-03-22,29.8,Estimada
CL0050,2024-03-23,21.5,Real
CL0050,2024-03-24,8.3,Real
CL0050,2024-03-25,32.91,Real
CL0050,2024-03-26,21.13,Real
CL0050,2024-03-27,40.73,Real
CL0050,2024-03-28,36.97,Real
CL0050,2024-03-29,33.37,Real
CL0050,2024-03-30,24.59,Real
CL0050,2024-03-31,20.49,Real
CL0050,2024-04-01,26.59,Real
CL0050,2024-04-02,27.39,Real
CL0050,2024-04-03,40.79,Real
CL0050,2024-04-04,32.68,Estimada
CL0050,2024-04-05,30.91,Real
CL0050,2024-04-06,13.47,Estimada
CL0050,2024-04-07,18.13,Real
CL0050,2024-04-08,24.11,Real
CL0050,2024-04-09,40.1,Real
CL0050,2024-04-10,37.35,Real
CL0050,2024-04-11,34.25,Real
CL0050,2024-04-12,21.53,Real
CL0050,2024-04-13,19.14,Real
CL0050,2024-04-14,26.11,Real
CL0050,2024-04-15,39.38,Estimada
CL0050,2024-04-16,38.76,Real
CL0050,2024-04-17,37.8,Real
CL0050,2024-04-18,44.9,Estimada
CL0050,2024-04-19,32.06,Real
CL0050,2024-04-20,8.83,Real
CL0050,2024-04-21,32.45,Real
CL0050,2024-04-22,18.0,Real
CL0050,2024-04-23,34.47,Real
CL0050,2024-04-24,31.94,Real
CL0050,2024-04-25,15.73,Real
CL0050,2024-04-26,35.74,Real
CL0050,2024-04-27,19.56,Real
CL0050,2024-04-28,21.27,Real
CL0050,2024-04-29,23.81,Estimada
CL0050,2024-04-30,37.9,Real
CL0050,2024-05-01,37.17,Real
CL0050,2024-05-02,40.22,Real
CL0050,2024-05-03,26.45,Real
CL0050,2024-05-04,16.43,Real
CL0050,2024-05-05,31.93,Real
CL0050,2024-05-06,27.26,Real
CL0050,2024-05-07,29.19,Real
CL0050,2024-05-08,32.52,Real
CL0050,2024-05-09,44.07,Estimada
CL0050,2024-05-10,32.95,Real
CL0050,2024-05-11,10.28,Real
CL0050,2024-05-12,31.82,Real
CL0050,2024-05-13,48.07,Estimada
CL0050,2024-05-14,36.42,Estimada
CL0050,2024-05-15,18.54,Real
CL0050,2024-05-16,42.2,Estimada
CL0050,2024-05-17,33.53,Real
CL0050,2024-05-18,23.13,Real
CL0050,2024-05-19,32.68,Real
CL0050,2024-05-20,35.73,Estimada
CL0050,2024-05-21,18.79,Real
CL0050,2024-05-22,36.39,Estimada
CL0050,2024-05-23,43.0,Estimada
CL0050,2024-05-24,28.06,Real
CL0050,2024-05-25,5.95,Real
CL0050,2024-05-26,25.87,Real
CL0050,2024-05-27,22.41,Real
CL0050,2024-05-28,19.93,Real
CL0050,2024-05-29,28.67,Real
CL0050,2024-05-30,20.35,Real
CL0050,2024-05-31,32.89,Real
CL0050,2024-06-01,37.15,Real
CL0050,2024-06-02,20.83,Real
CL0050,2024-06-03,35.29,Real
CL0050,2024-06-04,41.62,Estimada
CL0050,2024-06-05,51.12,Real
CL0050,2024-06-06,36.68,Real
CL0050,2024-06-07,46.75,Estimada
CL0050,2024-06-08,35.06,Real
CL0050,2024-06-09,33.52,Real
CL0050,2024-06-10,34.07,Real
CL0050,2024-06-11,44.84,Estimada
CL0050,2024-06-12,46.58,Real
CL0050,2024-06-13,42.19,Real
CL0050,2024-06-14,54.22,Real
CL0050,2024-06-15,38.61,Estimada
CL0050,2024-06-16,29.9,Estimada
CL0050,2024-06-17,38.93,Real
CL0050,2024-06-18,38.0,Real
CL0050,2024-06-19,44.73,Real
CL0050,2024-06-20,35.78,Real
CL0050,2024-06-21,50.47,Real
CL0050,2024-06-22,35.57,Real
CL0050,2024-06-23,24.51,Real
CL0050,2024-06-24,31.87,Real
CL0050,2024-06-25,49.89,Real
CL0050,2024-06-26,39.6,Real
CL0050,2024-06-27,38.15,Real
CL0050,2024-06-28,34.66,Real
CL0051,2024-01-01,17.71,Real
CL0051,2024-01-02,17.94,Real
CL0051,2024-01-03,15.5,Real
CL0051,2024-01-04,14.77,Real
CL0051,2024-01-05,20.27,Real
CL0051,2024-01-06,22.31,Real
CL0051,2024-01-07,26.65,Real
CL0051,2024-01-08,18.8,Real
CL0051,2024-01-09,13.54,Real
CL0051,2024-01-10,18.61,Real
CL0051,2024-01-11,23.26,Real
CL0051,2024-01-12,11.47,Real
CL0051,2024-01-13,30.67,Real
CL0051,2024-01-14,14.18,Real
CL0051,2024-01-15,18.18,Real
CL0051,2024-01-16,15.91,Real
CL0051,2024-01-17,13.04,Real
CL0051,2024-01-18,16.97,Real
CL0051,2024-01-19,12.93,Real
CL0051,2024-01-20,31.26,Real
CL0051,2024-01-21,19.69,Real
CL0051,2024-01-22,11.72,Real
CL0051,2024-01-23,13.64,Real
CL0051,2024-01-24,13.21,Real
CL0051,2024-01-25,14.97,Real
CL0051,2024-01-26,8.94,Real
CL0051,2024-01-27,22.8,Real
CL0051,2024-01-28,26.22,Estimada
CL0051,2024-01-29,17.21,Real
CL0051,2024-01-30,27.19,Real
CL0051,2024-01-31,19.48,Real
CL0051,2024-02-01,16.0,Real
CL0051,2024-02-02,5.54,Estimada
CL0051,2024-02-03,13.53,Real
CL0051,2024-02-04,19.01,Real
CL0051,2024-02-05,11.53,Real
CL0051,2024-02-06,19.61,Real
CL0051,2024-02-07,26.14,Real
CL0051,2024-02-08,24.54,Real
CL0051,2024-02-09,20.51,Real
CL0051,2024-02-10,16.66,Real
CL0051,2024-02-11,20.37,Real
CL0051,2024-02-12,12.51,Real
CL0051,2024-02-13,15.78,Real
CL0051,2024-02-14,20.51,Estimada
CL0051,2024-02-15,8.2,Real
CL0051,2024-02-16,7.93,Real
CL0051,2024-02-17,18.07,Real
CL0051,2024-02-18,26.88,Real
CL0051,2024-02-19,13.67,Real
CL0051,2024-02-20,8.56,Real
CL0051,2024-02-21,13.28,Real
CL0051,2024-02-22,14.76,Real
CL0051,2024-02-23,12.51,Real
CL0051,2024-02-24,16.36,Real
CL0051,2024-02-25,21.02,Real
CL0051,2024-02-26,3.76,Real
CL0051,2024-02-27,13.35,Real
CL0051,2024-02-28,17.59,Real
CL0051,2024-02-29,14.48,Estimada
CL0051,2024-03-01,12.59,Real
CL0051,2024-03-02,24.09,Real
CL0051,2024-03-03,24.25,Real
CL0051,2024-03-04,14.99,Real
CL0051,2024-03-05,12.52,Real
CL0051,2024-03-06,14.14,Estimada
CL0051,2024-03-07,22.33,Estimada
CL0051,2024-03-08,9.18,Real
CL0051,2024-03-09,20.44,Real
CL0051,2024-03-10,15.07,Real
CL0051,2024-03-11,19.86,Real
CL0051,2024-03-12,6.71,Real
CL0051,2024-03-13,14.98,Real
CL0051,2024-03-14,7.89,Real
CL0051,2024-03-15,14.19,Real
CL0051,2024-03-16,19.77,Real
CL0051,2024-03-17,17.77,Real
CL0051,2024-03-18,14.39,Real
CL0051,2024-03-19,16.6,Estimada
CL0051,2024-03-20,1.73,Real
CL0051,2024-03-21,14.91,Real
CL0051,2024-03-22,17.59,Real
CL0051,2024-03-23,10.76,Estimada
CL0051,2024-03-24,22.12,Real
CL0051,2024-03-25,12.08,Real
CL0051,2024-03-26,19.08,Estimada
CL0051,2024-03-27,12.5,Real
CL0051,2024-03-28,14.66,Estimada
CL0051,2024-03-29,16.41,Real
CL0051,2024-03-30,18.94,Real
CL0051,2024-03-31,22.58,Real
CL0051,2024-04-01,20.49,Real
CL0051,2024-04-02,16.78,Real
CL0051,2024-04-03,13.91,Real
CL0051,2024-04-04,13.36,Real
CL0051,2024-04-05,15.49,Real
CL0051,2024-04-06,22.21,Estimada
CL0051,2024-04-07,19.74,Real
CL0051,2024-04-08,11.11,Real
CL0051,2024-04-09,16.1,Real
CL0051,2024-04-10,16.25,Real
CL0051,2024-04-11,24.46,Real
CL0051,2024-04-12,20.6,Real
CL0051,2024-04-13,24.71,Real
CL0051,2024-04-14,16.62,Real
CL0051,2024-04-15,12.07,Real
CL0051,2024-04-16,13.45,Real
CL0051,2024-04-17,18.05,Estimada
CL0051,2024-04-18,19.13,Real
CL0051,2024-04-19,17.74,Real
CL0051,2024-04-20,16.22,Real
CL0051,2024-04-21,22.96,Real
CL0051,2024-04-22,17.58,Real
CL0051,2024-04-23,18.37,Real
CL0051,2024-04-24,16.46,Real
CL0051,2024-04-25,13.89,Real
CL0051,2024-04-26,17.62,Real
CL0051,2024-04-27,14.65,Real
CL0051,2024-04-28,22.55,Real
CL0051,2024-04-29,15.97,Estimada
CL0051,2024-04-30,14.31,Real
CL0051,2024-05-01,7.54,Real
CL0051,2024-05-02,9.0,Real
CL0051,2024-05-03,18.57,Real
CL0051,2024-05-04,26.12,Real
CL0051,2024-05-05,24.95,Real
CL0051,2024-05-06,15.75,Estimada
CL0051,2024-05-07,16.23,Real
CL0051,2024-05-08,11.42,Real
CL0051,2024-05-09,21.02,Real
CL0051,2024-05-10,15.14,Real
CL0051,2024-05-11,26.19,Real
CL0051,2024-05-12,19.59,Real
CL0051,2024-05-13,19.48,Real
CL0051,2024-05-14,14.13,Real
CL0051,2024-05-15,14.24,Real
CL0051,2024-05-16,13.2,Real
CL0051,2024-05-17,14.94,Real
CL0051,2024-05-18,29.3,Real
CL0051,2024-05-19,23.75,Real
CL0051,2024-05-20,26.11,Real
CL0051,2024-05-21,12.94,Real
CL0051,2024-05-22,21.81,Estimada
CL0051,2024-05-23,19.42,Real
CL0051,2024-05-24,17.96,Real
CL0051,2024-05-25,10.59,Real
CL0051,2024-05-26,25.0,Real
CL0051,2024-05-27,20.36,Real
CL0051,2024-05-28,20.64,Real
CL0051,2024-05-29,9.56,Real
CL0051,2024-05-30,19.7,Real
CL0051,2024-05-31,14.36,Real
CL0051,2024-06-01,27.28,Real
CL0051,2024-06-02,27.32,Real
CL0051,2024-06-03,19.68,Real
CL0051,2024-06-04,17.67,Real
CL0051,2024-06-05,26.58,Real
CL0051,2024-06-06,18.92,Real
CL0051,2024-06-07,16.53,Real
CL0051,2024-06-08,25.0,Real
CL0051,2024-06-09,20.14,Estimada
CL0051,2024-06-10,17.45,Real
CL0051,2024-06-11,18.16,Real
CL0051,2024-06-12,22.08,Real
CL0051,2024-06-13,20.52,Real
CL0051,2024-06-14,18.45,Real
CL0051,2024-06-15,25.75,Real
CL0051,2024-06-16,30.58,Estimada
CL0051,2024-06-17,19.19,Real
CL0051,2024-06-18,18.58,Real
CL0051,2024-06-19,18.09,Real
CL0051,2024-06-20,19.25,Real
CL0051,2024-06-21,20.87,Real
CL0051,2024-06-22,21.86,Real
CL0051,2024-06-23,23.72,Real
CL0051,2024-06-24,21.79,Real
CL0051,2024-06-25,20.09,Real
CL0051,2024-06-26,21.58,Estimada
CL0051,2024-06-27,14.87,Estimada
CL0051,2024-06-28,15.52,Real
CL0052,2024-01-01,10.14,Real
CL0052,2024-01-02,17.83,Real
CL0052,2024-01-03,9.71,Real
CL0052,2024-01-04,19.65,Real
CL0052,2024-01-05,18.63,Estimada
CL0052,2024-01-06,27.58,Real
CL0052,2024-01-07,22.92,Real
CL0052,2024-01-08,21.18,Real
CL0052,2024-01-09,10.76,Real
CL0052,2024-01-10,13.19,Real
CL0052,2024-01-11,16.93,Real
CL0052,2024-01-12,24.75,Estimada
CL0052,2024-01-13,27.92,Real
CL0052,2024-01-14,27.51,Real
CL0052,2024-01-15,11.76,Real
CL0052,2024-01-16,13.39,Real
CL0052,2024-01-17,11.45,Estimada
CL0052,2024-01-18,17.47,Real
CL0052,2024-01-19,14.97,Estimada
CL0052,2024-01-20,13.39,Real
CL0052,2024-01-21,21.5,Real
CL0052,2024-01-22,14.51,Real
CL0052,2024-01-23,18.78,Real
CL0052,2024-01-24,18.06,Real
CL0052,2024-01-25,12.69,Real
CL0052,2024-01-26,14.38,Estimada
CL0052,2024-01-27,27.6,Estimada
CL0052,2024-01-28,26.81,Real
CL0052,2024-01-29,16.76,Estimada
CL0052,2024-01-30,20.53,Real
CL0052,2024-01-31,17.56,Estimada
CL0052,2024-02-01,6.52,Real
CL0052,2024-02-02,16.49,Real
CL0052,2024-02-03,21.87,Real
CL0052,2024-02-04,11.72,Estimada
CL0052,2024-02-05,14.61,Real
CL0052,2024-02-06,13.75,Real
CL0052,2024-02-07,20.48,Estimada
CL0052,2024-02-08,19.95,Real
CL0052,2024-02-09,5.95,Real
CL0052,2024-02-10,14.39,Real
CL0052,2024-02-11,29.36,Real
CL0052,2024-02-12,13.02,Real
CL0052,2024-02-13,8.48,Real
CL0052,2024-02-14,8.44,Estimada
CL0052,2024-02-15,14.61,Real
CL0052,2024-02-16,17.83,Real
CL0052,2024-02-17,19.1,Real
CL0052,2024-02-18,21.62,Real
CL0052,2024-02-19,8.06,Real
CL0052,2024-02-20,20.04,Real
CL0052,2024-02-21,12.44,Real
CL0052,2024-02-22,8.4,Real
CL0052,2024-02-23,10.95,Real
CL0052,2024-02-24,12.33,Real
CL0052,2024-02-25,18.63,Real
CL0052,2024-02-26,7.59,Real
CL0052,2024-02-27,16.79,Real
CL0052,2024-02-28,19.54,Real
CL0052,2024-02-29,15.53,Real
CL0052,2024-03-01,15.41,Real
CL0052,2024-03-02,21.99,Estimada
CL0052,2024-03-03,25.02,Estimada
CL0052,2024-03-04,12.07,Real
CL0052,2024-03-05,15.68,Real
CL0052,2024-03-06,18.94,Real
CL0052,2024-03-07,7.66,Real
CL0052,2024-03-08,10.64,Real
CL0052,2024-03-09,23.93,Real
CL0052,2024-03-10,14.66,Real
CL0052,2024-03-11,3.4,Real
CL0052,2024-03-12,6.14,Real
CL0052,2024-03-13,17.37,Real
CL0052,2024-03-14,17.93,Real
CL0052,2024-03-15,11.21,Estimada
CL0052,2024-03-16,14.87,Real
CL0052,2024-03-17,17.41,Real
CL0052,2024-03-18,7.28,Real
CL0052,2024-03-19,12.56,Real
CL0052,2024-03-20,7.66,Real
CL0052,2024-03-21,15.78,Real
CL0052,2024-03-22,11.88,Real
CL0052,2024-03-23,7.94,Real
CL0052,2024-03-24,16.62,Real
CL0052,2024-03-25,15.99,Real
CL0052,2024-03-26,15.21,Real
CL0052,2024-03-27,5.13,Real
CL0052,2024-03-28,14.02,Real
CL0052,2024-03-29,11.97,Real
CL0052,2024-03-30,18.67,Real
CL0052,2024-03-31,22.16,Estimada
CL0052,2024-04-01,19.29,Real
CL0052,2024-04-02,19.97,Real
CL0052,2024-04-03,13.41,Real
CL0052,2024-04-04,13.36,Real
CL0052,2024-04-05,4.53,Real
CL0052,2024-04-06,19.74,Real
CL0052,2024-04-07,9.23,Real
CL0052,2024-04-08,16.36,Real
CL0052,2024-04-09,9.61,Real
CL0052,2024-04-10,14.97,Real
CL0052,2024-04-11,15.34,Real
CL0052,2024-04-12,12.19,Real
CL0052,2024-04-13,25.91,Real
CL0052,2024-04-14,19.5,Real
CL0052,2024-04-15,5.99,Real
CL0052,2024-04-16,18.52,Real
CL0052,2024-04-17,8.58,Real
CL0052,2024-04-18,12.55,Real
CL0052,2024-04-19,17.94,Estimada
CL0052,2024-04-20,14.15,Real
CL0052,2024-04-21,13.64,Real
CL0052,2024-04-22,18.36,Real
CL0052,2024-04-23,14.22,Real
CL0052,2024-04-24,17.21,Real
CL0052,2024-04-25,16.03,Real
CL0052,2024-04-26,14.32,Real
CL0052,2024-04-27,24.91,Estimada
CL0052,2024-04-28,17.67,Real
CL0052,2024-04-29,7.7,Real
CL0052,2024-04-30,9.72,Real
CL0052,2024-05-01,8.57,Real
CL0052,2024-05-02,18.09,Real
CL0052,2024-05-03,11.06,Real
CL0052,2024-05-04,7.7,Real
CL0052,2024-05-05,21.99,Real
CL0052,2024-05-06,18.76,Real
CL0052,2024-05-07,12.48,Real
CL0052,2024-05-08,16.67,Real
CL0052,2024-05-09,17.28,Real
CL0052,2024-05-10,18.13,Real
CL0052,2024-05-11,29.5,Real
CL0052,2024-05-12,23.07,Real
CL0052,2024-05-13,15.81,Real
CL0052,2024-05-14,17.88,Estimada
CL0052,2024-05-15,14.39,Real
CL0052,2024-05-16,21.75,Real
CL0052,2024-05-17,2.44,Real
CL0052,2024-05-18,19.27,Real
CL0052,2024-05-19,15.32,Real
CL0052,2024-05-20,9.3,Real
CL0052,2024-05-21,15.5,Real
CL0052,2024-05-22,22.24,Estimada
CL0052,2024-05-23,9.94,Real
CL0052,2024-05-24,15.66,Real
CL0052,2024-05-25,29.01,Real
CL0052,2024-05-26,24.95,Real
CL0052,2024-05-27,15.45,Real
CL0052,2024-05-28,9.68,Real
CL0052,2024-05-29,19.71,Real
CL0052,2024-05-30,20.76,Estimada
CL0052,2024-05-31,32.26,Real
CL0052,2024-06-01,23.19,Real
CL0052,2024-06-02,19.41,Real
CL0052,2024-06-03,20.3,Real
CL0052,2024-06-04,14.78,Real
CL0052,2024-06-05,17.32,Real
CL0052,2024-06-06,23.12,Real
CL0052,2024-06-07,24.87,Real
CL0052,2024-06-08,32.39,Real
CL0052,2024-06-09,22.03,Real
CL0052,2024-06-10,13.57,Real
CL0052,2024-06-11,16.46,Real
CL0052,2024-06-12,24.71,Real
CL0052,2024-06-13,23.41,Estimada
CL0052,2024-06-14,16.09,Real
CL0052,2024-06-15,28.24,Estimada
CL0052,2024-06-16,26.43,Real
CL0052,2024-06-17,19.96,Real
CL0052,2024-06-18,21.7,Real
CL0052,2024-06-19,19.59,Real
CL0052,2024-06-20,13.27,Real
CL0052,2024-06-21,23.66,Real
CL0052,2024-06-22,29.25,Real
CL0052,2024-06-23,30.62,Real
CL0052,2024-06-24,16.26,Real
CL0052,2024-06-25,21.87,Real
CL0052,2024-06-26,18.46,Real
CL0052,2024-06-27,8.03,Real
CL0052,2024-06-28,20.3,Real
CL0053,2024-01-01,19.86,Real
CL0053,2024-01-02,24.03,Real
CL0053,2024-01-03,12.89,Real
CL0053,2024-01-04,24.99,Real
CL0053,2024-01-05,18.58,Real
CL0053,2024-01-06,23.01,Real
CL0053,2024-01-07,20.62,Estimada
CL0053,2024-01-08,21.03,Real
CL0053,2024-01-09,16.53,Real
CL0053,2024-01-10,14.68,Real
CL0053,2024-01-11,11.33,Real
CL0053,2024-01-12,24.51,Real
CL0053,2024-01-13,21.94,Real
CL0053,2024-01-14,26.63,Real
CL0053,2024-01-15,21.93,Real
CL0053,2024-01-16,10.5,Real
CL0053,2024-01-17,21.23,Real
CL0053,2024-01-18,19.27,Real
CL0053,2024-01-19,15.57,Real
CL0053,2024-01-20,26.07,Real
CL0053,2024-01-21,31.84,Real
CL0053,2024-01-22,16.06,Estimada
CL0053,2024-01-23,22.9,Real
CL0053,2024-01-24,19.33,Real
CL0053,2024-01-25,17.32,Estimada
CL0053,2024-01-26,9.99,Real
CL0053,2024-01-27,22.71,Real
CL0053,2024-01-28,26.7,Real
CL0053,2024-01-29,14.52,Real
CL0053,2024-01-30,20.34,Real
CL0053,2024-01-31,24.27,Real
CL0053,2024-02-01,16.45,Estimada
CL0053,2024-02-02,12.31,Real
CL0053,2024-02-03,14.23,Real
CL0053,2024-02-04,21.5,Real
CL0053,2024-02-05,16.71,Real
CL0053,2024-02-06,12.71,Real
CL0053,2024-02-07,19.2,Real
CL0053,2024-02-08,17.54,Real
CL0053,2024-02-09,17.72,Real
CL0053,2024-02-10,21.48,Real
CL0053,2024-02-11,17.71,Estimada
CL0053,2024-02-12,8.57,Real
CL0053,2024-02-13,15.16,Real
CL0053,2024-02-14,14.08,Real
CL0053,2024-02-15,17.01,Estimada
CL0053,2024-02-16,13.51,Estimada
CL0053,2024-02-17,25.71,Real
CL0053,2024-02-18,18.02,Real
CL0053,2024-02-19,5.28,Real
CL0053,2024-02-20,18.15,Estimada
CL0053,2024-02-21,21.91,Real
CL0053,2024-02-22,15.51,Real
CL0053,2024-02-23,11.09,Real
CL0053,2024-02-24,14.32,Real
CL0053,2024-02-25,26.63,Real
CL0053,2024-02-26,11.07,Real
CL0053,2024-02-27,9.92,Real
CL0053,2024-02-28,4.18,Real
CL0053,2024-02-29,25.26,Estimada
CL0053,2024-03-01,10.2,Real
CL0053,2024-03-02,20.12,Real
CL0053,2024-03-03,20.77,Estimada
CL0053,2024-03-04,9.88,Real
CL0053,2024-03-05,9.82,Estimada
CL0053,2024-03-06,16.7,Real
CL0053,2024-03-07,14.55,Real
CL0053,2024-03-08,5.52,Real
CL0053,2024-03-09,12.12,Real
CL0053,2024-03-10,16.05,Real
CL0053,2024-03-11,17.49,Real
CL0053,2024-03-12,19.11,Estimada
CL0053,2024-03-13,7.19,Real
CL0053,2024-03-14,28.16,Real
CL0053,2024-03-15,12.84,Real
CL0053,2024-03-16,20.8,Real
CL0053,2024-03-17,26.43,Real
CL0053,2024-03-18,15.85,Real
CL0053,2024-03-19,9.31,Real
CL0053,2024-03-20,14.78,Real
CL0053,2024-03-21,10.34,Real
CL0053,2024-03-22,14.86,Real
CL0053,2024-03-23,14.33,Real
CL0053,2024-03-24,20.99,Real
CL0053,2024-03-25,15.66,Estimada
CL0053,2024-03-26,13.63,Real
CL0053,2024-03-27,12.25,Real
CL0053,2024-03-28,16.61,Estimada
CL0053,2024-03-29,17.19,Real
CL0053,2024-03-30,22.11,Real
CL0053,2024-03-31,24.16,Real
CL0053,2024-04-01,11.45,Real
CL0053,2024-04-02,20.82,Real
CL0053,2024-04-03,14.74,Real
CL0053,2024-04-04,20.41,Real
CL0053,2024-04-05,16.36,Real
CL0053,2024-04-06,14.91,Real
CL0053,2024-04-07,16.28,Real
CL0053,2024-04-08,17.05,Real
CL0053,2024-04-09,13.5,Real
CL0053,2024-04-10,9.52,Real
CL0053,2024-04-11,13.53,Real
CL0053,2024-04-12,18.35,Real
CL0053,2024-04-13,21.87,Real
CL0053,2024-04-14,26.83,Real
CL0053,2024-04-15,21.81,Real
CL0053,2024-04-16,13.05,Real
CL0053,2024-04-17,15.2,Real
CL0053,2024-04-18,7.84,Real
CL0053,2024-04-19,8.9,Real
CL0053,2024-04-20,18.53,Real
CL0053,2024-04-21,20.78,Real
CL0053,2024-04-22,17.38,Real
CL0053,2024-04-23,12.09,Real
CL0053,2024-04-24,21.0,Real
CL0053,2024-04-25,16.14,Real
CL0053,2024-04-26,20.33,Real
CL0053,2024-04-27,25.54,Real
CL0053,2024-04-28,26.74,Real
CL0053,2024-04-29,12.48,Real
CL0053,2024-04-30,17.09,Real
CL0053,2024-05-01,16.19,Real
CL0053,2024-05-02,8.43,Real
CL0053,2024-05-03,14.84,Real
CL0053,2024-05-04,30.85,Real
CL0053,2024-05-05,26.96,Real
CL0053,2024-05-06,9.98,Real
CL0053,2024-05-07,14.2,Real
CL0053,2024-05-08,21.05,Real
CL0053,2024-05-09,12.02,Real
CL0053,2024-05-10,16.91,Real
CL0053,2024-05-11,19.43,Real
CL0053,2024-05-12,19.55,Real
CL0053,2024-05-13,7.69,Real
CL0053,2024-05-14,15.08,Real
CL0053,2024-05-15,19.41,Real
CL0053,2024-05-16,21.31,Real
CL0053,2024-05-17,19.42,Real
CL0053,2024-05-18,25.85,Estimada
CL0053,2024-05-19,21.64,Real
CL0053,2024-05-20,22.55,Real
CL0053,2024-05-21,21.61,Real
CL0053,2024-05-22,22.05,Real
CL0053,2024-05-23,15.52,Real
CL0053,2024-05-24,20.76,Estimada
CL0053,2024-05-25,31.7,Real
CL0053,2024-05-26,24.39,Real
CL0053,2024-05-27,12.69,Real
CL0053,2024-05-28,13.63,Real
CL0053,2024-05-29,9.61,Real
CL0053,2024-05-30,14.65,Real
CL0053,2024-05-31,15.63,Real
CL0053,2024-06-01,31.63,Real
CL0053,2024-06-02,31.22,Estimada
CL0053,2024-06-03,26.64,Real
CL0053,2024-06-04,20.89,Estimada
CL0053,2024-06-05,16.21,Real
CL0053,2024-06-06,16.88,Real
CL0053,2024-06-07,11.03,Real
CL0053,2024-06-08,35.57,Real
CL0053,2024-06-09,28.31,Real
CL0053,2024-06-10,10.85,Real
CL0053,2024-06-11,22.91,Estimada
CL0053,2024-06-12,21.59,Real
CL0053,2024-06-13,15.68,Real
CL0053,2024-06-14,22.96,Real
CL0053,2024-06-15,28.51,Real
CL0053,2024-06-16,29.14,Real
CL0053,2024-06-17,19.89,Real
CL0053,2024-06-18,23.97,Real
CL0053,2024-06-19,20.53,Real
CL0053,2024-06-20,22.53,Real
CL0053,2024-06-21,17.14,Real
CL0053,2024-06-22,26.11,Real
CL0053,2024-06-23,30.14,Estimada
CL0053,2024-06-24,22.87,Real
CL0053,2024-06-25,19.29,Real
CL0053,2024-06-26,16.53,Real
CL0053,2024-06-27,21.48,Estimada
CL0053,2024-06-28,20.14,Real
CL0054,2024-01-01,89.87,Real
CL0054,2024-01-02,57.83,Real
CL0054,2024-01-03,50.77,Real
CL0054,2024-01-04,57.5,Real
CL0054,2024-01-05,72.66,Real
CL0054,2024-01-06,36.28,Real
CL0054,2024-01-07,43.15,Estimada
CL0054,2024-01-08,94.26,Real
CL0054,2024-01-09,85.18,Real
CL0054,2024-01-10,55.24,Estimada
CL0054,2024-01-11,72.84,Real
CL0054,2024-01-12,83.42,Real
CL0054,2024-01-13,64.77,Real
CL0054,2024-01-14,70.78,Real
CL0054,2024-01-15,87.74,Real
CL0054,2024-01-16,67.92,Real
CL0054,2024-01-17,77.45,Real
CL0054,2024-01-18,68.86,Estimada
CL0054,2024-01-19,70.53,Real
CL0054,2024-01-20,39.47,Real
CL0054,2024-01-21,45.69,Real
CL0054,2024-01-22,66.32,Real
CL0054,2024-01-23,72.11,Real
CL0054,2024-01-24,38.94,Real
CL0054,2024-01-25,73.02,Real
CL0054,2024-01-26,71.66,Real
CL0054,2024-01-27,57.62,Real
CL0054,2024-01-28,25.78,Real
CL0054,2024-01-29,82.63,Real
CL0054,2024-01-30,89.66,Real
CL0054,2024-01-31,78.48,Real
CL0054,2024-02-01,72.95,Real
CL0054,2024-02-02,58.15,Real
CL0054,2024-02-03,65.39,Real
CL0054,2024-02-04,29.43,Real
CL0054,2024-02-05,75.19,Real
CL0054,2024-02-06,36.83,Real
CL0054,2024-02-07,29.39,Real
CL0054,2024-02-08,57.58,Real
CL0054,2024-02-09,73.06,Real
CL0054,2024-02-10,52.63,Real
CL0054,2024-02-11,43.81,Real
CL0054,2024-02-12,60.06,Real
CL0054,2024-02-13,54.46,Real
CL0054,2024-02-14,58.62,Real
CL0054,2024-02-15,72.67,Real
CL0054,2024-02-16,58.15,Real
CL0054,2024-02-17,31.07,Real
CL0054,2024-02-18,28.37,Real
CL0054,2024-02-19,74.64,Real
CL0054,2024-02-20,69.75,Real
CL0054,2024-02-21,45.56,Real
CL0054,2024-02-22,63.09,Real
CL0054,2024-02-23,65.58,Real
CL0054,2024-02-24,45.02,Real
CL0054,2024-02-25,38.94,Real
CL0054,2024-02-26,81.17,Real
CL0054,2024-02-27,21.94,Real
CL0054,2024-02-28,51.77,Real
CL0054,2024-02-29,65.55,Real
CL0054,2024-03-01,71.77,Real
CL0054,2024-03-02,36.43,Real
CL0054,2024-03-03,41.73,Real
CL0054,2024-03-04,54.25,Real
CL0054,2024-03-05,38.37,Real
CL0054,2024-03-06,25.11,Real
CL0054,2024-03-07,20.64,Real
CL0054,2024-03-08,52.44,Real
CL0054,2024-03-09,45.31,Real
CL0054,2024-03-10,51.45,Real
CL0054,2024-03-11,40.03,Real
CL0054,2024-03-12,62.3,Estimada
CL0054,2024-03-13,63.64,Real
CL0054,2024-03-14,76.78,Real
CL0054,2024-03-15,27.21,Real
CL0054,2024-03-16,37.65,Real
CL0054,2024-03-17,32.28,Real
CL0054,2024-03-18,76.94,Real
CL0054,2024-03-19,85.18,Estimada
CL0054,2024-03-20,63.32,Real
CL0054,2024-03-21,59.73,Real
CL0054,2024-03-22,35.0,Real
CL0054,2024-03-23,48.2,Real
CL0054,2024-03-24,62.65,Real
CL0054,2024-03-25,47.18,Real
CL0054,2024-03-26,70.75,Real
CL0054,2024-03-27,40.33,Real
CL0054,2024-03-28,58.51,Real
CL0054,2024-03-29,70.04,Real
CL0054,2024-03-30,33.44,Estimada
CL0054,2024-03-31,51.36,Real
CL0054,2024-04-01,69.28,Estimada
CL0054,2024-04-02,56.5,Real
CL0054,2024-04-03,53.61,Real
CL0054,2024-04-04,25.31,Real
CL0054,2024-04-05,44.8,Real
CL0054,2024-04-06,19.15,Real
CL0054,2024-04-07,13.45,Real
CL0054,2024-04-08,63.64,Real
CL0054,2024-04-09,33.44,Real
CL0054,2024-04-10,32.69,Real
CL0054,2024-04-11,54.06,Real
CL0054,2024-04-12,64.54,Real
CL0054,2024-04-13,38.88,Real
CL0054,2024-04-14,40.06,Real
CL0054,2024-04-15,50.0,Real
CL0054,2024-04-16,59.32,Real
CL0054,2024-04-17,37.28,Real
CL0054,2024-04-18,57.49,Real
CL0054,2024-04-19,17.94,Real
CL0054,2024-04-20,64.77,Real
CL0054,2024-04-21,54.73,Real
CL0054,2024-04-22,52.61,Real
CL0054,2024-04-23,60.63,Real
CL0054,2024-04-24,25.94,Real
CL0054,2024-04-25,58.37,Real
CL0054,2024-04-26,67.65,Real
CL0054,2024-04-27,29.59,Real
CL0054,2024-04-28,53.05,Real
CL0054,2024-04-29,64.86,Real
CL0054,2024-04-30,55.54,Real
CL0054,2024-05-01,89.81,Real
CL0054,2024-05-02,88.76,Real
CL0054,2024-05-03,71.54,Estimada
CL0054,2024-05-04,53.27,Real
CL0054,2024-05-05,42.48,Real
CL0054,2024-05-06,43.67,Real
CL0054,2024-05-07,76.01,Real
CL0054,2024-05-08,66.91,Real
CL0054,2024-05-09,35.5,Real
CL0054,2024-05-10,73.54,Real
CL0054,2024-05-11,72.47,Real
CL0054,2024-05-12,65.06,Real
CL0054,2024-05-13,71.01,Real
CL0054,2024-05-14,75.19,Real
CL0054,2024-05-15,68.61,Real
CL0054,2024-05-16,90.99,Real
CL0054,2024-05-17,79.52,Real
CL0054,2024-05-18,25.25,Real
CL0054,2024-05-19,81.2,Real
CL0054,2024-05-20,63.71,Real
CL0054,2024-05-21,71.04,Real
CL0054,2024-05-22,93.62,Real
CL0054,2024-05-23,81.45,Real
CL0054,2024-05-24,87.38,Estimada
CL0054,2024-05-25,60.11,Real
CL0054,2024-05-26,73.78,Real
CL0054,2024-05-27,64.23,Real
CL0054,2024-05-28,95.34,Estimada
CL0054,2024-05-29,65.22,Real
CL0054,2024-05-30,66.41,Real
CL0054,2024-05-31,54.28,Real
CL0054,2024-06-01,65.18,Real
CL0054,2024-06-02,27.9,Real
CL0054,2024-06-03,106.56,Real
CL0054,2024-06-04,89.87,Real
CL0054,2024-06-05,75.9,Real
CL0054,2024-06-06,85.75,Real
CL0054,2024-06-07,62.29,Real
CL0054,2024-06-08,58.35,Real
CL0054,2024-06-09,92.42,Real
CL0054,2024-06-10,73.21,Real
CL0054,2024-06-11,50.18,Real
CL0054,2024-06-12,87.03,Real
CL0054,2024-06-13,93.85,Real
CL0054,2024-06-14,78.74,Real
CL0054,2024-06-15,79.36,Real
CL0054,2024-06-16,78.17,Real
CL0054,2024-06-17,90.67,Real
CL0054,2024-06-18,106.18,Real
CL0054,2024-06-19,88.58,Real
CL0054,2024-06-20,84.66,Real
CL0054,2024-06-21,60.15,Real
CL0054,2024-06-22,54.91,Real
CL0054,2024-06-23,62.08,Real
CL0054,2024-06-24,56.0,Real
CL0054,2024-06-25,98.65,Real
CL0054,2024-06-26,76.03,Real
CL0054,2024-06-27,89.96,Real
CL0054,2024-06-28,90.6,Real
CL0055,2024-01-01,9.08,Real
CL0055,2024-01-02,13.08,Real
CL0055,2024-01-03,9.08,Estimada
CL0055,2024-01-04,10.16,Real
CL0055,2024-01-05,10.8,Real
CL0055,2024-01-06,13.0,Real
CL0055,2024-01-07,14.58,Real
CL0055,2024-01-08,4.88,Estimada
CL0055,2024-01-09,7.86,Real
CL0055,2024-01-10,5.47,Real
CL0055,2024-01-11,15.18,Real
CL0055,2024-01-12,8.42,Real
CL0055,2024-01-13,11.45,Real
CL0055,2024-01-14,16.49,Real
CL0055,2024-01-15,10.11,Real
CL0055,2024-01-16,6.39,Real
CL0055,2024-01-17,8.43,Estimada
CL0055,2024-01-18,8.73,Real
CL0055,2024-01-19,7.27,Real
CL0055,2024-01-20,19.16,Real
CL0055,2024-01-21,13.81,Real
CL0055,2024-01-22,6.95,Real
CL0055,2024-01-23,7.29,Estimada
CL0055,2024-01-24,10.35,Real
CL0055,2024-01-25,12.98,Real
CL0055,2024-01-26,9.43,Real
CL0055,2024-01-27,13.04,Real
CL0055,2024-01-28,15.13,Real
CL0055,2024-01-29,9.14,Real
CL0055,2024-01-30,10.44,Real
CL0055,2024-01-31,8.6,Real
CL0055,2024-02-01,16.47,Real
CL0055,2024-02-02,13.65,Real
CL0055,2024-02-03,10.26,Real
CL0055,2024-02-04,4.6,Real
CL0055,2024-02-05,9.86,Real
CL0055,2024-02-06,5.03,Real
CL0055,2024-02-07,6.44,Estimada
CL0055,2024-02-08,7.26,Real
CL0055,2024-02-09,9.23,Real
CL0055,2024-02-10,7.57,Real
CL0055,2024-02-11,11.8,Real
CL0055,2024-02-12,2.9,Real
CL0055,2024-02-13,11.04,Real
CL0055,2024-02-14,6.79,Real
CL0055,2024-02-15,9.68,Estimada
CL0055,2024-02-16,10.52,Real
CL0055,2024-02-17,13.88,Real
CL0055,2024-02-18,14.32,Real
CL0055,2024-02-19,7.08,Real
CL0055,2024-02-20,10.71,Real
CL0055,2024-02-21,14.93,Real
CL0055,2024-02-22,8.7,Estimada
CL0055,2024-02-23,13.18,Real
CL0055,2024-02-24,12.96,Real
CL0055,2024-02-25,13.06,Real
CL0055,2024-02-26,8.22,Real
CL0055,2024-02-27,9.1,Real
CL0055,2024-02-28,6.86,Estimada
CL0055,2024-02-29,9.96,Real
CL0055,2024-03-01,12.16,Real
CL0055,2024-03-02,13.92,Real
CL0055,2024-03-03,12.73,Real
CL0055,2024-03-04,10.31,Real
CL0055,2024-03-05,10.98,Real
CL0055,2024-03-06,7.39,Real
CL0055,2024-03-07,9.47,Real
CL0055,2024-03-08,6.33,Real
CL0055,2024-03-09,13.66,Real
CL0055,2024-03-10,15.72,Estimada
CL0055,2024-03-11,6.15,Real
CL0055,2024-03-12,8.93,Real
CL0055,2024-03-13,8.17,Real
CL0055,2024-03-14,9.73,Real
CL0055,2024-03-15,8.92,Estimada
CL0055,2024-03-16,16.22,Real
CL0055,2024-03-17,10.81,Real
CL0055,2024-03-18,3.09,Real
CL0055,2024-03-19,6.57,Real
CL0055,2024-03-20,8.08,Real
CL0055,2024-03-21,2.97,Real
CL0055,2024-03-22,9.5,Real
CL0055,2024-03-23,7.82,Real
CL0055,2024-03-24,8.97,Real
CL0055,2024-03-25,6.21,Real
CL0055,2024-03-26,3.32,Real
CL0055,2024-03-27,9.0,Real
CL0055,2024-03-28,7.67,Real
CL0055,2024-03-29,7.21,Real
CL0055,2024-03-30,9.0,Real
CL0055,2024-03-31,16.85,Real
CL0055,2024-04-01,7.03,Real
CL0055,2024-04-02,11.4,Real
CL0055,2024-04-03,11.77,Real
CL0055,2024-04-04,10.05,Real
CL0055,2024-04-05,7.23,Real
CL0055,2024-04-06,7.65,Real
CL0055,2024-04-07,9.97,Real
CL0055,2024-04-08,6.39,Real
CL0055,2024-04-09,8.6,Real
CL0055,2024-04-10,2.38,Real
CL0055,2024-04-11,14.53,Real
CL0055,2024-04-12,8.37,Real
CL0055,2024-04-13,12.4,Real
CL0055,2024-04-14,13.93,Real
CL0055,2024-04-15,11.8,Real
CL0055,2024-04-16,12.56,Real
CL0055,2024-04-17,6.18,Real
CL0055,2024-04-18,7.76,Real
CL0055,2024-04-19,9.96,Real
CL0055,2024-04-20,6.07,Real
CL0055,2024-04-21,7.09,Real
CL0055,2024-04-22,7.36,Real
CL0055,2024-04-23,4.77,Estimada
CL0055,2024-04-24,11.1,Real
CL0055,2024-04-25,7.38,Real
CL0055,2024-04-26,9.53,Real
CL0055,2024-04-27,14.44,Real
CL0055,2024-04-28,10.15,Estimada
CL0055,2024-04-29,7.59,Real
CL0055,2024-04-30,11.86,Estimada
CL0055,2024-05-01,10.29,Real
CL0055,2024-05-02,10.39,Estimada
CL0055,2024-05-03,8.51,Real
CL0055,2024-05-04,15.52,Real
CL0055,2024-05-05,15.95,Estimada
CL0055,2024-05-06,5.57,Real
CL0055,2024-05-07,10.73,Real
CL0055,2024-05-08,10.86,Real
CL0055,2024-05-09,11.03,Real
CL0055,2024-05-10,4.83,Real
CL0055,2024-05-11,14.09,Real
CL0055,2024-05-12,13.97,Real
CL0055,2024-05-13,7.52,Real
CL0055,2024-05-14,12.15,Real
CL0055,2024-05-15,12.11,Estimada
CL0055,2024-05-16,9.76,Real
CL0055,2024-05-17,13.32,Real
CL0055,2024-05-18,10.64,Real
CL0055,2024-05-19,13.77,Real
CL0055,2024-05-20,8.2,Real
CL0055,2024-05-21,11.01,Real
CL0055,2024-05-22,7.91,Real
CL0055,2024-05-23,11.46,Real
CL0055,2024-05-24,12.64,Real
CL0055,2024-05-25,4.43,Real
CL0055,2024-05-26,12.03,Real
CL0055,2024-05-27,13.9,Estimada
CL0055,2024-05-28,13.39,Estimada
CL0055,2024-05-29,7.59,Real
CL0055,2024-05-30,12.96,Real
CL0055,2024-05-31,12.64,Real
CL0055,2024-06-01,17.16,Real
CL0055,2024-06-02,19.62,Real
CL0055,2024-06-03,11.09,Real
CL0055,2024-06-04,15.12,Real
CL0055,2024-06-05,11.97,Real
CL0055,2024-06-06,9.53,Real
CL0055,2024-06-07,15.64,Real
CL0055,2024-06-08,12.9,Real
CL0055,2024-06-09,16.99,Real
CL0055,2024-06-10,14.8,Real
CL0055,2024-06-11,9.68,Estimada
CL0055,2024-06-12,7.35,Real
CL0055,2024-06-13,14.99,Real
CL0055,2024-06-14,9.55,Real
CL0055,2024-06-15,17.96,Real
CL0055,2024-06-16,15.24,Real
CL0055,2024-06-17,11.89,Real
CL0055,2024-06-18,12.69,Real
CL0055,2024-06-19,11.3,Real
CL0055,2024-06-20,13.15,Real
CL0055,2024-06-21,2.5,Real
CL0055,2024-06-22,17.23,Real
CL0055,2024-06-23,18.26,Real
CL0055,2024-06-24,9.56,Real
CL0055,2024-06-25,15.35,Real
CL0055,2024-06-26,12.83,Real
CL0055,2024-06-27,10.49,Real
CL0055,2024-06-28,6.26,Real
CL0056,2024-01-01,302.77,Real
CL0056,2024-01-02,176.48,Real
CL0056,2024-01-03,311.18,Real
CL0056,2024-01-04,275.4,Real
CL0056,2024-01-05,229.65,Real
CL0056,2024-01-06,130.99,Real
CL0056,2024-01-07,157.0,Real
CL0056,2024-01-08,266.53,Real
CL0056,2024-01-09,241.7,Estimada
CL0056,2024-01-10,360.33,Real
CL0056,2024-01-11,286.29,Real
CL0056,2024-01-12,335.16,Real
CL0056,2024-01-13,243.45,Real
CL0056,2024-01-14,202.48,Real
CL0056,2024-01-15,245.99,Estimada
CL0056,2024-01-16,153.24,Real
CL0056,2024-01-17,312.12,Real
CL0056,2024-01-18,292.57,Real
CL0056,2024-01-19,220.05,Real
CL0056,2024-01-20,314.59,Estimada
CL0056,2024-01-21,177.52,Real
CL0056,2024-01-22,356.27,Real
CL0056,2024-01-23,318.17,Estimada
CL0056,2024-01-24,183.92,Real
CL0056,2024-01-25,352.55,Real
CL0056,2024-01-26,266.56,Estimada
CL0056,2024-01-27,164.5,Real
CL0056,2024-01-28,152.14,Real
CL0056,2024-01-29,201.99,Real
CL0056,2024-01-30,220.05,Real
CL0056,2024-01-31,296.24,Real
CL0056,2024-02-01,300.12,Real
CL0056,2024-02-02,318.62,Real
CL0056,2024-02-03,208.75,Real
CL0056,2024-02-04,139.92,Real
CL0056,2024-02-05,202.7,Real
CL0056,2024-02-06,110.09,Real
CL0056,2024-02-07,178.8,Real
CL0056,2024-02-08,241.99,Real
CL0056,2024-02-09,199.9,Real
CL0056,2024-02-10,34.51,Real
CL0056,2024-02-11,151.39,Real
CL0056,2024-02-12,285.51,Real
CL0056,2024-02-13,251.43,Real
CL0056,2024-02-14,77.74,Real
CL0056,2024-02-15,237.57,Real
CL0056,2024-02-16,220.93,Real
CL0056,2024-02-17,165.95,Real
CL0056,2024-02-18,157.0,Real
CL0056,2024-02-19,307.55,Real
CL0056,2024-02-20,244.67,Real
CL0056,2024-02-21,305.19,Real
CL0056,2024-02-22,279.07,Real
CL0056,2024-02-23,236.59,Real
CL0056,2024-02-24,196.19,Real
CL0056,2024-02-25,272.01,Real
CL0056,2024-02-26,115.41,Real
CL0056,2024-02-27,229.93,Real
CL0056,2024-02-28,155.82,Real
CL0056,2024-02-29,173.06,Real
CL0056,2024-03-01,313.24,Real
CL0056,2024-03-02,221.42,Real
CL0056,2024-03-03,133.42,Real
CL0056,2024-03-04,285.26,Real
CL0056,2024-03-05,253.98,Real
CL0056,2024-03-06,119.31,Real
CL0056,2024-03-07,222.51,Real
CL0056,2024-03-08,279.2,Real
CL0056,2024-03-09,96.68,Real
CL0056,2024-03-10,204.44,Real
CL0056,2024-03-11,160.68,Real
CL0056,2024-03-12,175.97,Real
CL0056,2024-03-13,304.15,Real
CL0056,2024-03-14,273.33,Real
CL0056,2024-03-15,221.47,Real
CL0056,2024-03-16,143.02,Estimada
CL0056,2024-03-17,167.98,Real
CL0056,2024-03-18,203.9,Real
CL0056,2024-03-19,125.05,Real
CL0056,2024-03-20,238.77,Real
CL0056,2024-03-21,273.56,Real
CL0056,2024-03-22,262.55,Real
CL0056,2024-03-23,229.14,Real
CL0056,2024-03-24,178.06,Real
CL0056,2024-03-25,225.87,Real
CL0056,2024-03-26,254.24,Real
CL0056,2024-03-27,195.9,Real
CL0056,2024-03-28,92.4,Real
CL0056,2024-03-29,263.58,Real
CL0056,2024-03-30,216.18,Real
CL0056,2024-03-31,177.38,Real
CL0056,2024-04-01,256.92,Real
CL0056,2024-04-02,176.15,Estimada
CL0056,2024-04-03,201.82,Real
CL0056,2024-04-04,181.43,Real
CL0056,2024-04-05,179.84,Real
CL0056,2024-04-06,236.46,Real
CL0056,2024-04-07,107.75,Real
CL0056,2024-04-08,291.37,Real
CL0056,2024-04-09,324.52,Real
CL0056,2024-04-10,125.02,Real
CL0056,2024-04-11,300.08,Real
CL0056,2024-04-12,254.72,Real
CL0056,2024-04-13,167.6,Real
CL0056,2024-04-14,271.21,Real
CL0056,2024-04-15,317.8,Real
CL0056,2024-04-16,294.48,Real
CL0056,2024-04-17,210.17,Real
CL0056,2024-04-18,341.68,Real
CL0056,2024-04-19,210.09,Real
CL0056,2024-04-20,178.01,Real
CL0056,2024-04-21,191.24,Real
CL0056,2024-04-22,216.75,Real
CL0056,2024-04-23,327.49,Real
CL0056,2024-04-24,224.0,Real
CL0056,2024-04-25,267.96,Real
CL0056,2024-04-26,259.46,Real
CL0056,2024-04-27,252.25,Real
CL0056,2024-04-28,144.4,Real
CL0056,2024-04-29,90.61,Real
CL0056,2024-04-30,253.42,Real
CL0056,2024-05-01,313.09,Real
CL0056,2024-05-02,259.23,Real
CL0056,2024-05-03,252.16,Real
CL0056,2024-05-04,204.55,Real
CL0056,2024-05-05,216.01,Real
CL0056,2024-05-06,346.59,Real
CL0056,2024-05-07,281.8,Real
CL0056,2024-05-08,200.59,Real
CL0056,2024-05-09,314.23,Estimada
CL0056,2024-05-10,365.94,Real
CL0056,2024-05-11,238.04,Real
CL0056,2024-05-12,233.48,Real
CL0056,2024-05-13,203.41,Real
CL0056,2024-05-14,242.83,Real
CL0056,2024-05-15,312.17,Real
CL0056,2024-05-16,257.53,Real
CL0056,2024-05-17,250.58,Real
CL0056,2024-05-18,196.64,Estimada
CL0056,2024-05-19,145.09,Estimada
CL0056,2024-05-20,285.46,Real
CL0056,2024-05-21,322.87,Real
CL0056,2024-05-22,183.65,Real
CL0056,2024-05-23,264.66,Real
CL0056,2024-05-24,366.84,Real
CL0056,2024-05-25,321.04,Real
CL0056,2024-05-26,231.61,Real
CL0056,2024-05-27,214.92,Real
CL0056,2024-05-28,238.07,Real
CL0056,2024-05-29,182.11,Real
CL0056,2024-05-30,342.96,Real
CL0056,2024-05-31,213.35,Real
CL0056,2024-06-01,184.32,Real
CL0056,2024-06-02,188.47,Real
CL0056,2024-06-03,378.75,Real
CL0056,2024-06-04,462.39,Real
CL0056,2024-06-05,274.09,Real
CL0056,2024-06-06,235.94,Real
CL0056,2024-06-07,334.01,Estimada
CL0056,2024-06-08,183.17,Real
CL0056,2024-06-09,320.14,Real
CL0056,2024-06-10,320.19,Real
CL0056,2024-06-11,415.65,Real
CL0056,2024-06-12,381.69,Estimada
CL0056,2024-06-13,335.84,Estimada
CL0056,2024-06-14,266.79,Real
CL0056,2024-06-15,188.31,Estimada
CL0056,2024-06-16,159.26,Real
CL0056,2024-06-17,294.61,Real
CL0056,2024-06-18,397.17,Real
CL0056,2024-06-19,324.21,Real
CL0056,2024-06-20,345.5,Real
CL0056,2024-06-21,279.95,Real
CL0056,2024-06-22,182.8,Real
CL0056,2024-06-23,256.35,Real
CL0056,2024-06-24,367.46,Real
CL0056,2024-06-25,474.18,Real
CL0056,2024-06-26,282.88,Real
CL0056,2024-06-27,324.97,Real
CL0056,2024-06-28,400.67,Real
CL0057,2024-01-01,20.61,Real
CL0057,2024-01-02,11.44,Real
CL0057,2024-01-03,13.29,Real
CL0057,2024-01-04,12.19,Real
CL0057,2024-01-05,17.97,Real
CL0057,2024-01-06,21.08,Real
CL0057,2024-01-07,34.97,Real
CL0057,2024-01-08,21.97,Real
CL0057,2024-01-09,15.93,Real
CL0057,2024-01-10,16.0,Real
CL0057,2024-01-11,22.48,Estimada
CL0057,2024-01-12,14.37,Real
CL0057,2024-01-13,22.83,Real
CL0057,2024-01-14,17.4,Real
CL0057,2024-01-15,20.83,Real
CL0057,2024-01-16,22.79,Real
CL0057,2024-01-17,8.08,Real
CL0057,2024-01-18,18.5,Real
CL0057,2024-01-19,22.29,Real
CL0057,2024-01-20,26.1,Real
CL0057,2024-01-21,19.56,Real
CL0057,2024-01-22,8.99,Real
CL0057,2024-01-23,19.02,Real
CL0057,2024-01-24,21.47,Real
CL0057,2024-01-25,13.69,Real
CL0057,2024-01-26,23.19,Real
CL0057,2024-01-27,31.05,Real
CL0057,2024-01-28,23.63,Real
CL0057,2024-01-29,15.72,Real
CL0057,2024-01-30,22.48,Real
CL0057,2024-01-31,20.12,Real
CL0057,2024-02-01,6.78,Real
CL0057,2024-02-02,12.14,Real
CL0057,2024-02-03,17.44,Real
CL0057,2024-02-04,21.77,Real
CL0057,2024-02-05,22.37,Real
CL0057,2024-02-06,13.41,Real
CL0057,2024-02-07,10.54,Real
CL0057,2024-02-08,22.41,Real
CL0057,2024-02-09,11.26,Real
CL0057,2024-02-10,34.39,Real
CL0057,2024-02-11,20.63,Real
CL0057,2024-02-12,10.07,Real
CL0057,2024-02-13,19.4,Real
CL0057,2024-02-14,15.52,Real
CL0057,2024-02-15,18.82,Estimada
CL0057,2024-02-16,13.73,Real
CL0057,2024-02-17,12.94,Real
CL0057,2024-02-18,17.42,Estimada
CL0057,2024-02-19,8.84,Real
CL0057,2024-02-20,5.43,Real
CL0057,2024-02-21,12.7,Real
CL0057,2024-02-22,6.13,Real
CL0057,2024-02-23,22.98,Real
CL0057,2024-02-24,19.86,Real
CL0057,2024-02-25,12.3,Real
CL0057,2024-02-26,20.78,Real
CL0057,2024-02-27,12.76,Estimada
CL0057,2024-02-28,8.59,Real
CL0057,2024-02-29,11.3,Real
CL0057,2024-03-01,16.48,Real
CL0057,2024-03-02,22.98,Real
CL0057,2024-03-03,27.52,Real
CL0057,2024-03-04,7.34,Real
CL0057,2024-03-05,9.83,Real
CL0057,2024-03-06,22.75,Real
CL0057,2024-03-07,11.72,Real
CL0057,2024-03-08,21.59,Real
CL0057,2024-03-09,29.28,Real
CL0057,2024-03-10,22.37,Real
CL0057,2024-03-11,13.82,Real
CL0057,2024-03-12,24.59,Real
CL0057,2024-03-13,11.3,Estimada
CL0057,2024-03-14,17.69,Real
CL0057,2024-03-15,13.0,Real
CL0057,2024-03-16,26.41,Real
CL0057,2024-03-17,10.13,Real
CL0057,2024-03-18,14.36,Real
CL0057,2024-03-19,8.52,Real
CL0057,2024-03-20,19.1,Real
CL0057,2024-03-21,16.51,Real
CL0057,2024-03-22,4.25,Real
CL0057,2024-03-23,11.65,Estimada
CL0057,2024-03-24,20.01,Real
CL0057,2024-03-25,19.9,Real
CL0057,2024-03-26,7.23,Estimada
CL0057,2024-03-27,15.27,Real
CL0057,2024-03-28,22.12,Real
CL0057,2024-03-29,14.79,Real
CL0057,2024-03-30,21.83,Real
CL0057,2024-03-31,17.36,Real
CL0057,2024-04-01,19.38,Estimada
CL0057,2024-04-02,14.71,Real
CL0057,2024-04-03,15.13,Real
CL0057,2024-04-04,21.83,Real
CL0057,2024-04-05,16.09,Real
CL0057,2024-04-06,20.4,Real
CL0057,2024-04-07,22.89,Real
CL0057,2024-04-08,13.45,Real
CL0057,2024-04-09,12.69,Real
CL0057,2024-04-10,10.26,Real
CL0057,2024-04-11,19.66,Real
CL0057,2024-04-12,19.37,Real
CL0057,2024-04-13,14.05,Real
CL0057,2024-04-14,20.37,Real
CL0057,2024-04-15,15.98,Real
CL0057,2024-04-16,16.72,Real
CL0057,2024-04-17,16.09,Real
CL0057,2024-04-18,15.07,Real
CL0057,2024-04-19,17.89,Real
CL0057,2024-04-20,10.0,Real
CL0057,2024-04-21,33.06,Real
CL0057,2024-04-22,19.39,Estimada
CL0057,2024-04-23,26.37,Real
CL0057,2024-04-24,17.15,Real
CL0057,2024-04-25,14.53,Real
CL0057,2024-04-26,22.35,Estimada
CL0057,2024-04-27,24.83,Real
CL0057,2024-04-28,30.15,Real
CL0057,2024-04-29,19.72,Real
CL0057,2024-04-30,13.17,Real
CL0057,2024-05-01,16.36,Real
CL0057,2024-05-02,16.44,Real
CL0057,2024-05-03,27.33,Real
CL0057,2024-05-04,29.51,Real
CL0057,2024-05-05,25.97,Real
CL0057,2024-05-06,19.55,Estimada
CL0057,2024-05-07,21.6,Real
CL0057,2024-05-08,15.26,Real
CL0057,2024-05-09,10.65,Real
CL0057,2024-05-10,23.35,Real
CL0057,2024-05-11,22.94,Real
CL0057,2024-05-12,10.59,Real
CL0057,2024-05-13,18.21,Real
CL0057,2024-05-14,18.54,Real
CL0057,2024-05-15,17.06,Real
CL0057,2024-05-16,16.17,Real
CL0057,2024-05-17,26.43,Real
CL0057,2024-05-18,17.59,Real
CL0057,2024-05-19,23.76,Real
CL0057,2024-05-20,20.76,Estimada
CL0057,2024-05-21,14.71,Real
CL0057,2024-05-22,12.23,Real
CL0057,2024-05-23,14.62,Real
CL0057,2024-05-24,19.29,Real
CL0057,2024-05-25,23.15,Real
CL0057,2024-05-26,31.13,Real
CL0057,2024-05-27,19.22,Real
CL0057,2024-05-28,15.46,Estimada
CL0057,2024-05-29,19.79,Real
CL0057,2024-05-30,9.93,Real
CL0057,2024-05-31,12.94,Estimada
CL0057,2024-06-01,27.28,Real
CL0057,2024-06-02,33.2,Real
CL0057,2024-06-03,17.39,Real
CL0057,2024-06-04,18.32,Real
CL0057,2024-06-05,17.42,Real
CL0057,2024-06-06,32.31,Real
CL0057,2024-06-07,15.47,Real
CL0057,2024-06-08,28.54,Real
CL0057,2024-06-09,31.75,Real
CL0057,2024-06-10,17.24,Real
CL0057,2024-06-11,28.61,Real
CL0057,2024-06-12,15.13,Real
CL0057,2024-06-13,23.75,Real
CL0057,2024-06-14,20.1,Real
CL0057,2024-06-15,34.98,Real
CL0057,2024-06-16,30.12,Real
CL0057,2024-06-17,27.03,Real
CL0057,2024-06-18,22.73,Real
CL0057,2024-06-19,23.95,Real
CL0057,2024-06-20,21.19,Real
CL0057,2024-06-21,27.21,Real
CL0057,2024-06-22,31.81,Estimada
CL0057,2024-06-23,26.63,Real
CL0057,2024-06-24,21.75,Estimada
CL0057,2024-06-25,15.74,Real
CL0057,2024-06-26,22.55,Real
CL0057,2024-06-27,21.61,Real
CL0057,2024-06-28,16.29,Real
CL0058,2024-01-01,12.83,Real
CL0058,2024-01-02,8.86,Real
CL0058,2024-01-03,13.35,Estimada
CL0058,2024-01-04,13.13,Real
CL0058,2024-01-05,9.84,Real
CL0058,2024-01-06,19.15,Real
CL0058,2024-01-07,17.38,Real
CL0058,2024-01-08,14.56,Real
CL0058,2024-01-09,9.6,Estimada
CL0058,2024-01-10,14.82,Real
CL0058,2024-01-11,11.55,Real
CL0058,2024-01-12,12.49,Real
CL0058,2024-01-13,26.85,Real
CL0058,2024-01-14,18.74,Real
CL0058,2024-01-15,12.91,Real
CL0058,2024-01-16,15.45,Estimada
CL0058,2024-01-17,16.95,Real
CL0058,2024-01-18,2.84,Real
CL0058,2024-01-19,14.36,Real
CL0058,2024-01-20,22.1,Real
CL0058,2024-01-21,14.28,Real
CL0058,2024-01-22,15.95,Real
CL0058,2024-01-23,12.75,Real
CL0058,2024-01-24,15.18,Real
CL0058,2024-01-25,18.24,Real
CL0058,2024-01-26,13.24,Real
CL0058,2024-01-27,21.18,Real
CL0058,2024-01-28,21.57,Real
CL0058,2024-01-29,20.03,Real
CL0058,2024-01-30,12.88,Real
CL0058,2024-01-31,10.98,Real
CL0058,2024-02-01,12.31,Real
CL0058,2024-02-02,7.52,Real
CL0058,2024-02-03,18.65,Real
CL0058,2024-02-04,20.43,Estimada
CL0058,2024-02-05,10.54,Real
CL0058,2024-02-06,12.33,Real
CL0058,2024-02-07,11.95,Estimada
CL0058,2024-02-08,18.16,Estimada
CL0058,2024-02-09,14.66,Real
CL0058,2024-02-10,18.25,Real
CL0058,2024-02-11,4.95,Real
CL0058,2024-02-12,14.26,Real
CL0058,2024-02-13,9.77,Real
CL0058,2024-02-14,4.87,Real
CL0058,2024-02-15,12.59,Estimada
CL0058,2024-02-16,8.93,Real
CL0058,2024-02-17,18.01,Real
CL0058,2024-02-18,23.3,Real
CL0058,2024-02-19,14.47,Real
CL0058,2024-02-20,11.33,Real
CL0058,2024-02-21,9.93,Real
CL0058,2024-02-22,17.26,Estimada
CL0058,2024-02-23,17.96,Estimada
CL0058,2024-02-24,16.53,Estimada
CL0058,2024-02-25,16.27,Real
CL0058,2024-02-26,10.85,Real
CL0058,2024-02-27,3.36,Real
CL0058,2024-02-28,17.31,Real
CL0058,2024-02-29,13.97,Real
CL0058,2024-03-01,9.87,Real
CL0058,2024-03-02,9.71,Real
CL0058,2024-03-03,15.78,Real
CL0058,2024-03-04,11.08,Estimada
CL0058,2024-03-05,13.03,Real
CL0058,2024-03-06,10.66,Real
CL0058,2024-03-07,10.57,Estimada
CL0058,2024-03-08,10.18,Estimada
CL0058,2024-03-09,19.04,Real
CL0058,2024-03-10,18.39,Estimada
CL0058,2024-03-11,10.26,Real
CL0058,2024-03-12,11.12,Real
CL0058,2024-03-13,13.92,Real
CL0058,2024-03-14,7.88,Real
CL0058,2024-03-15,11.51,Estimada
CL0058,2024-03-16,21.38,Real
CL0058,2024-03-17,11.15,Real
CL0058,2024-03-18,7.66,Real
CL0058,2024-03-19,6.75,Real
CL0058,2024-03-20,12.7,Estimada
CL0058,2024-03-21,12.03,Real
CL0058,2024-03-22,10.22,Real
CL0058,2024-03-23,18.34,Real
CL0058,2024-03-24,13.31,Real
CL0058,2024-03-25,11.01,Real
CL0058,2024-03-26,9.6,Estimada
CL0058,2024-03-27,9.17,Real
CL0058,2024-03-28,11.14,Real
CL0058,2024-03-29,9.14,Real
CL0058,2024-03-30,18.25,Real
CL0058,2024-03-31,20.01,Real
CL0058,2024-04-01,10.26,Real
CL0058,2024-04-02,14.25,Real
CL0058,2024-04-03,10.14,Real
CL0058,2024-04-04,13.86,Real
CL0058,2024-04-05,15.29,Real
CL0058,2024-04-06,13.36,Real
CL0058,2024-04-07,20.61,Real
CL0058,2024-04-08,8.43,Real
CL0058,2024-04-09,9.54,Real
CL0058,2024-04-10,4.41,Real
CL0058,2024-04-11,13.92,Real
CL0058,2024-04-12,11.95,Real
CL0058,2024-04-13,10.79,Real
CL0058,2024-04-14,19.27,Real
CL0058,2024-04-15,3.65,Real
CL0058,2024-04-16,17.55,Real
CL0058,2024-04-17,11.47,Real
CL0058,2024-04-18,5.27,Real
CL0058,2024-04-19,15.2,Real
CL0058,2024-04-20,19.85,Real
CL0058,2024-04-21,16.31,Real
CL0058,2024-04-22,14.51,Real
CL0058,2024-04-23,8.2,Real
CL0058,2024-04-24,6.28,Real
CL0058,2024-04-25,5.44,Real
CL0058,2024-04-26,2.4,Real
CL0058,2024-04-27,23.95,Estimada
CL0058,2024-04-28,19.15,Real
CL0058,2024-04-29,15.13,Real
CL0058,2024-04-30,10.32,Real
CL0058,2024-05-01,13.09,Real
CL0058,2024-05-02,9.15,Real
CL0058,2024-05-03,5.78,Real
CL0058,2024-05-04,27.61,Real
CL0058,2024-05-05,21.36,Real
CL0058,2024-05-06,12.31,Estimada
CL0058,2024-05-07,15.63,Real
CL0058,2024-05-08,14.48,Real
CL0058,2024-05-09,12.42,Real
CL0058,2024-05-10,13.32,Real
CL0058,2024-05-11,22.21,Real
CL0058,2024-05-12,21.31,Real
CL0058,2024-05-13,13.17,Real
CL0058,2024-05-14,10.21,Real
CL0058,2024-05-15,14.28,Real
CL0058,2024-05-16,11.76,Real
CL0058,2024-05-17,9.49,Real
CL0058,2024-05-18,25.29,Real
CL0058,2024-05-19,16.45,Real
CL0058,2024-05-20,17.86,Real
CL0058,2024-05-21,5.41,Real
CL0058,2024-05-22,11.78,Real
CL0058,2024-05-23,15.09,Real
CL0058,2024-05-24,14.49,Real
CL0058,2024-05-25,7.05,Real
CL0058,2024-05-26,13.38,Real
CL0058,2024-05-27,17.38,Real
CL0058,2024-05-28,13.6,Real
CL0058,2024-05-29,14.37,Estimada
CL0058,2024-05-30,13.03,Real
CL0058,2024-05-31,15.57,Real
CL0058,2024-06-01,23.63,Real
CL0058,2024-06-02,25.73,Real
CL0058,2024-06-03,14.84,Real
CL0058,2024-06-04,12.68,Real
CL0058,2024-06-05,15.85,Estimada
CL0058,2024-06-06,17.68,Real
CL0058,2024-06-07,12.08,Estimada
CL0058,2024-06-08,23.45,Real
CL0058,2024-06-09,25.93,Real
CL0058,2024-06-10,14.28,Real
CL0058,2024-06-11,20.02,Estimada
CL0058,2024-06-12,18.02,Real
CL0058,2024-06-13,22.29,Real
CL0058,2024-06-14,19.97,Real
CL0058,2024-06-15,30.65,Real
CL0058,2024-06-16,25.5,Estimada
CL0058,2024-06-17,13.38,Real
CL0058,2024-06-18,16.54,Real
CL0058,2024-06-19,13.96,Real
CL0058,2024-06-20,13.38,Real
CL0058,2024-06-21,19.58,Real
CL0058,2024-06-22,19.41,Real
CL0058,2024-06-23,17.12,Real
CL0058,2024-06-24,21.0,Real
CL0058,2024-06-25,17.26,Real
CL0058,2024-06-26,15.2,Real
CL0058,2024-06-27,17.21,Real
CL0058,2024-06-28,11.23,Real
CL0059,2024-01-01,10.26,Real
CL0059,2024-01-02,8.89,Real
CL0059,2024-01-03,6.51,Real
CL0059,2024-01-04,7.67,Real
CL0059,2024-01-05,10.23,Real
CL0059,2024-01-06,14.01,Real
CL0059,2024-01-07,15.0,Real
CL0059,2024-01-08,5.5,Real
CL0059,2024-01-09,10.37,Real
CL0059,2024-01-10,10.24,Estimada
CL0059,2024-01-11,5.59,Real
CL0059,2024-01-12,12.35,Real
CL0059,2024-01-13,12.3,Real
CL0059,2024-01-14,10.87,Real
CL0059,2024-01-15,10.31,Real
CL0059,2024-01-16,9.65,Real
CL0059,2024-01-17,9.48,Real
CL0059,2024-01-18,8.07,Real
CL0059,2024-01-19,9.82,Real
CL0059,2024-01-20,13.15,Real
CL0059,2024-01-21,12.41,Real
CL0059,2024-01-22,12.49,Real
CL0059,2024-01-23,6.84,Real
CL0059,2024-01-24,6.34,Real
CL0059,2024-01-25,7.76,Real
CL0059,2024-01-26,10.1,Real
CL0059,2024-01-27,11.82,Estimada
CL0059,2024-01-28,10.32,Real
CL0059,2024-01-29,10.32,Real
CL0059,2024-01-30,13.06,Real
CL0059,2024-01-31,8.47,Real
CL0059,2024-02-01,4.92,Real
CL0059,2024-02-02,5.65,Real
CL0059,2024-02-03,9.69,Real
CL0059,2024-02-04,13.0,Real
CL0059,2024-02-05,7.81,Real
CL0059,2024-02-06,5.33,Real
CL0059,2024-02-07,4.69,Real
CL0059,2024-02-08,3.04,Real
CL0059,2024-02-09,9.5,Real
CL0059,2024-02-10,5.91,Real
CL0059,2024-02-11,12.16,Real
CL0059,2024-02-12,9.71,Real
CL0059,2024-02-13,4.68,Real
CL0059,2024-02-14,11.06,Real
CL0059,2024-02-15,10.4,Real
CL0059,2024-02-16,6.48,Real
CL0059,2024-02-17,10.33,Real
CL0059,2024-02-18,11.81,Real
CL0059,2024-02-19,6.18,Real
CL0059,2024-02-20,8.41,Real
CL0059,2024-02-21,2.81,Real
CL0059,2024-02-22,6.3,Real
CL0059,2024-02-23,7.53,Real
CL0059,2024-02-24,14.39,Real
CL0059,2024-02-25,13.84,Real
CL0059,2024-02-26,7.12,Estimada
CL0059,2024-02-27,5.53,Real
CL0059,2024-02-28,4.59,Real
CL0059,2024-02-29,7.65,Real
CL0059,2024-03-01,7.37,Real
CL0059,2024-03-02,8.58,Real
CL0059,2024-03-03,11.16,Real
CL0059,2024-03-04,6.14,Real
CL0059,2024-03-05,10.74,Real
CL0059,2024-03-06,7.21,Real
CL0059,2024-03-07,8.7,Real
CL0059,2024-03-08,9.6,Real
CL0059,2024-03-09,8.41,Real
CL0059,2024-03-10,9.72,Real
CL0059,2024-03-11,6.06,Real
CL0059,2024-03-12,4.36,Real
CL0059,2024-03-13,10.69,Real
CL0059,2024-03-14,4.98,Real
CL0059,2024-03-15,5.95,Real
CL0059,2024-03-16,7.19,Real
CL0059,2024-03-17,3.38,Real
CL0059,2024-03-18,9.27,Real
CL0059,2024-03-19,13.26,Real
CL0059,2024-03-20,7.94,Real
CL0059,2024-03-21,8.46,Real
CL0059,2024-03-22,7.02,Real
CL0059,2024-03-23,8.67,Real
CL0059,2024-03-24,7.89,Real
CL0059,2024-03-25,9.16,Real
CL0059,2024-03-26,6.42,Real
CL0059,2024-03-27,2.16,Real
CL0059,2024-03-28,6.87,Real
CL0059,2024-03-29,5.65,Real
CL0059,2024-03-30,13.71,Estimada
CL0059,2024-03-31,11.83,Real
CL0059,2024-04-01,10.18,Real
CL0059,2024-04-02,4.98,Real
CL0059,2024-04-03,9.32,Real
CL0059,2024-04-04,4.13,Real
CL0059,2024-04-05,7.53,Real
CL0059,2024-04-06,7.21,Real
CL0059,2024-04-07,9.46,Real
CL0059,2024-04-08,8.48,Real
CL0059,2024-04-09,5.59,Estimada
CL0059,2024-04-10,6.9,Real
CL0059,2024-04-11,8.45,Real
CL0059,2024-04-12,8.6,Real
CL0059,2024-04-13,15.2,Real
CL0059,2024-04-14,7.78,Real
CL0059,2024-04-15,1.49,Real
CL0059,2024-04-16,7.94,Real
CL0059,2024-04-17,8.21,Real
CL0059,2024-04-18,7.34,Real
CL0059,2024-04-19,6.38,Real
CL0059,2024-04-20,10.66,Real
CL0059,2024-04-21,13.01,Real
CL0059,2024-04-22,7.51,Real
CL0059,2024-04-23,8.39,Real
CL0059,2024-04-24,10.34,Real
CL0059,2024-04-25,9.95,Real
CL0059,2024-04-26,2.97,Real
CL0059,2024-04-27,10.99,Real
CL0059,2024-04-28,11.39,Real
CL0059,2024-04-29,3.66,Real
CL0059,2024-04-30,5.06,Real
CL0059,2024-05-01,7.23,Real
CL0059,2024-05-02,5.15,Real
CL0059,2024-05-03,5.11,Real
CL0059,2024-05-04,13.36,Real
CL0059,2024-05-05,14.54,Real
CL0059,2024-05-06,6.05,Real
CL0059,2024-05-07,8.59,Real
CL0059,2024-05-08,3.63,Real
CL0059,2024-05-09,11.52,Real
CL0059,2024-05-10,10.54,Real
CL0059,2024-05-11,12.76,Real
CL0059,2024-05-12,12.81,Real
CL0059,2024-05-13,8.82,Real
CL0059,2024-05-14,10.52,Real
CL0059,2024-05-15,8.19,Real
CL0059,2024-05-16,6.95,Real
CL0059,2024-05-17,7.92,Real
CL0059,2024-05-18,14.69,Real
CL0059,2024-05-19,9.83,Real
CL0059,2024-05-20,9.61,Real
CL0059,2024-05-21,6.12,Real
CL0059,2024-05-22,8.78,Real
CL0059,2024-05-23,11.76,Real
CL0059,2024-05-24,10.23,Real
CL0059,2024-05-25,11.25,Real
CL0059,2024-05-26,7.35,Real
CL0059,2024-05-27,8.06,Estimada
CL0059,2024-05-28,5.89,Real
CL0059,2024-05-29,9.28,Real
CL0059,2024-05-30,10.79,Real
CL0059,2024-05-31,7.47,Estimada
CL0059,2024-06-01,14.28,Real
CL0059,2024-06-02,12.09,Real
CL0059,2024-06-03,12.3,Real
CL0059,2024-06-04,9.85,Real
CL0059,2024-06-05,7.53,Real
CL0059,2024-06-06,13.29,Real
CL0059,2024-06-07,10.01,Real
CL0059,2024-06-08,12.85,Real
CL0059,2024-06-09,12.29,Real
CL0059,2024-06-10,15.95,Real
CL0059,2024-06-11,12.71,Real
CL0059,2024-06-12,13.87,Real
CL0059,2024-06-13,7.37,Real
CL0059,2024-06-14,11.2,Estimada
CL0059,2024-06-15,15.89,Real
CL0059,2024-06-16,11.73,Real
CL0059,2024-06-17,11.46,Real
CL0059,2024-06-18,6.4,Real
CL0059,2024-06-19,7.76,Real
CL0059,2024-06-20,10.06,Real
CL0059,2024-06-21,9.93,Real
CL0059,2024-06-22,13.05,Real
CL0059,2024-06-23,16.7,Real
CL0059,2024-06-24,10.13,Real
CL0059,2024-06-25,11.17,Real
CL0059,2024-06-26,10.49,Real
CL0059,2024-06-27,12.72,Real
CL0059,2024-06-28,9.94,Real
CL0060,2024-01-01,16.94,Real
CL0060,2024-01-02,17.5,Real
CL0060,2024-01-03,16.2,Estimada
CL0060,2024-01-04,16.86,Real
CL0060,2024-01-05,14.28,Estimada
CL0060,2024-01-06,18.0,Real
CL0060,2024-01-07,25.75,Real
CL0060,2024-01-08,11.95,Estimada
CL0060,2024-01-09,12.36,Real
CL0060,2024-01-10,18.19,Real
CL0060,2024-01-11,23.83,Real
CL0060,2024-01-12,9.68,Real
CL0060,2024-01-13,20.16,Real
CL0060,2024-01-14,25.89,Real
CL0060,2024-01-15,21.43,Real
CL0060,2024-01-16,19.45,Real
CL0060,2024-01-17,9.68,Estimada
CL0060,2024-01-18,12.6,Real
CL0060,2024-01-19,17.33,Real
CL0060,2024-01-20,13.66,Real
CL0060,2024-01-21,19.55,Estimada
CL0060,2024-01-22,20.22,Real
CL0060,2024-01-23,19.28,Real
CL0060,2024-01-24,19.57,Real
CL0060,2024-01-25,22.06,Real
CL0060,2024-01-26,15.81,Real
CL0060,2024-01-27,21.59,Real
CL0060,2024-01-28,24.86,Real
CL0060,2024-01-29,20.89,Real
CL0060,2024-01-30,20.3,Real
CL0060,2024-01-31,14.07,Real
CL0060,2024-02-01,16.31,Real
CL0060,2024-02-02,18.2,Real
CL0060,2024-02-03,17.69,Real
CL0060,2024-02-04,15.24,Real
CL0060,2024-02-05,12.38,Real
CL0060,2024-02-06,15.85,Estimada
CL0060,2024-02-07,15.7,Real
CL0060,2024-02-08,14.06,Real
CL0060,2024-02-09,13.43,Real
CL0060,2024-02-10,18.1,Real
CL0060,2024-02-11,29.49,Real
CL0060,2024-02-12,22.32,Real
CL0060,2024-02-13,14.33,Real
CL0060,2024-02-14,22.27,Real
CL0060,2024-02-15,18.29,Real
CL0060,2024-02-16,11.96,Real
CL0060,2024-02-17,16.74,Real
CL0060,2024-02-18,16.25,Real
CL0060,2024-02-19,15.17,Real
CL0060,2024-02-20,19.17,Real
CL0060,2024-02-21,8.41,Real
CL0060,2024-02-22,14.57,Real
CL0060,2024-02-23,10.82,Real
CL0060,2024-02-24,25.45,Real
CL0060,2024-02-25,17.83,Real
CL0060,2024-02-26,22.14,Estimada
CL0060,2024-02-27,6.49,Real
CL0060,2024-02-28,11.91,Real
CL0060,2024-02-29,13.8,Real
CL0060,2024-03-01,8.48,Estimada
CL0060,2024-03-02,21.39,Real
CL0060,2024-03-03,11.94,Real
CL0060,2024-03-04,16.28,Estimada
CL0060,2024-03-05,13.8,Real
CL0060,2024-03-06,3.59,Real
CL0060,2024-03-07,15.77,Estimada
CL0060,2024-03-08,10.91,Real
CL0060,2024-03-09,15.62,Real
CL0060,2024-03-10,16.54,Real
CL0060,2024-03-11,15.11,Real
CL0060,2024-03-12,13.39,Real
CL0060,2024-03-13,12.58,Real
CL0060,2024-03-14,12.25,Real
CL0060,2024-03-15,11.58,Real
CL0060,2024-03-16,20.24,Real
CL0060,2024-03-17,18.11,Real
CL0060,2024-03-18,20.58,Real
CL0060,2024-03-19,15.76,Real
CL0060,2024-03-20,9.39,Real
CL0060,2024-03-21,13.22,Estimada
CL0060,2024-03-22,14.06,Real
CL0060,2024-03-23,24.74,Real
CL0060,2024-03-24,16.26,Real
CL0060,2024-03-25,11.35,Real
CL0060,2024-03-26,10.97,Real
CL0060,2024-03-27,12.08,Real
CL0060,2024-03-28,6.19,Real
CL0060,2024-03-29,10.79,Real
CL0060,2024-03-30,14.24,Real
CL0060,2024-03-31,18.37,Real
CL0060,2024-04-01,9.79,Real
CL0060,2024-04-02,21.01,Real
CL0060,2024-04-03,11.55,Real
CL0060,2024-04-04,17.34,Real
CL0060,2024-04-05,16.87,Real
CL0060,2024-04-06,22.15,Real
CL0060,2024-04-07,17.28,Estimada
CL0060,2024-04-08,11.6,Real
CL0060,2024-04-09,14.3,Real
CL0060,2024-04-10,16.48,Real
CL0060,2024-04-11,11.31,Estimada
CL0060,2024-04-12,5.57,Real
CL0060,2024-04-13,25.58,Real
CL0060,2024-04-14,30.39,Real
CL0060,2024-04-15,10.42,Real
CL0060,2024-04-16,19.82,Estimada
CL0060,2024-04-17,21.42,Real
CL0060,2024-04-18,7.58,Real
CL0060,2024-04-19,19.02,Real
CL0060,2024-04-20,19.0,Real
CL0060,2024-04-21,17.27,Real
CL0060,2024-04-22,13.25,Real
CL0060,2024-04-23,11.29,Real
CL0060,2024-04-24,10.38,Real
CL0060,2024-04-25,14.96,Real
CL0060,2024-04-26,14.19,Real
CL0060,2024-04-27,19.3,Real
CL0060,2024-04-28,19.44,Real
CL0060,2024-04-29,6.85,Real
CL0060,2024-04-30,22.96,Real
CL0060,2024-05-01,18.4,Real
CL0060,2024-05-02,12.89,Real
CL0060,2024-05-03,5.52,Estimada
CL0060,2024-05-04,21.37,Real
CL0060,2024-05-05,25.57,Real
CL0060,2024-05-06,14.28,Real
CL0060,2024-05-07,20.1,Real
CL0060,2024-05-08,16.73,Real
CL0060,2024-05-09,10.34,Estimada
CL0060,2024-05-10,15.52,Real
CL0060,2024-05-11,23.94,Real
CL0060,2024-05-12,11.71,Real
CL0060,2024-05-13,11.83,Real
CL0060,2024-05-14,15.92,Real
CL0060,2024-05-15,18.41,Real
CL0060,2024-05-16,12.88,Real
CL0060,2024-05-17,19.38,Real
CL0060,2024-05-18,14.56,Real
CL0060,2024-05-19,25.38,Real
CL0060,2024-05-20,8.12,Real
CL0060,2024-05-21,8.46,Real
CL0060,2024-05-22,8.61,Real
CL0060,2024-05-23,18.0,Real
CL0060,2024-05-24,15.76,Real
CL0060,2024-05-25,17.28,Real
CL0060,2024-05-26,26.06,Real
CL0060,2024-05-27,13.08,Real
CL0060,2024-05-28,13.87,Real
CL0060,2024-05-29,24.17,Estimada
CL0060,2024-05-30,21.61,Real
CL0060,2024-05-31,21.05,Real
CL0060,2024-06-01,25.88,Estimada
CL0060,2024-06-02,35.11,Real
CL0060,2024-06-03,18.03,Real
CL0060,2024-06-04,16.88,Real
CL0060,2024-06-05,17.79,Real
CL0060,2024-06-06,13.42,Real
CL0060,2024-06-07,21.86,Real
CL0060,2024-06-08,34.7,Real
CL0060,2024-06-09,29.52,Real
CL0060,2024-06-10,21.35,Real
CL0060,2024-06-11,25.72,Estimada
CL0060,2024-06-12,17.27,Real
CL0060,2024-06-13,15.65,Real
CL0060,2024-06-14,17.06,Real
CL0060,2024-06-15,25.77,Real
CL0060,2024-06-16,26.09,Real
CL0060,2024-06-17,17.21,Real
CL0060,2024-06-18,20.3,Real
CL0060,2024-06-19,18.13,Real
CL0060,2024-06-20,19.35,Real
CL0060,2024-06-21,21.19,Real
CL0060,2024-06-22,25.13,Real
CL0060,2024-06-23,28.63,Real
CL0060,2024-06-24,18.34,Real
CL0060,2024-06-25,20.19,Real
CL0060,2024-06-26,15.21,Real
CL0060,2024-06-27,17.3,Real
CL0060,2024-06-28,25.19,Real
CL0061,2024-01-01,22.09,Real
CL0061,2024-01-02,16.65,Real
CL0061,2024-01-03,16.17,Real
CL0061,2024-01-04,23.31,Real
CL0061,2024-01-05,31.54,Real
CL0061,2024-01-06,33.7,Real
CL0061,2024-01-07,28.63,Real
CL0061,2024-01-08,14.88,Real
CL0061,2024-01-09,22.28,Real
CL0061,2024-01-10,18.77,Real
CL0061,2024-01-11,24.23,Real
CL0061,2024-01-12,17.15,Real
CL0061,2024-01-13,20.09,Real
CL0061,2024-01-14,30.15,Real
CL0061,2024-01-15,15.34,Real
CL0061,2024-01-16,19.81,Real
CL0061,2024-01-17,20.12,Real
CL0061,2024-01-18,17.48,Real
CL0061,2024-01-19,18.99,Real
CL0061,2024-01-20,34.57,Real
CL0061,2024-01-21,31.63,Real
CL0061,2024-01-22,22.23,Real
CL0061,2024-01-23,24.95,Real
CL0061,2024-01-24,17.67,Real
CL0061,2024-01-25,19.62,Real
CL0061,2024-01-26,10.83,Real
CL0061,2024-01-27,27.57,Real
CL0061,2024-01-28,29.93,Real
CL0061,2024-01-29,9.45,Real
CL0061,2024-01-30,30.7,Estimada
CL0061,2024-01-31,15.46,Real
CL0061,2024-02-01,17.95,Real
CL0061,2024-02-02,15.62,Real
CL0061,2024-02-03,8.44,Real
CL0061,2024-02-04,21.57,Estimada
CL0061,2024-02-05,9.01,Real
CL0061,2024-02-06,11.47,Real
CL0061,2024-02-07,19.87,Real
CL0061,2024-02-08,5.65,Real
CL0061,2024-02-09,9.61,Real
CL0061,2024-02-10,27.42,Real
CL0061,2024-02-11,16.08,Real
CL0061,2024-02-12,11.53,Real
CL0061,2024-02-13,7.74,Real
CL0061,2024-02-14,18.62,Real
CL0061,2024-02-15,24.79,Real
CL0061,2024-02-16,15.66,Real
CL0061,2024-02-17,23.62,Estimada
CL0061,2024-02-18,13.37,Real
CL0061,2024-02-19,9.07,Real
CL0061,2024-02-20,20.98,Real
CL0061,2024-02-21,20.11,Real
CL0061,2024-02-22,10.96,Real
CL0061,2024-02-23,15.82,Real
CL0061,2024-02-24,27.45,Real
CL0061,2024-02-25,34.98,Real
CL0061,2024-02-26,17.31,Real
CL0061,2024-02-27,7.5,Real
CL0061,2024-02-28,8.95,Real
CL0061,2024-02-29,7.75,Real
CL0061,2024-03-01,13.8,Real
CL0061,2024-03-02,8.91,Estimada
CL0061,2024-03-03,20.72,Real
CL0061,2024-03-04,19.13,Real
CL0061,2024-03-05,16.76,Real
CL0061,2024-03-06,9.97,Real
CL0061,2024-03-07,18.77,Real
CL0061,2024-03-08,5.2,Real
CL0061,2024-03-09,15.61,Real
CL0061,2024-03-10,18.15,Estimada
CL0061,2024-03-11,2.12,Real
CL0061,2024-03-12,19.29,Real
CL0061,2024-03-13,12.62,Real
CL0061,2024-03-14,12.2,Real
CL0061,2024-03-15,25.98,Real
CL0061,2024-03-16,20.7,Real
CL0061,2024-03-17,25.72,Real
CL0061,2024-03-18,17.5,Real
CL0061,2024-03-19,16.66,Estimada
CL0061,2024-03-20,15.12,Real
CL0061,2024-03-21,14.15,Real
CL0061,2024-03-22,10.03,Real
CL0061,2024-03-23,21.13,Real
CL0061,2024-03-24,22.19,Estimada
CL0061,2024-03-25,11.91,Real
CL0061,2024-03-26,10.21,Real
CL0061,2024-03-27,3.7,Real
CL0061,2024-03-28,23.14,Real
CL0061,2024-03-29,14.41,Real
CL0061,2024-03-30,20.42,Real
CL0061,2024-03-31,19.24,Real
CL0061,2024-04-01,26.31,Real
CL0061,2024-04-02,8.79,Real
CL0061,2024-04-03,25.02,Real
CL0061,2024-04-04,16.63,Real
CL0061,2024-04-05,7.17,Real
CL0061,2024-04-06,23.5,Real
CL0061,2024-04-07,16.45,Estimada
CL0061,2024-04-08,13.81,Estimada
CL0061,2024-04-09,13.79,Real
CL0061,2024-04-10,22.3,Real
CL0061,2024-04-11,2.63,Real
CL0061,2024-04-12,13.34,Real
CL0061,2024-04-13,13.15,Real
CL0061,2024-04-14,19.23,Real
CL0061,2024-04-15,4.83,Real
CL0061,2024-04-16,15.8,Real
CL0061,2024-04-17,9.8,Real
CL0061,2024-04-18,15.78,Real
CL0061,2024-04-19,20.35,Real
CL0061,2024-04-20,21.78,Real
CL0061,2024-04-21,22.14,Real
CL0061,2024-04-22,18.75,Real
CL0061,2024-04-23,19.72,Real
CL0061,2024-04-24,17.39,Real
CL0061,2024-04-25,11.78,Real
CL0061,2024-04-26,18.29,Real
CL0061,2024-04-27,15.71,Real
CL0061,2024-04-28,15.8,Real
CL0061,2024-04-29,16.48,Estimada
CL0061,2024-04-30,19.04,Real
CL0061,2024-05-01,16.35,Real
CL0061,2024-05-02,2.22,Real
CL0061,2024-05-03,1.03,Estimada
CL0061,2024-05-04,10.85,Estimada
CL0061,2024-05-05,19.57,Real
CL0061,2024-05-06,19.86,Real
CL0061,2024-05-07,10.79,Real
CL0061,2024-05-08,29.99,Real
CL0061,2024-05-09,17.62,Real
CL0061,2024-05-10,14.3,Real
CL0061,2024-05-11,19.62,Real
CL0061,2024-05-12,26.17,Real
CL0061,2024-05-13,13.57,Real
CL0061,2024-05-14,21.33,Real
CL0061,2024-05-15,20.7,Real
CL0061,2024-05-16,20.84,Real
CL0061,2024-05-17,14.97,Real
CL0061,2024-05-18,23.56,Real
CL0061,2024-05-19,12.41,Real
CL0061,2024-05-20,8.89,Real
CL0061,2024-05-21,22.14,Real
CL0061,2024-05-22,14.96,Real
CL0061,2024-05-23,11.31,Real
CL0061,2024-05-24,9.74,Real
CL0061,2024-05-25,23.72,Real
CL0061,2024-05-26,35.53,Real
CL0061,2024-05-27,8.16,Real
CL0061,2024-05-28,18.34,Real
CL0061,2024-05-29,13.14,Estimada
CL0061,2024-05-30,24.29,Real
CL0061,2024-05-31,21.75,Real
CL0061,2024-06-01,27.96,Real
CL0061,2024-06-02,22.03,Real
CL0061,2024-06-03,24.28,Real
CL0061,2024-06-04,21.43,Real
CL0061,2024-06-05,17.96,Real
CL0061,2024-06-06,21.53,Real
CL0061,2024-06-07,18.48,Real
CL0061,2024-06-08,32.73,Real
CL0061,2024-06-09,24.53,Real
CL0061,2024-06-10,22.9,Estimada
CL0061,2024-06-11,14.46,Real
CL0061,2024-06-12,11.81,Real
CL0061,2024-06-13,20.91,Estimada
CL0061,2024-06-14,18.6,Estimada
CL0061,2024-06-15,27.22,Real
CL0061,2024-06-16,28.77,Real
CL0061,2024-06-17,20.73,Real
CL0061,2024-06-18,16.95,Real
CL0061,2024-06-19,20.9,Real
CL0061,2024-06-20,22.09,Real
CL0061,2024-06-21,18.78,Real
CL0061,2024-06-22,36.24,Real
CL0061,2024-06-23,31.01,Real
CL0061,2024-06-24,21.32,Estimada
CL0061,2024-06-25,19.14,Real
CL0061,2024-06-26,17.77,Real
CL0061,2024-06-27,28.38,Estimada
CL0061,2024-06-28,17.39,Real
CL0062,2024-01-01,9.53,Real
CL0062,2024-01-02,19.93,Real
CL0062,2024-01-03,9.66,Real
CL0062,2024-01-04,17.15,Real
CL0062,2024-01-05,11.11,Real
CL0062,2024-01-06,27.52,Real
CL0062,2024-01-07,19.15,Real
CL0062,2024-01-08,15.8,Real
CL0062,2024-01-09,13.49,Real
CL0062,2024-01-10,19.7,Real
CL0062,2024-01-11,13.65,Real
CL0062,2024-01-12,16.31,Real
CL0062,2024-01-13,21.84,Real
CL0062,2024-01-14,20.93,Real
CL0062,2024-01-15,15.12,Real
CL0062,2024-01-16,8.54,Real
CL0062,2024-01-17,19.73,Real
CL0062,2024-01-18,18.59,Real
CL0062,2024-01-19,17.46,Real
CL0062,2024-01-20,22.26,Real
CL0062,2024-01-21,17.16,Real
CL0062,2024-01-22,17.08,Real
CL0062,2024-01-23,18.68,Real
CL0062,2024-01-24,9.47,Real
CL0062,2024-01-25,17.84,Real
CL0062,2024-01-26,13.5,Estimada
CL0062,2024-01-27,26.35,Estimada
CL0062,2024-01-28,19.46,Real
CL0062,2024-01-29,14.35,Estimada
CL0062,2024-01-30,18.07,Estimada
CL0062,2024-01-31,15.43,Real
CL0062,2024-02-01,13.27,Real
CL0062,2024-02-02,12.69,Real
CL0062,2024-02-03,22.86,Real
CL0062,2024-02-04,18.79,Estimada
CL0062,2024-02-05,5.99,Real
CL0062,2024-02-06,11.65,Real
CL0062,2024-02-07,11.34,Real
CL0062,2024-02-08,5.34,Real
CL0062,2024-02-09,17.62,Real
CL0062,2024-02-10,17.58,Estimada
CL0062,2024-02-11,14.9,Real
CL0062,2024-02-12,8.91,Real
CL0062,2024-02-13,12.7,Real
CL0062,2024-02-14,8.04,Real
CL0062,2024-02-15,6.49,Real
CL0062,2024-02-16,10.6,Real
CL0062,2024-02-17,14.41,Real
CL0062,2024-02-18,26.78,Estimada
CL0062,2024-02-19,9.91,Real
CL0062,2024-02-20,6.16,Real
CL0062,2024-02-21,8.6,Real
CL0062,2024-02-22,5.59,Real
CL0062,2024-02-23,12.44,Real
CL0062,2024-02-24,19.0,Real
CL0062,2024-02-25,18.46,Real
CL0062,2024-02-26,14.25,Real
CL0062,2024-02-27,10.48,Real
CL0062,2024-02-28,6.67,Real
CL0062,2024-02-29,7.18,Real
CL0062,2024-03-01,16.92,Real
CL0062,2024-03-02,7.62,Real
CL0062,2024-03-03,19.2,Real
CL0062,2024-03-04,0.5,Real
CL0062,2024-03-05,6.97,Real
CL0062,2024-03-06,12.91,Real
CL0062,2024-03-07,14.62,Real
CL0062,2024-03-08,6.08,Real
CL0062,2024-03-09,17.65,Real
CL0062,2024-03-10,18.19,Real
CL0062,2024-03-11,7.59,Real
CL0062,2024-03-12,5.64,Real
CL0062,2024-03-13,17.2,Real
CL0062,2024-03-14,18.13,Real
CL0062,2024-03-15,9.34,Estimada
CL0062,2024-03-16,18.94,Real
CL0062,2024-03-17,18.45,Real
CL0062,2024-03-18,6.32,Real
CL0062,2024-03-19,9.25,Real
CL0062,2024-03-20,18.74,Estimada
CL0062,2024-03-21,12.57,Real
CL0062,2024-03-22,14.98,Estimada
CL0062,2024-03-23,20.18,Real
CL0062,2024-03-24,25.08,Estimada
CL0062,2024-03-25,12.8,Real
CL0062,2024-03-26,8.41,Real
CL0062,2024-03-27,8.25,Estimada
CL0062,2024-03-28,7.67,Real
CL0062,2024-03-29,9.78,Real
CL0062,2024-03-30,20.33,Real
CL0062,2024-03-31,17.81,Real
CL0062,2024-04-01,11.62,Real
CL0062,2024-04-02,15.26,Real
CL0062,2024-04-03,16.94,Estimada
CL0062,2024-04-04,16.42,Real
CL0062,2024-04-05,14.33,Real
CL0062,2024-04-06,18.71,Real
CL0062,2024-04-07,18.41,Real
CL0062,2024-04-08,7.27,Real
CL0062,2024-04-09,5.88,Real
CL0062,2024-04-10,2.79,Real
CL0062,2024-04-11,13.04,Real
CL0062,2024-04-12,12.6,Real
CL0062,2024-04-13,21.01,Real
CL0062,2024-04-14,18.4,Real
CL0062,2024-04-15,9.12,Real
CL0062,2024-04-16,7.97,Real
CL0062,2024-04-17,14.01,Real
CL0062,2024-04-18,8.37,Estimada
CL0062,2024-04-19,15.64,Real
CL0062,2024-04-20,16.8,Real
CL0062,2024-04-21,13.88,Real
CL0062,2024-04-22,13.32,Real
CL0062,2024-04-23,15.52,Real
CL0062,2024-04-24,3.42,Real
CL0062,2024-04-25,9.42,Real
CL0062,2024-04-26,6.66,Real
CL0062,2024-04-27,15.88,Real
CL0062,2024-04-28,20.3,Real
CL0062,2024-04-29,11.34,Real
CL0062,2024-04-30,12.58,Real
CL0062,2024-05-01,16.11,Real
CL0062,2024-05-02,18.15,Real
CL0062,2024-05-03,13.59,Real
CL0062,2024-05-04,16.07,Real
CL0062,2024-05-05,12.4,Real
CL0062,2024-05-06,20.63,Real
CL0062,2024-05-07,12.35,Real
CL0062,2024-05-08,15.02,Real
CL0062,2024-05-09,12.66,Real
CL0062,2024-05-10,16.82,Real
CL0062,2024-05-11,19.37,Real
CL0062,2024-05-12,25.13,Real
CL0062,2024-05-13,16.72,Real
CL0062,2024-05-14,19.72,Real
CL0062,2024-05-15,11.38,Real
CL0062,2024-05-16,5.43,Real
CL0062,2024-05-17,11.76,Real
CL0062,2024-05-18,17.61,Real
CL0062,2024-05-19,23.41,Real
CL0062,2024-05-20,13.56,Real
CL0062,2024-05-21,9.17,Real
CL0062,2024-05-22,17.78,Real
CL0062,2024-05-23,17.96,Real
CL0062,2024-05-24,11.77,Real
CL0062,2024-05-25,22.72,Real
CL0062,2024-05-26,13.47,Real
CL0062,2024-05-27,17.19,Real
CL0062,2024-05-28,13.59,Real
CL0062,2024-05-29,6.27,Real
CL0062,2024-05-30,9.24,Real
CL0062,2024-05-31,14.15,Real
CL0062,2024-06-01,28.19,Real
CL0062,2024-06-02,21.97,Real
CL0062,2024-06-03,19.83,Real
CL0062,2024-06-04,17.04,Real
CL0062,2024-06-05,16.73,Real
CL0062,2024-06-06,13.45,Real
CL0062,2024-06-07,17.04,Real
CL0062,2024-06-08,27.27,Real
CL0062,2024-06-09,27.94,Real
CL0062,2024-06-10,29.12,Real
CL0062,2024-06-11,15.81,Real
CL0062,2024-06-12,17.38,Real
CL0062,2024-06-13,19.54,Real
CL0062,2024-06-14,14.84,Real
CL0062,2024-06-15,27.54,Real
CL0062,2024-06-16,28.38,Real
CL0062,2024-06-17,18.78,Real
CL0062,2024-06-18,16.88,Real
CL0062,2024-06-19,20.29,Real
CL0062,2024-06-20,18.02,Real
CL0062,2024-06-21,18.22,Real
CL0062,2024-06-22,23.2,Real
CL0062,2024-06-23,27.22,Real
CL0062,2024-06-24,13.12,Real
CL0062,2024-06-25,18.3,Estimada
CL0062,2024-06-26,18.39,Real
CL0062,2024-06-27,13.02,Real
CL0062,2024-06-28,25.98,Real
CL0063,2024-01-01,62.41,Real
CL0063,2024-01-02,46.48,Real
CL0063,2024-01-03,56.71,Real
CL0063,2024-01-04,50.4,Estimada
CL0063,2024-01-05,37.34,Real
CL0063,2024-01-06,31.0,Real
CL0063,2024-01-07,26.66,Real
CL0063,2024-01-08,42.91,Real
CL0063,2024-01-09,43.38,Real
CL0063,2024-01-10,40.34,Real
CL0063,2024-01-11,51.82,Real
CL0063,2024-01-12,59.01,Estimada
CL0063,2024-01-13,57.05,Estimada
CL0063,2024-01-14,38.72,Real
CL0063,2024-01-15,53.11,Real
CL0063,2024-01-16,56.13,Real
CL0063,2024-01-17,44.78,Real
CL0063,2024-01-18,41.6,Real
CL0063,2024-01-19,51.52,Real
CL0063,2024-01-20,35.64,Real
CL0063,2024-01-21,42.12,Estimada
CL0063,2024-01-22,56.19,Real
CL0063,2024-01-23,55.41,Real
CL0063,2024-01-24,49.12,Real
CL0063,2024-01-25,68.67,Estimada
CL0063,2024-01-26,55.27,Real
CL0063,2024-01-27,46.5,Estimada
CL0063,2024-01-28,30.81,Real
CL0063,2024-01-29,55.26,Real
CL0063,2024-01-30,51.43,Real
CL0063,2024-01-31,50.12,Real
CL0063,2024-02-01,31.82,Real
CL0063,2024-02-02,29.97,Real
CL0063,2024-02-03,0.59,Real
CL0063,2024-02-04,37.8,Real
CL0063,2024-02-05,40.46,Real
CL0063,2024-02-06,35.8,Real
CL0063,2024-02-07,31.37,Real
CL0063,2024-02-08,44.05,Real
CL0063,2024-02-09,36.19,Real
CL0063,2024-02-10,43.8,Real
CL0063,2024-02-11,33.46,Real
CL0063,2024-02-12,40.17,Real
CL0063,2024-02-13,66.47,Real
CL0063,2024-02-14,43.83,Real
CL0063,2024-02-15,60.47,Real
CL0063,2024-02-16,37.08,Real
CL0063,2024-02-17,34.86,Real
CL0063,2024-02-18,33.2,Real
CL0063,2024-02-19,43.01,Real
CL0063,2024-02-20,14.94,Real
CL0063,2024-02-21,36.35,Real
CL0063,2024-02-22,66.07,Real
CL0063,2024-02-23,36.63,Real
CL0063,2024-02-24,15.05,Real
CL0063,2024-02-25,30.14,Real
CL0063,2024-02-26,47.45,Real
CL0063,2024-02-27,35.69,Real
CL0063,2024-02-28,47.22,Real
CL0063,2024-02-29,40.89,Real
CL0063,2024-03-01,47.59,Real
CL0063,2024-03-02,22.68,Real
CL0063,2024-03-03,5.78,Estimada
CL0063,2024-03-04,30.61,Real
CL0063,2024-03-05,45.27,Real
CL0063,2024-03-06,34.89,Real
CL0063,2024-03-07,55.48,Real
CL0063,2024-03-08,39.14,Real
CL0063,2024-03-09,9.94,Real
CL0063,2024-03-10,40.45,Real
CL0063,2024-03-11,37.67,Estimada
CL0063,2024-03-12,41.0,Real
CL0063,2024-03-13,37.05,Estimada
CL0063,2024-03-14,40.84,Real
CL0063,2024-03-15,40.23,Real
CL0063,2024-03-16,27.01,Real
CL0063,2024-03-17,17.09,Real
CL0063,2024-03-18,25.4,Real
CL0063,2024-03-19,40.27,Real
CL0063,2024-03-20,34.54,Real
CL0063,2024-03-21,59.66,Real
CL0063,2024-03-22,43.05,Real
CL0063,2024-03-23,31.3,Real
CL0063,2024-03-24,32.42,Estimada
CL0063,2024-03-25,56.21,Real
CL0063,2024-03-26,37.43,Real
CL0063,2024-03-27,35.48,Real
CL0063,2024-03-28,48.27,Real
CL0063,2024-03-29,42.33,Real
CL0063,2024-03-30,31.61,Real
CL0063,2024-03-31,18.27,Estimada
CL0063,2024-04-01,53.8,Real
CL0063,2024-04-02,56.62,Real
CL0063,2024-04-03,34.09,Real
CL0063,2024-04-04,50.9,Real
CL0063,2024-04-05,31.6,Real
CL0063,2024-04-06,40.1,Real
CL0063,2024-04-07,50.1,Real
CL0063,2024-04-08,43.38,Real
CL0063,2024-04-09,41.5,Estimada
CL0063,2024-04-10,43.28,Estimada
CL0063,2024-04-11,49.52,Real
CL0063,2024-04-12,52.03,Real
CL0063,2024-04-13,21.34,Real
CL0063,2024-04-14,32.55,Real
CL0063,2024-04-15,21.73,Real
CL0063,2024-04-16,39.36,Real
CL0063,2024-04-17,45.25,Real
CL0063,2024-04-18,67.43,Real
CL0063,2024-04-19,47.99,Real
CL0063,2024-04-20,40.47,Real
CL0063,2024-04-21,29.19,Real
CL0063,2024-04-22,31.46,Real
CL0063,2024-04-23,41.44,Estimada
CL0063,2024-04-24,36.05,Estimada
CL0063,2024-04-25,44.17,Real
CL0063,2024-04-26,43.77,Real
CL0063,2024-04-27,22.54,Real
CL0063,2024-04-28,7.13,Real
CL0063,2024-04-29,35.93,Real
CL0063,2024-04-30,36.11,Real
CL0063,2024-05-01,29.8,Estimada
CL0063,2024-05-02,36.21,Estimada
CL0063,2024-05-03,67.84,Real
CL0063,2024-05-04,35.0,Real
CL0063,2024-05-05,41.63,Real
CL0063,2024-05-06,48.81,Real
CL0063,2024-05-07,40.05,Real
CL0063,2024-05-08,32.46,Real
CL0063,2024-05-09,48.11,Real
CL0063,2024-05-10,54.34,Real
CL0063,2024-05-11,49.39,Real
CL0063,2024-05-12,33.98,Real
CL0063,2024-05-13,57.86,Real
CL0063,2024-05-14,22.98,Real
CL0063,2024-05-15,29.29,Real
CL0063,2024-05-16,47.58,Real
CL0063,2024-05-17,55.07,Real
CL0063,2024-05-18,23.27,Real
CL0063,2024-05-19,44.02,Estimada
CL0063,2024-05-20,51.07,Real
CL0063,2024-05-21,63.05,Real
CL0063,2024-05-22,60.39,Real
CL0063,2024-05-23,56.08,Real
CL0063,2024-05-24,47.56,Real
CL0063,2024-05-25,38.59,Real
CL0063,2024-05-26,50.02,Real
CL0063,2024-05-27,65.5,Estimada
CL0063,2024-05-28,67.14,Real
CL0063,2024-05-29,30.5,Estimada
CL0063,2024-05-30,21.82,Real
CL0063,2024-05-31,38.64,Real
CL0063,2024-06-01,46.99,Real
CL0063,2024-06-02,60.58,Real
CL0063,2024-06-03,43.37,Real
CL0063,2024-06-04,55.25,Real
CL0063,2024-06-05,53.08,Real
CL0063,2024-06-06,66.38,Real
CL0063,2024-06-07,63.86,Real
CL0063,2024-06-08,31.07,Real
CL0063,2024-06-09,51.39,Estimada
CL0063,2024-06-10,57.5,Real
CL0063,2024-06-11,51.8,Real
CL0063,2024-06-12,52.31,Real
CL0063,2024-06-13,33.24,Real
CL0063,2024-06-14,70.21,Estimada
CL0063,2024-06-15,50.43,Real
CL0063,2024-06-16,37.09,Real
CL0063,2024-06-17,40.2,Real
CL0063,2024-06-18,74.87,Real
CL0063,2024-06-19,62.73,Real
CL0063,2024-06-20,55.02,Real
CL0063,2024-06-21,74.17,Real
CL0063,2024-06-22,65.44,Real
CL0063,2024-06-23,50.71,Estimada
CL0063,2024-06-24,78.16,Real
CL0063,2024-06-25,56.77,Estimada
CL0063,2024-06-26,77.99,Real
CL0063,2024-06-27,49.52,Real
CL0063,2024-06-28,35.18,Estimada
CL0064,2024-01-01,88.74,Real
CL0064,2024-01-02,118.79,Real
CL0064,2024-01-03,127.92,Real
CL0064,2024-01-04,114.4,Real
CL0064,2024-01-05,57.22,Estimada
CL0064,2024-01-06,93.7,Real
CL0064,2024-01-07,100.87,Real
CL0064,2024-01-08,140.7,Real
CL0064,2024-01-09,143.88,Real
CL0064,2024-01-10,158.06,Real
CL0064,2024-01-11,122.03,Real
CL0064,2024-01-12,140.4,Real
CL0064,2024-01-13,63.71,Real
CL0064,2024-01-14,91.48,Real
CL0064,2024-01-15,141.89,Real
CL0064,2024-01-16,146.17,Real
CL0064,2024-01-17,105.37,Real
CL0064,2024-01-18,112.75,Real
CL0064,2024-01-19,128.59,Estimada
CL0064,2024-01-20,83.93,Real
CL0064,2024-01-21,132.08,Real
CL0064,2024-01-22,106.1,Real
CL0064,2024-01-23,130.49,Real
CL0064,2024-01-24,159.52,Real
CL0064,2024-01-25,143.67,Real
CL0064,2024-01-26,149.93,Real
CL0064,2024-01-27,133.28,Real
CL0064,2024-01-28,63.77,Real
CL0064,2024-01-29,154.96,Real
CL0064,2024-01-30,159.43,Real
CL0064,2024-01-31,144.99,Real
CL0064,2024-02-01,44.44,Real
CL0064,2024-02-02,102.04,Real
CL0064,2024-02-03,33.24,Real
CL0064,2024-02-04,85.5,Real
CL0064,2024-02-05,74.83,Estimada
CL0064,2024-02-06,88.85,Real
CL0064,2024-02-07,122.48,Real
CL0064,2024-02-08,160.04,Estimada
CL0064,2024-02-09,161.63,Real
CL0064,2024-02-10,103.41,Real
CL0064,2024-02-11,82.67,Real
CL0064,2024-02-12,54.56,Estimada
CL0064,2024-02-13,106.37,Real
CL0064,2024-02-14,139.49,Estimada
CL0064,2024-02-15,101.14,Real
CL0064,2024-02-16,94.27,Real
CL0064,2024-02-17,54.86,Real
CL0064,2024-02-18,34.6,Real
CL0064,2024-02-19,89.22,Real
CL0064,2024-02-20,101.57,Real
CL0064,2024-02-21,122.81,Real
CL0064,2024-02-22,153.96,Real
CL0064,2024-02-23,55.35,Estimada
CL0064,2024-02-24,90.95,Real
CL0064,2024-02-25,158.85,Real
CL0064,2024-02-26,139.5,Estimada
CL0064,2024-02-27,81.37,Real
CL0064,2024-02-28,90.13,Real
CL0064,2024-02-29,92.07,Real
CL0064,2024-03-01,139.47,Estimada
CL0064,2024-03-02,97.69,Real
CL0064,2024-03-03,72.95,Real
CL0064,2024-03-04,80.05,Real
CL0064,2024-03-05,90.65,Real
CL0064,2024-03-06,90.3,Estimada
CL0064,2024-03-07,160.92,Real
CL0064,2024-03-08,77.99,Real
CL0064,2024-03-09,140.6,Real
CL0064,2024-03-10,104.31,Real
CL0064,2024-03-11,68.81,Real
CL0064,2024-03-12,58.54,Real
CL0064,2024-03-13,101.22,Real
CL0064,2024-03-14,110.45,Real
CL0064,2024-03-15,154.22,Real
CL0064,2024-03-16,117.0,Real
CL0064,2024-03-17,38.02,Real
CL0064,2024-03-18,86.68,Real
CL0064,2024-03-19,45.09,Real
CL0064,2024-03-20,111.74,Real
CL0064,2024-03-21,130.54,Real
CL0064,2024-03-22,135.47,Real
CL0064,2024-03-23,49.8,Real
CL0064,2024-03-24,22.65,Estimada
CL0064,2024-03-25,104.57,Real
CL0064,2024-03-26,123.32,Real
CL0064,2024-03-27,129.94,Real
CL0064,2024-03-28,133.49,Real
CL0064,2024-03-29,64.16,Real
CL0064,2024-03-30,106.05,Real
CL0064,2024-03-31,75.62,Real
CL0064,2024-04-01,144.28,Real
CL0064,2024-04-02,109.26,Real
CL0064,2024-04-03,93.25,Real
CL0064,2024-04-04,81.93,Real
CL0064,2024-04-05,128.27,Real
CL0064,2024-04-06,65.04,Real
CL0064,2024-04-07,45.79,Real
CL0064,2024-04-08,126.86,Estimada
CL0064,2024-04-09,89.68,Real
CL0064,2024-04-10,105.9,Real
CL0064,2024-04-11,172.77,Real
CL0064,2024-04-12,112.92,Real
CL0064,2024-04-13,65.8,Real
CL0064,2024-04-14,83.37,Real
CL0064,2024-04-15,92.59,Real
CL0064,2024-04-16,89.63,Real
CL0064,2024-04-17,143.12,Real
CL0064,2024-04-18,91.91,Real
CL0064,2024-04-19,157.97,Real
CL0064,2024-04-20,112.56,Real
CL0064,2024-04-21,71.28,Real
CL0064,2024-04-22,106.72,Real
CL0064,2024-04-23,93.91,Real
CL0064,2024-04-24,56.81,Real
CL0064,2024-04-25,107.26,Real
CL0064,2024-04-26,45.17,Real
CL0064,2024-04-27,88.06,Real
CL0064,2024-04-28,122.14,Real
CL0064,2024-04-29,113.06,Real
CL0064,2024-04-30,69.02,Real
CL0064,2024-05-01,74.51,Real
CL0064,2024-05-02,108.72,Real
CL0064,2024-05-03,90.38,Real
CL0064,2024-05-04,114.19,Real
CL0064,2024-05-05,72.36,Real
CL0064,2024-05-06,130.13,Real
CL0064,2024-05-07,182.39,Real
CL0064,2024-05-08,154.21,Real
CL0064,2024-05-09,146.06,Real
CL0064,2024-05-10,95.09,Real
CL0064,2024-05-11,93.68,Real
CL0064,2024-05-12,79.3,Real
CL0064,2024-05-13,138.84,Real
CL0064,2024-05-14,99.74,Real
CL0064,2024-05-15,141.58,Real
CL0064,2024-05-16,79.18,Real
CL0064,2024-05-17,56.47,Real
CL0064,2024-05-18,120.45,Real
CL0064,2024-05-19,103.99,Real
CL0064,2024-05-20,40.45,Real
CL0064,2024-05-21,108.47,Real
CL0064,2024-05-22,93.38,Real
CL0064,2024-05-23,107.4,Real
CL0064,2024-05-24,134.14,Real
CL0064,2024-05-25,132.43,Real
CL0064,2024-05-26,108.0,Real
CL0064,2024-05-27,172.45,Real
CL0064,2024-05-28,130.58,Real
CL0064,2024-05-29,170.12,Real
CL0064,2024-05-30,95.6,Real
CL0064,2024-05-31,165.66,Real
CL0064,2024-06-01,115.76,Estimada
CL0064,2024-06-02,141.73,Estimada
CL0064,2024-06-03,162.47,Real
CL0064,2024-06-04,166.64,Real
CL0064,2024-06-05,148.59,Real
CL0064,2024-06-06,185.79,Real
CL0064,2024-06-07,208.55,Real
CL0064,2024-06-08,121.99,Estimada
CL0064,2024-06-09,139.82,Real
CL0064,2024-06-10,151.58,Real
CL0064,2024-06-11,141.84,Real
CL0064,2024-06-12,110.89,Real
CL0064,2024-06-13,132.3,Real
CL0064,2024-06-14,222.43,Estimada
CL0064,2024-06-15,83.01,Real
CL0064,2024-06-16,136.61,Real
CL0064,2024-06-17,181.05,Real
CL0064,2024-06-18,208.99,Real
CL0064,2024-06-19,208.72,Real
CL0064,2024-06-20,198.44,Real
CL0064,2024-06-21,133.82,Real
CL0064,2024-06-22,47.48,Real
CL0064,2024-06-23,163.03,Real
CL0064,2024-06-24,152.57,Real
CL0064,2024-06-25,181.8,Estimada
CL0064,2024-06-26,127.36,Real
CL0064,2024-06-27,146.58,Real
CL0064,2024-06-28,172.06,Real
CL0065,2024-01-01,11.18,Real
CL0065,2024-01-02,8.12,Real
CL0065,2024-01-03,11.37,Real
CL0065,2024-01-04,8.55,Real
CL0065,2024-01-05,11.71,Real
CL0065,2024-01-06,12.04,Real
CL0065,2024-01-07,13.65,Real
CL0065,2024-01-08,11.63,Real
CL0065,2024-01-09,10.11,Real
CL0065,2024-01-10,7.79,Real
CL0065,2024-01-11,9.17,Estimada
CL0065,2024-01-12,12.85,Real
CL0065,2024-01-13,14.52,Real
CL0065,2024-01-14,11.72,Real
CL0065,2024-01-15,6.35,Real
CL0065,2024-01-16,12.08,Real
CL0065,2024-01-17,11.97,Real
CL0065,2024-01-18,9.54,Real
CL0065,2024-01-19,12.69,Real
CL0065,2024-01-20,14.52,Real
CL0065,2024-01-21,15.58,Real
CL0065,2024-01-22,7.98,Real
CL0065,2024-01-23,8.7,Real
CL0065,2024-01-24,13.71,Real
CL0065,2024-01-25,5.51,Real
CL0065,2024-01-26,9.14,Estimada
CL0065,2024-01-27,11.22,Real
CL0065,2024-01-28,14.8,Real
CL0065,2024-01-29,11.53,Real
CL0065,2024-01-30,10.26,Real
CL0065,2024-01-31,11.93,Real
CL0065,2024-02-01,5.38,Real
CL0065,2024-02-02,3.35,Real
CL0065,2024-02-03,10.49,Real
CL0065,2024-02-04,12.09,Real
CL0065,2024-02-05,6.38,Real
CL0065,2024-02-06,8.1,Real
CL0065,2024-02-07,8.78,Estimada
CL0065,2024-02-08,7.14,Real
CL0065,2024-02-09,7.54,Real
CL0065,2024-02-10,7.23,Real
CL0065,2024-02-11,14.38,Real
CL0065,2024-02-12,10.68,Real
CL0065,2024-02-13,5.25,Real
CL0065,2024-02-14,11.0,Real
CL0065,2024-02-15,9.18,Real
CL0065,2024-02-16,10.44,Real
CL0065,2024-02-17,15.64,Real
CL0065,2024-02-18,16.39,Real
CL0065,2024-02-19,2.98,Real
CL0065,2024-02-20,11.77,Real
CL0065,2024-02-21,5.09,Real
CL0065,2024-02-22,10.75,Real
CL0065,2024-02-23,5.39,Real
CL0065,2024-02-24,7.74,Real
CL0065,2024-02-25,11.16,Estimada
CL0065,2024-02-26,5.34,Estimada
CL0065,2024-02-27,2.98,Real
CL0065,2024-02-28,3.22,Real
CL0065,2024-02-29,10.39,Real
CL0065,2024-03-01,8.97,Real
CL0065,2024-03-02,14.55,Real
CL0065,2024-03-03,13.39,Real
CL0065,2024-03-04,9.14,Real
CL0065,2024-03-05,6.78,Estimada
CL0065,2024-03-06,9.19,Real
CL0065,2024-03-07,7.54,Real
CL0065,2024-03-08,5.4,Real
CL0065,2024-03-09,16.79,Real
CL0065,2024-03-10,15.02,Real
CL0065,2024-03-11,6.91,Real
CL0065,2024-03-12,8.41,Real
CL0065,2024-03-13,9.99,Estimada
CL0065,2024-03-14,11.07,Real
CL0065,2024-03-15,8.67,Real
CL0065,2024-03-16,10.0,Real
CL0065,2024-03-17,7.78,Real
CL0065,2024-03-18,6.19,Real
CL0065,2024-03-19,2.96,Estimada
CL0065,2024-03-20,7.13,Real
CL0065,2024-03-21,8.01,Real
CL0065,2024-03-22,7.75,Real
CL0065,2024-03-23,13.69,Real
CL0065,2024-03-24,11.47,Real
CL0065,2024-03-25,10.45,Real
CL0065,2024-03-26,7.76,Real
CL0065,2024-03-27,8.89,Real
CL0065,2024-03-28,6.77,Real
CL0065,2024-03-29,4.45,Real
CL0065,2024-03-30,11.46,Real
CL0065,2024-03-31,11.61,Real
CL0065,2024-04-01,4.57,Real
CL0065,2024-04-02,11.53,Estimada
CL0065,2024-04-03,12.63,Real
CL0065,2024-04-04,4.47,Real
CL0065,2024-04-05,7.65,Real
CL0065,2024-04-06,9.07,Estimada
CL0065,2024-04-07,9.98,Real
CL0065,2024-04-08,9.9,Real
CL0065,2024-04-09,13.35,Real
CL0065,2024-04-10,11.48,Real
CL0065,2024-04-11,3.53,Real
CL0065,2024-04-12,9.36,Real
CL0065,2024-04-13,3.97,Real
CL0065,2024-04-14,13.65,Real
CL0065,2024-04-15,8.05,Real
CL0065,2024-04-16,10.0,Real
CL0065,2024-04-17,9.52,Real
CL0065,2024-04-18,9.13,Real
CL0065,2024-04-19,11.46,Real
CL0065,2024-04-20,12.5,Real
CL0065,2024-04-21,14.56,Real
CL0065,2024-04-22,7.37,Real
CL0065,2024-04-23,4.48,Real
CL0065,2024-04-24,7.93,Real
CL0065,2024-04-25,8.89,Real
CL0065,2024-04-26,9.53,Real
CL0065,2024-04-27,9.45,Real
CL0065,2024-04-28,13.93,Real
CL0065,2024-04-29,8.42,Estimada
CL0065,2024-04-30,12.16,Real
CL0065,2024-05-01,11.6,Real
CL0065,2024-05-02,7.3,Real
CL0065,2024-05-03,12.13,Real
CL0065,2024-05-04,13.72,Real
CL0065,2024-05-05,15.18,Real
CL0065,2024-05-06,9.95,Estimada
CL0065,2024-05-07,12.98,Estimada
CL0065,2024-05-08,4.99,Real
CL0065,2024-05-09,10.49,Real
CL0065,2024-05-10,7.54,Real
CL0065,2024-05-11,14.3,Real
CL0065,2024-05-12,19.55,Real
CL0065,2024-05-13,5.82,Real
CL0065,2024-05-14,6.9,Real
CL0065,2024-05-15,7.5,Real
CL0065,2024-05-16,9.94,Real
CL0065,2024-05-17,8.23,Real
CL0065,2024-05-18,16.06,Real
CL0065,2024-05-19,13.55,Real
CL0065,2024-05-20,9.65,Real
CL0065,2024-05-21,11.87,Real
CL0065,2024-05-22,9.56,Real
CL0065,2024-05-23,8.77,Real
CL0065,2024-05-24,5.45,Real
CL0065,2024-05-25,9.12,Real
CL0065,2024-05-26,13.49,Real
CL0065,2024-05-27,6.37,Real
CL0065,2024-05-28,9.23,Real
CL0065,2024-05-29,10.94,Estimada
CL0065,2024-05-30,5.99,Real
CL0065,2024-05-31,6.73,Real
CL0065,2024-06-01,19.03,Estimada
CL0065,2024-06-02,14.73,Real
CL0065,2024-06-03,10.32,Real
CL0065,2024-06-04,8.6,Real
CL0065,2024-06-05,11.13,Real
CL0065,2024-06-06,9.1,Estimada
CL0065,2024-06-07,12.97,Real
CL0065,2024-06-08,16.72,Real
CL0065,2024-06-09,15.45,Real
CL0065,2024-06-10,8.93,Real
CL0065,2024-06-11,14.17,Real
CL0065,2024-06-12,10.21,Real
CL0065,2024-06-13,14.83,Real
CL0065,2024-06-14,10.25,Real
CL0065,2024-06-15,11.89,Real
CL0065,2024-06-16,13.95,Real
CL0065,2024-06-17,13.65,Real
CL0065,2024-06-18,14.15,Real
CL0065,2024-06-19,10.84,Real
CL0065,2024-06-20,11.08,Real
CL0065,2024-06-21,11.71,Real
CL0065,2024-06-22,15.61,Real
CL0065,2024-06-23,20.28,Real
CL0065,2024-06-24,14.75,Real
CL0065,2024-06-25,11.54,Estimada
CL0065,2024-06-26,8.81,Real
CL0065,2024-06-27,8.74,Real
CL0065,2024-06-28,10.97,Estimada
CL0066,2024-01-01,13.07,Estimada
CL0066,2024-01-02,9.31,Real
CL0066,2024-01-03,10.91,Real
CL0066,2024-01-04,13.29,Real
CL0066,2024-01-05,18.29,Real
CL0066,2024-01-06,16.81,Real
CL0066,2024-01-07,25.92,Real
CL0066,2024-01-08,8.94,Real
CL0066,2024-01-09,14.56,Real
CL0066,2024-01-10,15.35,Real
CL0066,2024-01-11,12.29,Real
CL0066,2024-01-12,11.47,Real
CL0066,2024-01-13,20.4,Real
CL0066,2024-01-14,19.07,Real
CL0066,2024-01-15,11.41,Real
CL0066,2024-01-16,17.6,Estimada
CL0066,2024-01-17,9.27,Real
CL0066,2024-01-18,9.61,Real
CL0066,2024-01-19,7.5,Real
CL0066,2024-01-20,19.15,Real
CL0066,2024-01-21,22.07,Real
CL0066,2024-01-22,12.51,Real
CL0066,2024-01-23,16.07,Real
CL0066,2024-01-24,10.75,Real
CL0066,2024-01-25,9.75,Real
CL0066,2024-01-26,15.59,Real
CL0066,2024-01-27,15.74,Real
CL0066,2024-01-28,19.49,Real
CL0066,2024-01-29,10.88,Estimada
CL0066,2024-01-30,13.83,Real
CL0066,2024-01-31,13.36,Real
CL0066,2024-02-01,13.18,Estimada
CL0066,2024-02-02,16.13,Real
CL0066,2024-02-03,14.11,Real
CL0066,2024-02-04,23.11,Real
CL0066,2024-02-05,9.88,Real
CL0066,2024-02-06,15.79,Real
CL0066,2024-02-07,2.88,Real
CL0066,2024-02-08,10.21,Real
CL0066,2024-02-09,17.79,Real
CL0066,2024-02-10,16.13,Real
CL0066,2024-02-11,19.57,Real
CL0066,2024-02-12,19.12,Real
CL0066,2024-02-13,4.12,Real
CL0066,2024-02-14,10.01,Estimada
CL0066,2024-02-15,10.36,Real
CL0066,2024-02-16,2.77,Real
CL0066,2024-02-17,14.9,Real
CL0066,2024-02-18,19.21,Real
CL0066,2024-02-19,18.74,Real
CL0066,2024-02-20,11.92,Real
CL0066,2024-02-21,1.46,Real
CL0066,2024-02-22,7.8,Real
CL0066,2024-02-23,9.81,Real
CL0066,2024-02-24,20.74,Real
CL0066,2024-02-25,16.93,Real
CL0066,2024-02-26,12.07,Real
CL0066,2024-02-27,15.33,Estimada
CL0066,2024-02-28,9.58,Real
CL0066,2024-02-29,7.05,Real
CL0066,2024-03-01,6.75,Real
CL0066,2024-03-02,15.72,Real
CL0066,2024-03-03,15.03,Real
CL0066,2024-03-04,9.3,Real
CL0066,2024-03-05,8.3,Real
CL0066,2024-03-06,7.81,Real
CL0066,2024-03-07,8.96,Real
CL0066,2024-03-08,9.64,Real
CL0066,2024-03-09,18.3,Real
CL0066,2024-03-10,17.13,Real
CL0066,2024-03-11,7.63,Real
CL0066,2024-03-12,16.9,Real
CL0066,2024-03-13,13.05,Real
CL0066,2024-03-14,14.13,Real
CL0066,2024-03-15,15.75,Real
CL0066,2024-03-16,18.97,Real
CL0066,2024-03-17,20.58,Real
CL0066,2024-03-18,6.17,Estimada
CL0066,2024-03-19,10.0,Real
CL0066,2024-03-20,11.55,Real
CL0066,2024-03-21,7.5,Real
CL0066,2024-03-22,12.2,Real
CL0066,2024-03-23,9.83,Real
CL0066,2024-03-24,16.24,Real
CL0066,2024-03-25,9.23,Real
CL0066,2024-03-26,7.58,Real
CL0066,2024-03-27,9.27,Real
CL0066,2024-03-28,6.82,Real
CL0066,2024-03-29,13.47,Real
CL0066,2024-03-30,19.12,Real
CL0066,2024-03-31,21.46,Estimada
CL0066,2024-04-01,7.97,Real
CL0066,2024-04-02,8.71,Real
CL0066,2024-04-03,11.05,Real
CL0066,2024-04-04,10.11,Real
CL0066,2024-04-05,13.07,Real
CL0066,2024-04-06,14.78,Real
CL0066,2024-04-07,17.16,Real
CL0066,2024-04-08,15.9,Real
CL0066,2024-04-09,7.08,Real
CL0066,2024-04-10,11.62,Real
CL0066,2024-04-11,5.61,Real
CL0066,2024-04-12,8.75,Real
CL0066,2024-04-13,20.67,Estimada
CL0066,2024-04-14,19.85,Real
CL0066,2024-04-15,6.19,Real
CL0066,2024-04-16,9.23,Real
CL0066,2024-04-17,16.45,Real
CL0066,2024-04-18,16.61,Real
CL0066,2024-04-19,13.54,Real
CL0066,2024-04-20,18.64,Real
CL0066,2024-04-21,16.26,Real
CL0066,2024-04-22,14.46,Real
CL0066,2024-04-23,1.29,Real
CL0066,2024-04-24,5.72,Real
CL0066,2024-04-25,2.54,Real
CL0066,2024-04-26,11.15,Real
CL0066,2024-04-27,16.41,Real
CL0066,2024-04-28,17.53,Real
CL0066,2024-04-29,11.61,Real
CL0066,2024-04-30,11.22,Real
CL0066,2024-05-01,16.3,Real
CL0066,2024-05-02,19.3,Real
CL0066,2024-05-03,13.44,Real
CL0066,2024-05-04,16.24,Real
CL0066,2024-05-05,10.68,Real
CL0066,2024-05-06,4.97,Real
CL0066,2024-05-07,13.75,Real
CL0066,2024-05-08,13.25,Estimada
CL0066,2024-05-09,10.53,Real
CL0066,2024-05-10,18.03,Real
CL0066,2024-05-11,23.45,Real
CL0066,2024-05-12,23.97,Real
CL0066,2024-05-13,13.67,Real
CL0066,2024-05-14,16.54,Real
CL0066,2024-05-15,15.68,Real
CL0066,2024-05-16,18.73,Real
CL0066,2024-05-17,12.73,Real
CL0066,2024-05-18,14.59,Real
CL0066,2024-05-19,16.07,Real
CL0066,2024-05-20,14.27,Estimada
CL0066,2024-05-21,15.66,Estimada
CL0066,2024-05-22,13.06,Real
CL0066,2024-05-23,13.35,Real
CL0066,2024-05-24,11.15,Real
CL0066,2024-05-25,24.37,Real
CL0066,2024-05-26,21.79,Real
CL0066,2024-05-27,19.21,Real
CL0066,2024-05-28,13.94,Real
CL0066,2024-05-29,14.14,Real
CL0066,2024-05-30,11.78,Real
CL0066,2024-05-31,19.46,Real
CL0066,2024-06-01,21.82,Real
CL0066,2024-06-02,21.0,Real
CL0066,2024-06-03,22.09,Real
CL0066,2024-06-04,20.18,Real
CL0066,2024-06-05,13.15,Real
CL0066,2024-06-06,20.66,Real
CL0066,2024-06-07,22.62,Real
CL0066,2024-06-08,20.36,Real
CL0066,2024-06-09,21.65,Real
CL0066,2024-06-10,8.64,Real
CL0066,2024-06-11,13.25,Real
CL0066,2024-06-12,16.48,Real
CL0066,2024-06-13,12.27,Real
CL0066,2024-06-14,23.15,Real
CL0066,2024-06-15,24.55,Real
CL0066,2024-06-16,26.64,Real
CL0066,2024-06-17,14.52,Estimada
CL0066,2024-06-18,23.29,Real
CL0066,2024-06-19,17.26,Real
CL0066,2024-06-20,16.22,Real
CL0066,2024-06-21,18.02,Real
CL0066,2024-06-22,20.28,Real
CL0066,2024-06-23,22.82,Real
CL0066,2024-06-24,13.61,Real
CL0066,2024-06-25,11.51,Real
CL0066,2024-06-26,16.9,Real
CL0066,2024-06-27,15.39,Real
CL0066,2024-06-28,22.16,Real
CL0067,2024-01-01,40.45,Real
CL0067,2024-01-02,54.59,Real
CL0067,2024-01-03,17.82,Real
CL0067,2024-01-04,55.08,Real
CL0067,2024-01-05,39.9,Real
CL0067,2024-01-06,36.01,Real
CL0067,2024-01-07,34.67,Real
CL0067,2024-01-08,38.73,Real
CL0067,2024-01-09,49.54,Real
CL0067,2024-01-10,19.62,Real
CL0067,2024-01-11,29.9,Real
CL0067,2024-01-12,67.77,Real
CL0067,2024-01-13,19.9,Real
CL0067,2024-01-14,31.07,Real
CL0067,2024-01-15,45.31,Real
CL0067,2024-01-16,38.85,Real
CL0067,2024-01-17,40.33,Real
CL0067,2024-01-18,40.51,Real
CL0067,2024-01-19,47.05,Real
CL0067,2024-01-20,27.11,Real
CL0067,2024-01-21,36.07,Real
CL0067,2024-01-22,49.33,Real
CL0067,2024-01-23,35.49,Real
CL0067,2024-01-24,30.1,Real
CL0067,2024-01-25,52.62,Real
CL0067,2024-01-26,28.65,Real
CL0067,2024-01-27,30.79,Real
CL0067,2024-01-28,27.92,Real
CL0067,2024-01-29,55.06,Real
CL0067,2024-01-30,32.03,Real
CL0067,2024-01-31,39.58,Real
CL0067,2024-02-01,58.13,Real
CL0067,2024-02-02,38.15,Estimada
CL0067,2024-02-03,46.2,Real
CL0067,2024-02-04,38.47,Real
CL0067,2024-02-05,35.93,Real
CL0067,2024-02-06,21.59,Estimada
CL0067,2024-02-07,21.8,Real
CL0067,2024-02-08,35.47,Real
CL0067,2024-02-09,38.59,Estimada
CL0067,2024-02-10,40.07,Real
CL0067,2024-02-11,15.04,Real
CL0067,2024-02-12,30.93,Real
CL0067,2024-02-13,20.04,Real
CL0067,2024-02-14,45.52,Real
CL0067,2024-02-15,31.41,Real
CL0067,2024-02-16,37.22,Real
CL0067,2024-02-17,33.43,Real
CL0067,2024-02-18,27.04,Real
CL0067,2024-02-19,38.13,Real
CL0067,2024-02-20,38.88,Real
CL0067,2024-02-21,40.44,Real
CL0067,2024-02-22,35.55,Real
CL0067,2024-02-23,45.73,Real
CL0067,2024-02-24,25.42,Real
CL0067,2024-02-25,26.03,Real
CL0067,2024-02-26,39.87,Real
CL0067,2024-02-27,30.53,Real
CL0067,2024-02-28,38.12,Real
CL0067,2024-02-29,34.79,Real
CL0067,2024-03-01,36.51,Real
CL0067,2024-03-02,42.95,Real
CL0067,2024-03-03,28.69,Real
CL0067,2024-03-04,31.32,Real
CL0067,2024-03-05,38.58,Real
CL0067,2024-03-06,40.33,Real
CL0067,2024-03-07,49.36,Real
CL0067,2024-03-08,45.35,Real
CL0067,2024-03-09,29.61,Real
CL0067,2024-03-10,42.05,Real
CL0067,2024-03-11,45.47,Real
CL0067,2024-03-12,46.17,Real
CL0067,2024-03-13,55.47,Real
CL0067,2024-03-14,38.39,Real
CL0067,2024-03-15,66.51,Estimada
CL0067,2024-03-16,25.02,Real
CL0067,2024-03-17,7.6,Real
CL0067,2024-03-18,43.69,Real
CL0067,2024-03-19,48.03,Real
CL0067,2024-03-20,24.18,Real
CL0067,2024-03-21,28.46,Real
CL0067,2024-03-22,48.83,Real
CL0067,2024-03-23,32.37,Real
CL0067,2024-03-24,17.16,Real
CL0067,2024-03-25,34.03,Real
CL0067,2024-03-26,44.06,Real
CL0067,2024-03-27,34.34,Real
CL0067,2024-03-28,37.65,Real
CL0067,2024-03-29,31.57,Real
CL0067,2024-03-30,14.37,Real
CL0067,2024-03-31,24.71,Real
CL0067,2024-04-01,37.3,Real
CL0067,2024-04-02,34.65,Real
CL0067,2024-04-03,38.11,Real
CL0067,2024-04-04,28.63,Real
CL0067,2024-04-05,39.95,Real
CL0067,2024-04-06,34.88,Real
CL0067,2024-04-07,15.28,Real
CL0067,2024-04-08,50.5,Real
CL0067,2024-04-09,26.92,Real
CL0067,2024-04-10,50.19,Estimada
CL0067,2024-04-11,50.96,Real
CL0067,2024-04-12,43.29,Real
CL0067,2024-04-13,26.04,Estimada
CL0067,2024-04-14,15.79,Real
CL0067,2024-04-15,35.39,Real
CL0067,2024-04-16,47.4,Real
CL0067,2024-04-17,23.1,Real
CL0067,2024-04-18,15.98,Real
CL0067,2024-04-19,18.12,Real
CL0067,2024-04-20,20.19,Real
CL0067,2024-04-21,19.35,Real
CL0067,2024-04-22,18.26,Real
CL0067,2024-04-23,14.61,Estimada
CL0067,2024-04-24,20.34,Real
CL0067,2024-04-25,38.84,Real
CL0067,2024-04-26,10.62,Real
CL0067,2024-04-27,34.7,Estimada
CL0067,2024-04-28,31.09,Real
CL0067,2024-04-29,49.16,Real
CL0067,2024-04-30,39.24,Real
CL0067,2024-05-01,54.23,Real
CL0067,2024-05-02,41.95,Real
CL0067,2024-05-03,31.5,Real
CL0067,2024-05-04,23.44,Real
CL0067,2024-05-05,41.54,Real
CL0067,2024-05-06,42.82,Real
CL0067,2024-05-07,53.43,Real
CL0067,2024-05-08,13.36,Real
CL0067,2024-05-09,38.44,Real
CL0067,2024-05-10,46.96,Real
CL0067,2024-05-11,17.32,Real
CL0067,2024-05-12,36.32,Real
CL0067,2024-05-13,44.68,Real
CL0067,2024-05-14,52.14,Real
CL0067,2024-05-15,48.14,Real
CL0067,2024-05-16,49.1,Real
CL0067,2024-05-17,31.75,Real
CL0067,2024-05-18,30.76,Real
CL0067,2024-05-19,31.52,Real
CL0067,2024-05-20,26.7,Real
CL0067,2024-05-21,44.76,Real
CL0067,2024-05-22,43.95,Real
CL0067,2024-05-23,46.63,Real
CL0067,2024-05-24,42.18,Real
CL0067,2024-05-25,22.74,Estimada
CL0067,2024-05-26,37.16,Real
CL0067,2024-05-27,57.99,Real
CL0067,2024-05-28,58.37,Real
CL0067,2024-05-29,40.44,Real
CL0067,2024-05-30,56.14,Estimada
CL0067,2024-05-31,34.39,Real
CL0067,2024-06-01,55.16,Real
CL0067,2024-06-02,33.2,Real
CL0067,2024-06-03,28.82,Real
CL0067,2024-06-04,56.91,Real
CL0067,2024-06-05,47.04,Real
CL0067,2024-06-06,66.78,Real
CL0067,2024-06-07,50.05,Real
CL0067,2024-06-08,44.52,Real
CL0067,2024-06-09,38.81,Real
CL0067,2024-06-10,66.69,Real
CL0067,2024-06-11,49.74,Real
CL0067,2024-06-12,54.51,Real
CL0067,2024-06-13,54.99,Real
CL0067,2024-06-14,52.52,Real
CL0067,2024-06-15,32.85,Real
CL0067,2024-06-16,51.23,Real
CL0067,2024-06-17,54.13,Real
CL0067,2024-06-18,44.55,Real
CL0067,2024-06-19,57.57,Real
CL0067,2024-06-20,55.26,Real
CL0067,2024-06-21,53.37,Estimada
CL0067,2024-06-22,65.24,Real
CL0067,2024-06-23,31.25,Estimada
CL0067,2024-06-24,32.62,Real
CL0067,2024-06-25,44.55,Real
CL0067,2024-06-26,47.91,Real
CL0067,2024-06-27,44.35,Real
CL0067,2024-06-28,43.96,Estimada
CL0068,2024-01-01,6.36,Real
CL0068,2024-01-02,9.84,Real
CL0068,2024-01-03,7.24,Real
CL0068,2024-01-04,5.09,Real
CL0068,2024-01-05,7.28,Real
CL0068,2024-01-06,12.33,Real
CL0068,2024-01-07,8.93,Real
CL0068,2024-01-08,5.07,Real
CL0068,2024-01-09,8.33,Real
CL0068,2024-01-10,7.65,Estimada
CL0068,2024-01-11,7.41,Estimada
CL0068,2024-01-12,6.06,Real
CL0068,2024-01-13,8.58,Real
CL0068,2024-01-14,13.71,Real
CL0068,2024-01-15,10.91,Real
CL0068,2024-01-16,6.48,Real
CL0068,2024-01-17,5.33,Estimada
CL0068,2024-01-18,5.54,Real
CL0068,2024-01-19,4.06,Real
CL0068,2024-01-20,9.44,Real
CL0068,2024-01-21,6.15,Real
CL0068,2024-01-22,6.39,Real
CL0068,2024-01-23,6.17,Estimada
CL0068,2024-01-24,6.22,Real
CL0068,2024-01-25,6.46,Real
CL0068,2024-01-26,2.26,Real
CL0068,2024-01-27,10.41,Real
CL0068,2024-01-28,10.66,Real
CL0068,2024-01-29,6.89,Real
CL0068,2024-01-30,7.13,Real
CL0068,2024-01-31,8.17,Real
CL0068,2024-02-01,10.16,Real
CL0068,2024-02-02,6.16,Real
CL0068,2024-02-03,9.72,Real
CL0068,2024-02-04,6.97,Real
CL0068,2024-02-05,6.99,Real
CL0068,2024-02-06,5.72,Estimada
CL0068,2024-02-07,1.77,Real
CL0068,2024-02-08,7.51,Real
CL0068,2024-02-09,5.43,Real
CL0068,2024-02-10,11.26,Real
CL0068,2024-02-11,8.61,Real
CL0068,2024-02-12,4.0,Real
CL0068,2024-02-13,5.44,Real
CL0068,2024-02-14,5.34,Real
CL0068,2024-02-15,7.69,Real
CL0068,2024-02-16,6.89,Real
CL0068,2024-02-17,10.35,Real
CL0068,2024-02-18,8.66,Real
CL0068,2024-02-19,6.79,Real
CL0068,2024-02-20,7.14,Real
CL0068,2024-02-21,6.63,Real
CL0068,2024-02-22,5.17,Real
CL0068,2024-02-23,5.61,Real
CL0068,2024-02-24,8.38,Real
CL0068,2024-02-25,6.62,Real
CL0068,2024-02-26,6.25,Real
CL0068,2024-02-27,7.49,Real
CL0068,2024-02-28,4.28,Real
CL0068,2024-02-29,0.84,Real
CL0068,2024-03-01,5.25,Real
CL0068,2024-03-02,4.94,Real
CL0068,2024-03-03,9.61,Real
CL0068,2024-03-04,4.71,Estimada
CL0068,2024-03-05,2.5,Real
CL0068,2024-03-06,8.28,Estimada
CL0068,2024-03-07,4.74,Real
CL0068,2024-03-08,3.26,Real
CL0068,2024-03-09,7.21,Real
CL0068,2024-03-10,6.19,Real
CL0068,2024-03-11,4.61,Real
CL0068,2024-03-12,6.73,Real
CL0068,2024-03-13,4.96,Real
CL0068,2024-03-14,6.83,Real
CL0068,2024-03-15,5.35,Real
CL0068,2024-03-16,8.05,Real
CL0068,2024-03-17,5.0,Real
CL0068,2024-03-18,3.97,Real
CL0068,2024-03-19,4.46,Real
CL0068,2024-03-20,4.15,Real
CL0068,2024-03-21,2.77,Real
CL0068,2024-03-22,4.01,Real
CL0068,2024-03-23,7.84,Real
CL0068,2024-03-24,8.37,Real
CL0068,2024-03-25,6.3,Real
CL0068,2024-03-26,2.85,Real
CL0068,2024-03-27,6.97,Real
CL0068,2024-03-28,7.13,Real
CL0068,2024-03-29,4.87,Real
CL0068,2024-03-30,9.33,Real
CL0068,2024-03-31,7.24,Real
CL0068,2024-04-01,5.04,Real
CL0068,2024-04-02,3.28,Real
CL0068,2024-04-03,5.22,Real
CL0068,2024-04-04,7.31,Estimada
CL0068,2024-04-05,3.14,Real
CL0068,2024-04-06,4.49,Real
CL0068,2024-04-07,1.87,Real
CL0068,2024-04-08,5.9,Real
CL0068,2024-04-09,7.73,Real
CL0068,2024-04-10,5.16,Estimada
CL0068,2024-04-11,4.39,Real
CL0068,2024-04-12,7.84,Real
CL0068,2024-04-13,10.52,Real
CL0068,2024-04-14,9.67,Estimada
CL0068,2024-04-15,5.14,Estimada
CL0068,2024-04-16,3.97,Real
CL0068,2024-04-17,3.82,Real
CL0068,2024-04-18,4.26,Real
CL0068,2024-04-19,6.07,Real
CL0068,2024-04-20,9.02,Real
CL0068,2024-04-21,10.98,Real
CL0068,2024-04-22,5.28,Real
CL0068,2024-04-23,5.26,Real
CL0068,2024-04-24,5.25,Real
CL0068,2024-04-25,6.71,Real
CL0068,2024-04-26,7.53,Real
CL0068,2024-04-27,2.69,Real
CL0068,2024-04-28,8.15,Real
CL0068,2024-04-29,5.48,Real
CL0068,2024-04-30,5.74,Real
CL0068,2024-05-01,6.06,Real
CL0068,2024-05-02,5.77,Estimada
CL0068,2024-05-03,8.52,Real
CL0068,2024-05-04,11.58,Estimada
CL0068,2024-05-05,9.64,Real
CL0068,2024-05-06,6.1,Real
CL0068,2024-05-07,2.89,Real
CL0068,2024-05-08,4.41,Estimada
CL0068,2024-05-09,4.97,Real
CL0068,2024-05-10,6.41,Real
CL0068,2024-05-11,9.77,Real
CL0068,2024-05-12,9.22,Real
CL0068,2024-05-13,3.81,Real
CL0068,2024-05-14,7.59,Real
CL0068,2024-05-15,8.82,Real
CL0068,2024-05-16,6.09,Real
CL0068,2024-05-17,6.07,Real
CL0068,2024-05-18,8.16,Real
CL0068,2024-05-19,9.18,Estimada
CL0068,2024-05-20,7.28,Real
CL0068,2024-05-21,6.32,Real
CL0068,2024-05-22,7.58,Real
CL0068,2024-05-23,3.86,Real
CL0068,2024-05-24,4.54,Real
CL0068,2024-05-25,8.61,Real
CL0068,2024-05-26,8.97,Real
CL0068,2024-05-27,4.7,Real
CL0068,2024-05-28,7.71,Real
CL0068,2024-05-29,8.2,Estimada
CL0068,2024-05-30,8.43,Real
CL0068,2024-05-31,4.78,Real
CL0068,2024-06-01,10.59,Real
CL0068,2024-06-02,11.3,Real
CL0068,2024-06-03,5.66,Real
CL0068,2024-06-04,8.88,Real
CL0068,2024-06-05,6.83,Real
CL0068,2024-06-06,9.48,Real
CL0068,2024-06-07,5.6,Real
CL0068,2024-06-08,13.39,Real
CL0068,2024-06-09,12.8,Real
CL0068,2024-06-10,9.46,Real
CL0068,2024-06-11,6.75,Real
CL0068,2024-06-12,6.16,Real
CL0068,2024-06-13,7.39,Real
CL0068,2024-06-14,8.6,Real
CL0068,2024-06-15,12.56,Real
CL0068,2024-06-16,11.31,Real
CL0068,2024-06-17,6.19,Real
CL0068,2024-06-18,7.58,Real
CL0068,2024-06-19,6.95,Estimada
CL0068,2024-06-20,10.01,Estimada
CL0068,2024-06-21,7.67,Real
CL0068,2024-06-22,10.2,Real
CL0068,2024-06-23,13.78,Real
CL0068,2024-06-24,6.18,Real
CL0068,2024-06-25,3.19,Real
CL0068,2024-06-26,7.79,Real
CL0068,2024-06-27,8.91,Real
CL0068,2024-06-28,5.27,Estimada
CL0069,2024-01-01,16.15,Real
CL0069,2024-01-02,12.76,Real
CL0069,2024-01-03,10.89,Real
CL0069,2024-01-04,8.99,Real
CL0069,2024-01-05,13.49,Real
CL0069,2024-01-06,30.63,Real
CL0069,2024-01-07,25.43,Real
CL0069,2024-01-08,18.91,Real
CL0069,2024-01-09,14.95,Real
CL0069,2024-01-10,19.33,Real
CL0069,2024-01-11,26.61,Real
CL0069,2024-01-12,18.03,Real
CL0069,2024-01-13,25.9,Estimada
CL0069,2024-01-14,28.57,Real
CL0069,2024-01-15,16.22,Real
CL0069,2024-01-16,21.08,Real
CL0069,2024-01-17,19.11,Real
CL0069,2024-01-18,22.19,Real
CL0069,2024-01-19,19.89,Real
CL0069,2024-01-20,30.01,Real
CL0069,2024-01-21,27.31,Real
CL0069,2024-01-22,14.61,Real
CL0069,2024-01-23,18.51,Real
CL0069,2024-01-24,20.21,Real
CL0069,2024-01-25,13.98,Real
CL0069,2024-01-26,6.5,Real
CL0069,2024-01-27,27.89,Real
CL0069,2024-01-28,24.98,Real
CL0069,2024-01-29,13.28,Real
CL0069,2024-01-30,26.31,Real
CL0069,2024-01-31,14.55,Real
CL0069,2024-02-01,14.88,Real
CL0069,2024-02-02,13.21,Real
CL0069,2024-02-03,25.13,Real
CL0069,2024-02-04,18.8,Real
CL0069,2024-02-05,9.92,Real
CL0069,2024-02-06,12.05,Real
CL0069,2024-02-07,18.03,Real
CL0069,2024-02-08,14.76,Real
CL0069,2024-02-09,13.7,Real
CL0069,2024-02-10,16.59,Real
CL0069,2024-02-11,22.51,Estimada
CL0069,2024-02-12,11.85,Real
CL0069,2024-02-13,18.33,Real
CL0069,2024-02-14,14.99,Real
CL0069,2024-02-15,13.72,Real
CL0069,2024-02-16,11.03,Real
CL0069,2024-02-17,29.52,Real
CL0069,2024-02-18,10.09,Real
CL0069,2024-02-19,22.72,Real
CL0069,2024-02-20,16.49,Real
CL0069,2024-02-21,11.64,Real
CL0069,2024-02-22,14.39,Real
CL0069,2024-02-23,14.79,Real
CL0069,2024-02-24,20.83,Real
CL0069,2024-02-25,21.47,Real
CL0069,2024-02-26,7.89,Real
CL0069,2024-02-27,10.58,Real
CL0069,2024-02-28,10.15,Real
CL0069,2024-02-29,13.24,Real
CL0069,2024-03-01,12.93,Real
CL0069,2024-03-02,24.04,Real
CL0069,2024-03-03,19.18,Real
CL0069,2024-03-04,23.11,Real
CL0069,2024-03-05,3.89,Real
CL0069,2024-03-06,13.23,Real
CL0069,2024-03-07,8.62,Real
CL0069,2024-03-08,24.52,Real
CL0069,2024-03-09,18.09,Real
CL0069,2024-03-10,23.28,Estimada
CL0069,2024-03-11,5.33,Real
CL0069,2024-03-12,9.54,Real
CL0069,2024-03-13,18.63,Real
CL0069,2024-03-14,16.55,Estimada
CL0069,2024-03-15,13.66,Estimada
CL0069,2024-03-16,17.24,Real
CL0069,2024-03-17,15.95,Real
CL0069,2024-03-18,10.4,Real
CL0069,2024-03-19,14.41,Real
CL0069,2024-03-20,14.99,Real
CL0069,2024-03-21,14.42,Real
CL0069,2024-03-22,18.02,Real
CL0069,2024-03-23,18.78,Real
CL0069,2024-03-24,15.46,Real
CL0069,2024-03-25,20.19,Real
CL0069,2024-03-26,27.51,Real
CL0069,2024-03-27,21.17,Real
CL0069,2024-03-28,11.16,Real
CL0069,2024-03-29,5.9,Real
CL0069,2024-03-30,17.49,Real
CL0069,2024-03-31,12.32,Real
CL0069,2024-04-01,20.63,Real
CL0069,2024-04-02,23.51,Real
CL0069,2024-04-03,23.37,Real
CL0069,2024-04-04,5.44,Real
CL0069,2024-04-05,19.37,Real
CL0069,2024-04-06,24.82,Real
CL0069,2024-04-07,12.25,Real
CL0069,2024-04-08,17.54,Estimada
CL0069,2024-04-09,4.6,Real
CL0069,2024-04-10,12.21,Real
CL0069,2024-04-11,22.12,Real
CL0069,2024-04-12,15.73,Real
CL0069,2024-04-13,20.93,Real
CL0069,2024-04-14,23.13,Real
CL0069,2024-04-15,16.06,Real
CL0069,2024-04-16,13.7,Real
CL0069,2024-04-17,19.0,Real
CL0069,2024-04-18,16.94,Real
CL0069,2024-04-19,5.35,Real
CL0069,2024-04-20,18.05,Real
CL0069,2024-04-21,19.65,Real
CL0069,2024-04-22,25.06,Real
CL0069,2024-04-23,15.12,Real
CL0069,2024-04-24,14.25,Real
CL0069,2024-04-25,14.52,Real
CL0069,2024-04-26,14.69,Real
CL0069,2024-04-27,23.42,Real
CL0069,2024-04-28,18.32,Real
CL0069,2024-04-29,14.07,Real
CL0069,2024-04-30,13.67,Real
CL0069,2024-05-01,14.24,Real
CL0069,2024-05-02,22.63,Real
CL0069,2024-05-03,11.7,Real
CL0069,2024-05-04,27.35,Real
CL0069,2024-05-05,14.84,Real
CL0069,2024-05-06,19.44,Real
CL0069,2024-05-07,26.95,Real
CL0069,2024-05-08,15.56,Real
CL0069,2024-05-09,18.85,Real
CL0069,2024-05-10,19.41,Estimada
CL0069,2024-05-11,27.26,Real
CL0069,2024-05-12,20.49,Real
CL0069,2024-05-13,16.68,Real
CL0069,2024-05-14,11.91,Real
CL0069,2024-05-15,15.87,Real
CL0069,2024-05-16,16.69,Real
CL0069,2024-05-17,11.05,Real
CL0069,2024-05-18,31.15,Estimada
CL0069,2024-05-19,21.2,Real
CL0069,2024-05-20,18.89,Real
CL0069,2024-05-21,17.67,Estimada
CL0069,2024-05-22,11.61,Real
CL0069,2024-05-23,25.34,Real
CL0069,2024-05-24,16.34,Real
CL0069,2024-05-25,31.03,Real
CL0069,2024-05-26,24.41,Real
CL0069,2024-05-27,14.49,Real
CL0069,2024-05-28,13.12,Real
CL0069,2024-05-29,12.93,Real
CL0069,2024-05-30,12.01,Real
CL0069,2024-05-31,13.47,Real
CL0069,2024-06-01,29.94,Real
CL0069,2024-06-02,27.4,Real
CL0069,2024-06-03,9.77,Real
CL0069,2024-06-04,19.94,Real
CL0069,2024-06-05,21.17,Real
CL0069,2024-06-06,29.14,Real
CL0069,2024-06-07,28.62,Estimada
CL0069,2024-06-08,30.16,Real
CL0069,2024-06-09,29.78,Real
CL0069,2024-06-10,23.17,Real
CL0069,2024-06-11,24.34,Real
CL0069,2024-06-12,19.77,Real
CL0069,2024-06-13,31.51,Real
CL0069,2024-06-14,24.75,Real
CL0069,2024-06-15,37.54,Estimada
CL0069,2024-06-16,31.05,Real
CL0069,2024-06-17,20.52,Real
CL0069,2024-06-18,19.83,Estimada
CL0069,2024-06-19,16.89,Estimada
CL0069,2024-06-20,18.71,Real
CL0069,2024-06-21,18.28,Real
CL0069,2024-06-22,38.18,Real
CL0069,2024-06-23,36.17,Real
CL0069,2024-06-24,17.11,Estimada
CL0069,2024-06-25,20.84,Real
CL0069,2024-06-26,19.31,Real
CL0069,2024-06-27,18.6,Real
CL0069,2024-06-28,22.14,Real
CL0070,2024-01-01,6.99,Real
CL0070,2024-01-02,6.79,Real
CL0070,2024-01-03,14.0,Real
CL0070,2024-01-04,12.4,Real
CL0070,2024-01-05,13.28,Real
CL0070,2024-01-06,14.36,Real
CL0070,2024-01-07,15.67,Real
CL0070,2024-01-08,10.58,Real
CL0070,2024-01-09,9.79,Real
CL0070,2024-01-10,7.01,Real
CL0070,2024-01-11,7.48,Real
CL0070,2024-01-12,8.4,Real
CL0070,2024-01-13,15.94,Real
CL0070,2024-01-14,14.04,Real
CL0070,2024-01-15,10.4,Real
CL0070,2024-01-16,12.76,Real
CL0070,2024-01-17,8.27,Real
CL0070,2024-01-18,10.04,Real
CL0070,2024-01-19,11.7,Real
CL0070,2024-01-20,17.22,Real
CL0070,2024-01-21,10.22,Real
CL0070,2024-01-22,10.69,Estimada
CL0070,2024-01-23,9.4,Real
CL0070,2024-01-24,9.66,Real
CL0070,2024-01-25,5.98,Real
CL0070,2024-01-26,11.48,Real
CL0070,2024-01-27,12.16,Real
CL0070,2024-01-28,13.26,Real
CL0070,2024-01-29,11.94,Estimada
CL0070,2024-01-30,10.86,Real
CL0070,2024-01-31,8.53,Real
CL0070,2024-02-01,14.95,Real
CL0070,2024-02-02,5.81,Real
CL0070,2024-02-03,12.87,Real
CL0070,2024-02-04,12.37,Real
CL0070,2024-02-05,5.49,Real
CL0070,2024-02-06,4.04,Real
CL0070,2024-02-07,11.61,Real
CL0070,2024-02-08,9.49,Real
CL0070,2024-02-09,8.4,Estimada
CL0070,2024-02-10,14.95,Estimada
CL0070,2024-02-11,16.09,Real
CL0070,2024-02-12,8.27,Real
CL0070,2024-02-13,5.62,Real
CL0070,2024-02-14,7.5,Real
CL0070,2024-02-15,6.87,Real
CL0070,2024-02-16,8.47,Real
CL0070,2024-02-17,14.73,Real
CL0070,2024-02-18,14.95,Real
CL0070,2024-02-19,10.24,Estimada
CL0070,2024-02-20,10.15,Real
CL0070,2024-02-21,8.01,Real
CL0070,2024-02-22,9.9,Real
CL0070,2024-02-23,12.01,Real
CL0070,2024-02-24,11.89,Real
CL0070,2024-02-25,6.07,Real
CL0070,2024-02-26,4.22,Real
CL0070,2024-02-27,3.7,Real
CL0070,2024-02-28,6.9,Real
CL0070,2024-02-29,12.15,Real
CL0070,2024-03-01,5.28,Real
CL0070,2024-03-02,6.86,Real
CL0070,2024-03-03,12.08,Real
CL0070,2024-03-04,12.06,Real
CL0070,2024-03-05,10.0,Real
CL0070,2024-03-06,8.41,Real
CL0070,2024-03-07,10.39,Real
CL0070,2024-03-08,9.38,Estimada
CL0070,2024-03-09,10.89,Real
CL0070,2024-03-10,15.93,Real
CL0070,2024-03-11,5.33,Real
CL0070,2024-03-12,12.55,Estimada
CL0070,2024-03-13,5.16,Estimada
CL0070,2024-03-14,8.59,Real
CL0070,2024-03-15,10.18,Real
CL0070,2024-03-16,11.14,Real
CL0070,2024-03-17,12.85,Real
CL0070,2024-03-18,6.57,Real
CL0070,2024-03-19,9.41,Real
CL0070,2024-03-20,4.91,Real
CL0070,2024-03-21,0.86,Real
CL0070,2024-03-22,8.47,Real
CL0070,2024-03-23,13.48,Real
CL0070,2024-03-24,12.14,Real
CL0070,2024-03-25,7.62,Real
CL0070,2024-03-26,3.14,Real
CL0070,2024-03-27,7.31,Real
CL0070,2024-03-28,3.59,Estimada
CL0070,2024-03-29,5.86,Real
CL0070,2024-03-30,13.01,Real
CL0070,2024-03-31,11.33,Real
CL0070,2024-04-01,12.19,Real
CL0070,2024-04-02,6.02,Real
CL0070,2024-04-03,8.62,Real
CL0070,2024-04-04,15.96,Real
CL0070,2024-04-05,9.45,Real
CL0070,2024-04-06,9.22,Real
CL0070,2024-04-07,6.85,Real
CL0070,2024-04-08,6.91,Real
CL0070,2024-04-09,11.24,Real
CL0070,2024-04-10,10.12,Real
CL0070,2024-04-11,6.38,Real
CL0070,2024-04-12,8.43,Real
CL0070,2024-04-13,8.84,Real
CL0070,2024-04-14,14.35,Estimada
CL0070,2024-04-15,7.46,Real
CL0070,2024-04-16,10.05,Real
CL0070,2024-04-17,9.76,Real
CL0070,2024-04-18,9.05,Real
CL0070,2024-04-19,11.39,Real
CL0070,2024-04-20,11.92,Real
CL0070,2024-04-21,15.0,Real
CL0070,2024-04-22,10.52,Real
CL0070,2024-04-23,7.42,Real
CL0070,2024-04-24,4.11,Real
CL0070,2024-04-25,11.72,Real
CL0070,2024-04-26,7.18,Real
CL0070,2024-04-27,13.29,Real
CL0070,2024-04-28,4.85,Real
CL0070,2024-04-29,9.1,Real
CL0070,2024-04-30,10.14,Estimada
CL0070,2024-05-01,4.68,Real
CL0070,2024-05-02,9.29,Real
CL0070,2024-05-03,5.49,Real
CL0070,2024-05-04,14.65,Real
CL0070,2024-05-05,19.78,Real
CL0070,2024-05-06,11.0,Real
CL0070,2024-05-07,7.48,Real
CL0070,2024-05-08,2.22,Real
CL0070,2024-05-09,12.43,Estimada
CL0070,2024-05-10,10.34,Real
CL0070,2024-05-11,16.39,Real
CL0070,2024-05-12,10.26,Real
CL0070,2024-05-13,9.46,Real
CL0070,2024-05-14,11.27,Real
CL0070,2024-05-15,13.53,Estimada
CL0070,2024-05-16,10.56,Real
CL0070,2024-05-17,15.04,Real
CL0070,2024-05-18,10.11,Real
CL0070,2024-05-19,9.0,Real
CL0070,2024-05-20,3.82,Real
CL0070,2024-05-21,9.84,Real
CL0070,2024-05-22,7.97,Real
CL0070,2024-05-23,3.37,Real
CL0070,2024-05-24,6.94,Real
CL0070,2024-05-25,17.16,Real
CL0070,2024-05-26,14.16,Real
CL0070,2024-05-27,10.99,Real
CL0070,2024-05-28,4.8,Real
CL0070,2024-05-29,12.23,Real
CL0070,2024-05-30,7.21,Real
CL0070,2024-05-31,6.38,Real
CL0070,2024-06-01,20.1,Real
CL0070,2024-06-02,15.37,Real
CL0070,2024-06-03,8.27,Real
CL0070,2024-06-04,13.23,Real
CL0070,2024-06-05,12.84,Estimada
CL0070,2024-06-06,9.62,Real
CL0070,2024-06-07,7.48,Real
CL0070,2024-06-08,13.93,Real
CL0070,2024-06-09,22.29,Estimada
CL0070,2024-06-10,11.42,Real
CL0070,2024-06-11,11.09,Real
CL0070,2024-06-12,7.1,Real
CL0070,2024-06-13,15.39,Real
CL0070,2024-06-14,11.63,Real
CL0070,2024-06-15,13.68,Estimada
CL0070,2024-06-16,14.01,Real
CL0070,2024-06-17,10.35,Real
CL0070,2024-06-18,11.34,Real
CL0070,2024-06-19,13.44,Real
CL0070,2024-06-20,8.97,Real
CL0070,2024-06-21,13.3,Real
CL0070,2024-06-22,16.66,Estimada
CL0070,2024-06-23,17.49,Real
CL0070,2024-06-24,12.78,Estimada
CL0070,2024-06-25,13.53,Real
CL0070,2024-06-26,11.6,Real
CL0070,2024-06-27,11.14,Real
CL0070,2024-06-28,9.08,Real
CL0071,2024-01-01,57.94,Real
CL0071,2024-01-02,64.64,Real
CL0071,2024-01-03,49.13,Real
CL0071,2024-01-04,70.3,Real
CL0071,2024-01-05,57.99,Real
CL0071,2024-01-06,38.95,Real
CL0071,2024-01-07,34.47,Real
CL0071,2024-01-08,44.28,Real
CL0071,2024-01-09,62.43,Estimada
CL0071,2024-01-10,53.11,Real
CL0071,2024-01-11,54.86,Real
CL0071,2024-01-12,71.67,Real
CL0071,2024-01-13,35.02,Real
CL0071,2024-01-14,52.13,Real
CL0071,2024-01-15,41.68,Real
CL0071,2024-01-16,56.93,Real
CL0071,2024-01-17,33.57,Real
CL0071,2024-01-18,59.7,Estimada
CL0071,2024-01-19,59.67,Real
CL0071,2024-01-20,53.17,Real
CL0071,2024-01-21,36.18,Real
CL0071,2024-01-22,79.94,Real
CL0071,2024-01-23,63.78,Real
CL0071,2024-01-24,36.15,Real
CL0071,2024-01-25,62.4,Real
CL0071,2024-01-26,39.08,Estimada
CL0071,2024-01-27,49.98,Real
CL0071,2024-01-28,18.64,Real
CL0071,2024-01-29,46.62,Real
CL0071,2024-01-30,65.91,Estimada
CL0071,2024-01-31,55.71,Real
CL0071,2024-02-01,40.58,Real
CL0071,2024-02-02,57.99,Real
CL0071,2024-02-03,56.91,Real
CL0071,2024-02-04,44.68,Real
CL0071,2024-02-05,40.85,Real
CL0071,2024-02-06,50.92,Estimada
CL0071,2024-02-07,63.44,Real
CL0071,2024-02-08,53.73,Real
CL0071,2024-02-09,55.79,Real
CL0071,2024-02-10,28.72,Real
CL0071,2024-02-11,13.25,Real
CL0071,2024-02-12,46.57,Real
CL0071,2024-02-13,10.39,Real
CL0071,2024-02-14,58.08,Estimada
CL0071,2024-02-15,40.59,Real
CL0071,2024-02-16,49.21,Real
CL0071,2024-02-17,21.83,Real
CL0071,2024-02-18,4.41,Real
CL0071,2024-02-19,49.3,Real
CL0071,2024-02-20,45.07,Real
CL0071,2024-02-21,63.11,Real
CL0071,2024-02-22,27.21,Real
CL0071,2024-02-23,62.48,Real
CL0071,2024-02-24,23.6,Real
CL0071,2024-02-25,41.04,Real
CL0071,2024-02-26,42.01,Real
CL0071,2024-02-27,42.01,Real
CL0071,2024-02-28,46.55,Estimada
CL0071,2024-02-29,51.92,Real
CL0071,2024-03-01,50.89,Real
CL0071,2024-03-02,25.0,Real
CL0071,2024-03-03,26.28,Real
CL0071,2024-03-04,42.98,Real
CL0071,2024-03-05,46.33,Real
CL0071,2024-03-06,49.99,Real
CL0071,2024-03-07,30.43,Real
CL0071,2024-03-08,44.08,Real
CL0071,2024-03-09,38.87,Real
CL0071,2024-03-10,36.14,Real
CL0071,2024-03-11,16.58,Real
CL0071,2024-03-12,35.1,Real
CL0071,2024-03-13,39.38,Real
CL0071,2024-03-14,48.83,Real
CL0071,2024-03-15,37.57,Real
CL0071,2024-03-16,39.52,Real
CL0071,2024-03-17,28.11,Real
CL0071,2024-03-18,43.11,Real
CL0071,2024-03-19,44.2,Real
CL0071,2024-03-20,27.24,Estimada
CL0071,2024-03-21,38.55,Real
CL0071,2024-03-22,50.93,Real
CL0071,2024-03-23,13.59,Real
CL0071,2024-03-24,40.76,Real
CL0071,2024-03-25,62.06,Real
CL0071,2024-03-26,43.59,Real
CL0071,2024-03-27,37.62,Real
CL0071,2024-03-28,53.01,Estimada
CL0071,2024-03-29,58.85,Real
CL0071,2024-03-30,47.49,Real
CL0071,2024-03-31,29.44,Real
CL0071,2024-04-01,41.69,Real
CL0071,2024-04-02,36.41,Real
CL0071,2024-04-03,45.48,Real
CL0071,2024-04-04,54.8,Estimada
CL0071,2024-04-05,42.08,Real
CL0071,2024-04-06,46.16,Real
CL0071,2024-04-07,27.98,Real
CL0071,2024-04-08,41.26,Real
CL0071,2024-04-09,55.96,Real
CL0071,2024-04-10,33.54,Real
CL0071,2024-04-11,61.32,Real
CL0071,2024-04-12,42.4,Real
CL0071,2024-04-13,25.72,Real
CL0071,2024-04-14,25.68,Real
CL0071,2024-04-15,48.51,Real
CL0071,2024-04-16,47.62,Real
CL0071,2024-04-17,52.44,Real
CL0071,2024-04-18,57.82,Real
CL0071,2024-04-19,63.37,Real
CL0071,2024-04-20,30.8,Real
CL0071,2024-04-21,16.77,Real
CL0071,2024-04-22,66.79,Real
CL0071,2024-04-23,19.01,Real
CL0071,2024-04-24,79.33,Real
CL0071,2024-04-25,61.71,Real
CL0071,2024-04-26,56.06,Real
CL0071,2024-04-27,35.64,Real
CL0071,2024-04-28,38.25,Real
CL0071,2024-04-29,51.27,Real
CL0071,2024-04-30,37.95,Estimada
CL0071,2024-05-01,73.6,Real
CL0071,2024-05-02,58.4,Real
CL0071,2024-05-03,76.89,Real
CL0071,2024-05-04,32.83,Real
CL0071,2024-05-05,42.91,Real
CL0071,2024-05-06,51.73,Real
CL0071,2024-05-07,62.43,Estimada
CL0071,2024-05-08,42.64,Real
CL0071,2024-05-09,58.2,Real
CL0071,2024-05-10,27.71,Estimada
CL0071,2024-05-11,28.25,Real
CL0071,2024-05-12,44.27,Real
CL0071,2024-05-13,54.51,Real
CL0071,2024-05-14,50.06,Real
CL0071,2024-05-15,64.3,Real
CL0071,2024-05-16,48.97,Real
CL0071,2024-05-17,39.69,Estimada
CL0071,2024-05-18,56.54,Estimada
CL0071,2024-05-19,65.99,Real
CL0071,2024-05-20,37.86,Real
CL0071,2024-05-21,79.63,Estimada
CL0071,2024-05-22,68.82,Real
CL0071,2024-05-23,56.12,Real
CL0071,2024-05-24,47.1,Real
CL0071,2024-05-25,37.4,Real
CL0071,2024-05-26,54.15,Real
CL0071,2024-05-27,71.91,Real
CL0071,2024-05-28,57.23,Real
CL0071,2024-05-29,46.97,Real
CL0071,2024-05-30,31.88,Real
CL0071,2024-05-31,51.8,Real
CL0071,2024-06-01,32.71,Real
CL0071,2024-06-02,57.86,Real
CL0071,2024-06-03,76.95,Real
CL0071,2024-06-04,83.03,Real
CL0071,2024-06-05,67.67,Real
CL0071,2024-06-06,87.43,Real
CL0071,2024-06-07,58.94,Real
CL0071,2024-06-08,40.32,Real
CL0071,2024-06-09,53.28,Real
CL0071,2024-06-10,62.19,Real
CL0071,2024-06-11,82.44,Real
CL0071,2024-06-12,89.15,Real
CL0071,2024-06-13,75.7,Real
CL0071,2024-06-14,64.12,Real
CL0071,2024-06-15,54.03,Real
CL0071,2024-06-16,58.43,Real
CL0071,2024-06-17,55.56,Real
CL0071,2024-06-18,50.13,Real
CL0071,2024-06-19,60.34,Estimada
CL0071,2024-06-20,54.09,Real
CL0071,2024-06-21,78.38,Real
CL0071,2024-06-22,43.1,Real
CL0071,2024-06-23,52.05,Real
CL0071,2024-06-24,49.03,Real
CL0071,2024-06-25,65.32,Real
CL0071,2024-06-26,55.66,Real
CL0071,2024-06-27,82.88,Real
CL0071,2024-06-28,79.95,Real
CL0072,2024-01-01,10.54,Real
CL0072,2024-01-02,12.59,Estimada
CL0072,2024-01-03,5.89,Real
CL0072,2024-01-04,6.23,Real
CL0072,2024-01-05,10.11,Real
CL0072,2024-01-06,19.46,Real
CL0072,2024-01-07,20.39,Real
CL0072,2024-01-08,13.62,Real
CL0072,2024-01-09,15.58,Real
CL0072,2024-01-10,10.75,Real
CL0072,2024-01-11,9.13,Real
CL0072,2024-01-12,11.06,Real
CL0072,2024-01-13,21.06,Real
CL0072,2024-01-14,9.73,Real
CL0072,2024-01-15,15.24,Real
CL0072,2024-01-16,10.1,Estimada
CL0072,2024-01-17,14.38,Real
CL0072,2024-01-18,13.51,Estimada
CL0072,2024-01-19,13.02,Real
CL0072,2024-01-20,16.78,Real
CL0072,2024-01-21,23.42,Real
CL0072,2024-01-22,11.36,Real
CL0072,2024-01-23,17.38,Estimada
CL0072,2024-01-24,15.36,Real
CL0072,2024-01-25,8.82,Real
CL0072,2024-01-26,12.46,Real
CL0072,2024-01-27,14.92,Real
CL0072,2024-01-28,19.02,Real
CL0072,2024-01-29,12.71,Estimada
CL0072,2024-01-30,12.77,Real
CL0072,2024-01-31,12.41,Real
CL0072,2024-02-01,11.23,Estimada
CL0072,2024-02-02,9.07,Estimada
CL0072,2024-02-03,19.14,Real
CL0072,2024-02-04,14.51,Real
CL0072,2024-02-05,13.9,Real
CL0072,2024-02-06,12.75,Estimada
CL0072,2024-02-07,9.64,Real
CL0072,2024-02-08,11.52,Real
CL0072,2024-02-09,14.66,Estimada
CL0072,2024-02-10,6.01,Real
CL0072,2024-02-11,17.81,Real
CL0072,2024-02-12,11.95,Real
CL0072,2024-02-13,12.52,Estimada
CL0072,2024-02-14,12.5,Real
CL0072,2024-02-15,9.52,Real
CL0072,2024-02-16,8.64,Real
CL0072,2024-02-17,18.07,Real
CL0072,2024-02-18,13.37,Real
CL0072,2024-02-19,7.69,Real
CL0072,2024-02-20,11.24,Real
CL0072,2024-02-21,12.63,Real
CL0072,2024-02-22,7.6,Real
CL0072,2024-02-23,12.19,Real
CL0072,2024-02-24,16.14,Real
CL0072,2024-02-25,11.54,Real
CL0072,2024-02-26,11.56,Real
CL0072,2024-02-27,13.23,Real
CL0072,2024-02-28,11.04,Real
CL0072,2024-02-29,5.69,Real
CL0072,2024-03-01,11.11,Real
CL0072,2024-03-02,10.69,Real
CL0072,2024-03-03,18.28,Real
CL0072,2024-03-04,11.61,Estimada
CL0072,2024-03-05,12.87,Real
CL0072,2024-03-06,6.85,Real
CL0072,2024-03-07,16.84,Real
CL0072,2024-03-08,8.6,Real
CL0072,2024-03-09,12.43,Real
CL0072,2024-03-10,12.75,Real
CL0072,2024-03-11,14.79,Real
CL0072,2024-03-12,7.47,Estimada
CL0072,2024-03-13,10.71,Real
CL0072,2024-03-14,10.3,Real
CL0072,2024-03-15,6.57,Real
CL0072,2024-03-16,15.25,Real
CL0072,2024-03-17,13.67,Real
CL0072,2024-03-18,4.16,Real
CL0072,2024-03-19,9.33,Real
CL0072,2024-03-20,13.2,Real
CL0072,2024-03-21,13.18,Real
CL0072,2024-03-22,6.54,Estimada
CL0072,2024-03-23,16.48,Estimada
CL0072,2024-03-24,17.4,Real
CL0072,2024-03-25,14.11,Real
CL0072,2024-03-26,9.75,Real
CL0072,2024-03-27,6.59,Real
CL0072,2024-03-28,10.95,Real
CL0072,2024-03-29,11.97,Real
CL0072,2024-03-30,7.97,Real
CL0072,2024-03-31,20.13,Real
CL0072,2024-04-01,9.62,Real
CL0072,2024-04-02,9.25,Real
CL0072,2024-04-03,8.84,Real
CL0072,2024-04-04,14.89,Real
CL0072,2024-04-05,8.23,Estimada
CL0072,2024-04-06,18.5,Real
CL0072,2024-04-07,11.39,Estimada
CL0072,2024-04-08,5.6,Real
CL0072,2024-04-09,7.24,Real
CL0072,2024-04-10,10.68,Real
CL0072,2024-04-11,11.26,Estimada
CL0072,2024-04-12,9.88,Real
CL0072,2024-04-13,17.82,Real
CL0072,2024-04-14,12.49,Real
CL0072,2024-04-15,11.81,Real
CL0072,2024-04-16,7.67,Real
CL0072,2024-04-17,8.81,Real
CL0072,2024-04-18,8.89,Real
CL0072,2024-04-19,8.75,Real
CL0072,2024-04-20,12.03,Estimada
CL0072,2024-04-21,14.04,Real
CL0072,2024-04-22,11.24,Real
CL0072,2024-04-23,13.2,Real
CL0072,2024-04-24,4.85,Real
CL0072,2024-04-25,17.43,Real
CL0072,2024-04-26,7.49,Real
CL0072,2024-04-27,8.34,Estimada
CL0072,2024-04-28,21.05,Real
CL0072,2024-04-29,12.79,Real
CL0072,2024-04-30,14.76,Real
CL0072,2024-05-01,11.44,Real
CL0072,2024-05-02,11.93,Real
CL0072,2024-05-03,16.49,Real
CL0072,2024-05-04,17.12,Real
CL0072,2024-05-05,8.29,Real
CL0072,2024-05-06,6.25,Real
CL0072,2024-05-07,9.06,Real
CL0072,2024-05-08,13.7,Real
CL0072,2024-05-09,11.77,Real
CL0072,2024-05-10,10.18,Estimada
CL0072,2024-05-11,17.14,Real
CL0072,2024-05-12,15.58,Real
CL0072,2024-05-13,6.0,Real
CL0072,2024-05-14,4.1,Real
CL0072,2024-05-15,13.94,Real
CL0072,2024-05-16,16.99,Real
CL0072,2024-05-17,10.78,Real
CL0072,2024-05-18,13.52,Real
CL0072,2024-05-19,17.6,Real
CL0072,2024-05-20,15.26,Real
CL0072,2024-05-21,7.4,Real
CL0072,2024-05-22,10.99,Estimada
CL0072,2024-05-23,21.1,Real
CL0072,2024-05-24,16.51,Real
CL0072,2024-05-25,18.49,Real
CL0072,2024-05-26,13.94,Real
CL0072,2024-05-27,6.91,Real
CL0072,2024-05-28,17.7,Real
CL0072,2024-05-29,6.4,Real
CL0072,2024-05-30,12.29,Real
CL0072,2024-05-31,12.51,Real
CL0072,2024-06-01,18.16,Real
CL0072,2024-06-02,17.31,Real
CL0072,2024-06-03,13.59,Estimada
CL0072,2024-06-04,10.36,Real
CL0072,2024-06-05,19.94,Real
CL0072,2024-06-06,15.39,Real
CL0072,2024-06-07,9.94,Estimada
CL0072,2024-06-08,18.65,Real
CL0072,2024-06-09,19.64,Real
CL0072,2024-06-10,7.77,Real
CL0072,2024-06-11,14.08,Real
CL0072,2024-06-12,8.59,Real
CL0072,2024-06-13,18.08,Real
CL0072,2024-06-14,16.65,Real
CL0072,2024-06-15,15.16,Real
CL0072,2024-06-16,26.33,Real
CL0072,2024-06-17,15.94,Real
CL0072,2024-06-18,12.53,Real
CL0072,2024-06-19,17.31,Real
CL0072,2024-06-20,12.48,Real
CL0072,2024-06-21,15.81,Real
CL0072,2024-06-22,23.96,Real
CL0072,2024-06-23,19.05,Real
CL0072,2024-06-24,16.69,Real
CL0072,2024-06-25,15.55,Real
CL0072,2024-06-26,12.76,Real
CL0072,2024-06-27,9.55,Real
CL0072,2024-06-28,13.14,Estimada
CL0073,2024-01-01,6.3,Real
CL0073,2024-01-02,17.52,Real
CL0073,2024-01-03,21.37,Real
CL0073,2024-01-04,20.75,Real
CL0073,2024-01-05,19.19,Real
CL0073,2024-01-06,20.63,Real
CL0073,2024-01-07,22.65,Estimada
CL0073,2024-01-08,17.86,Real
CL0073,2024-01-09,4.39,Real
CL0073,2024-01-10,16.61,Real
CL0073,2024-01-11,12.91,Real
CL0073,2024-01-12,22.57,Real
CL0073,2024-01-13,21.18,Estimada
CL0073,2024-01-14,21.14,Real
CL0073,2024-01-15,21.04,Real
CL0073,2024-01-16,18.1,Real
CL0073,2024-01-17,16.09,Real
CL0073,2024-01-18,23.44,Real
CL0073,2024-01-19,21.18,Real
CL0073,2024-01-20,22.25,Real
CL0073,2024-01-21,20.18,Real
CL0073,2024-01-22,23.24,Real
CL0073,2024-01-23,16.58,Real
CL0073,2024-01-24,17.75,Real
CL0073,2024-01-25,11.9,Real
CL0073,2024-01-26,20.26,Real
CL0073,2024-01-27,23.65,Real
CL0073,2024-01-28,28.32,Real
CL0073,2024-01-29,20.42,Real
CL0073,2024-01-30,12.93,Real
CL0073,2024-01-31,13.03,Real
CL0073,2024-02-01,17.58,Real
CL0073,2024-02-02,19.16,Real
CL0073,2024-02-03,24.98,Real
CL0073,2024-02-04,23.67,Real
CL0073,2024-02-05,11.46,Real
CL0073,2024-02-06,10.39,Real
CL0073,2024-02-07,21.03,Real
CL0073,2024-02-08,15.59,Real
CL0073,2024-02-09,14.72,Real
CL0073,2024-02-10,19.06,Real
CL0073,2024-02-11,17.01,Real
CL0073,2024-02-12,9.93,Real
CL0073,2024-02-13,14.99,Real
CL0073,2024-02-14,11.28,Real
CL0073,2024-02-15,17.28,Real
CL0073,2024-02-16,5.2,Real
CL0073,2024-02-17,12.6,Real
CL0073,2024-02-18,15.76,Real
CL0073,2024-02-19,6.36,Real
CL0073,2024-02-20,14.52,Estimada
CL0073,2024-02-21,7.25,Real
CL0073,2024-02-22,12.19,Real
CL0073,2024-02-23,10.76,Real
CL0073,2024-02-24,29.24,Real
CL0073,2024-02-25,18.15,Real
CL0073,2024-02-26,9.53,Real
CL0073,2024-02-27,15.11,Real
CL0073,2024-02-28,14.53,Real
CL0073,2024-02-29,13.03,Real
CL0073,2024-03-01,3.8,Real
CL0073,2024-03-02,23.52,Real
CL0073,2024-03-03,17.21,Real
CL0073,2024-03-04,15.06,Real
CL0073,2024-03-05,21.52,Estimada
CL0073,2024-03-06,13.09,Real
CL0073,2024-03-07,13.24,Real
CL0073,2024-03-08,20.79,Real
CL0073,2024-03-09,20.18,Real
CL0073,2024-03-10,15.57,Real
CL0073,2024-03-11,8.37,Real
CL0073,2024-03-12,14.66,Real
CL0073,2024-03-13,4.41,Real
CL0073,2024-03-14,8.72,Real
CL0073,2024-03-15,20.37,Real
CL0073,2024-03-16,16.46,Real
CL0073,2024-03-17,14.2,Estimada
CL0073,2024-03-18,15.01,Real
CL0073,2024-03-19,16.67,Real
CL0073,2024-03-20,13.24,Real
CL0073,2024-03-21,11.66,Real
CL0073,2024-03-22,15.11,Real
CL0073,2024-03-23,20.24,Real
CL0073,2024-03-24,21.29,Real
CL0073,2024-03-25,11.25,Real
CL0073,2024-03-26,9.03,Real
CL0073,2024-03-27,6.5,Real
CL0073,2024-03-28,15.38,Real
CL0073,2024-03-29,6.22,Real
CL0073,2024-03-30,21.6,Real
CL0073,2024-03-31,17.4,Real
CL0073,2024-04-01,14.18,Real
CL0073,2024-04-02,18.08,Real
CL0073,2024-04-03,17.24,Real
CL0073,2024-04-04,17.71,Real
CL0073,2024-04-05,22.07,Real
CL0073,2024-04-06,17.85,Real
CL0073,2024-04-07,24.21,Real
CL0073,2024-04-08,8.79,Real
CL0073,2024-04-09,14.49,Estimada
CL0073,2024-04-10,15.53,Real
CL0073,2024-04-11,15.95,Estimada
CL0073,2024-04-12,15.52,Real
CL0073,2024-04-13,23.11,Real
CL0073,2024-04-14,28.03,Real
CL0073,2024-04-15,14.69,Real
CL0073,2024-04-16,10.9,Estimada
CL0073,2024-04-17,17.37,Real
CL0073,2024-04-18,9.08,Estimada
CL0073,2024-04-19,4.29,Real
CL0073,2024-04-20,23.56,Real
CL0073,2024-04-21,26.62,Estimada
CL0073,2024-04-22,18.87,Real
CL0073,2024-04-23,11.34,Real
CL0073,2024-04-24,17.09,Real
CL0073,2024-04-25,16.6,Real
CL0073,2024-04-26,15.43,Real
CL0073,2024-04-27,17.92,Real
CL0073,2024-04-28,12.15,Real
CL0073,2024-04-29,11.75,Real
CL0073,2024-04-30,12.08,Real
CL0073,2024-05-01,20.6,Real
CL0073,2024-05-02,11.47,Real
CL0073,2024-05-03,7.31,Real
CL0073,2024-05-04,22.53,Real
CL0073,2024-05-05,19.87,Real
CL0073,2024-05-06,16.39,Real
CL0073,2024-05-07,17.42,Real
CL0073,2024-05-08,20.22,Real
CL0073,2024-05-09,11.08,Real
CL0073,2024-05-10,14.26,Real
CL0073,2024-05-11,20.89,Real
CL0073,2024-05-12,26.85,Real
CL0073,2024-05-13,11.5,Estimada
CL0073,2024-05-14,18.73,Real
CL0073,2024-05-15,14.79,Real
CL0073,2024-05-16,13.4,Estimada
CL0073,2024-05-17,11.92,Real
CL0073,2024-05-18,26.06,Estimada
CL0073,2024-05-19,21.46,Estimada
CL0073,2024-05-20,9.14,Real
CL0073,2024-05-21,19.82,Estimada
CL0073,2024-05-22,20.43,Real
CL0073,2024-05-23,18.11,Real
CL0073,2024-05-24,14.17,Real
CL0073,2024-05-25,24.21,Real
CL0073,2024-05-26,17.78,Real
CL0073,2024-05-27,17.67,Real
CL0073,2024-05-28,9.18,Real
CL0073,2024-05-29,19.25,Real
CL0073,2024-05-30,7.74,Real
CL0073,2024-05-31,7.58,Real
CL0073,2024-06-01,31.27,Real
CL0073,2024-06-02,27.44,Real
CL0073,2024-06-03,14.45,Real
CL0073,2024-06-04,17.77,Real
CL0073,2024-06-05,25.37,Real
CL0073,2024-06-06,19.89,Real
CL0073,2024-06-07,26.91,Real
CL0073,2024-06-08,36.9,Real
CL0073,2024-06-09,20.44,Real
CL0073,2024-06-10,14.78,Real
CL0073,2024-06-11,24.96,Real
CL0073,2024-06-12,21.57,Real
CL0073,2024-06-13,24.06,Real
CL0073,2024-06-14,21.33,Real
CL0073,2024-06-15,32.07,Real
CL0073,2024-06-16,27.91,Real
CL0073,2024-06-17,18.98,Real
CL0073,2024-06-18,19.43,Real
CL0073,2024-06-19,14.98,Real
CL0073,2024-06-20,28.2,Real
CL0073,2024-06-21,8.89,Estimada
CL0073,2024-06-22,31.11,Real
CL0073,2024-06-23,28.26,Real
CL0073,2024-06-24,14.57,Real
CL0073,2024-06-25,21.44,Estimada
CL0073,2024-06-26,22.71,Real
CL0073,2024-06-27,18.73,Real
CL0073,2024-06-28,24.58,Real
CL0074,2024-01-01,53.7,Real
CL0074,2024-01-02,70.38,Real
CL0074,2024-01-03,57.8,Real
CL0074,2024-01-04,78.37,Estimada
CL0074,2024-01-05,49.45,Real
CL0074,2024-01-06,45.87,Real
CL0074,2024-01-07,56.52,Estimada
CL0074,2024-01-08,82.96,Real
CL0074,2024-01-09,56.16,Real
CL0074,2024-01-10,63.58,Real
CL0074,2024-01-11,60.75,Real
CL0074,2024-01-12,51.67,Real
CL0074,2024-01-13,23.45,Real
CL0074,2024-01-14,35.93,Real
CL0074,2024-01-15,49.09,Real
CL0074,2024-01-16,90.12,Real
CL0074,2024-01-17,44.98,Real
CL0074,2024-01-18,60.28,Real
CL0074,2024-01-19,71.57,Real
CL0074,2024-01-20,49.59,Real
CL0074,2024-01-21,59.95,Real
CL0074,2024-01-22,52.16,Real
CL0074,2024-01-23,36.98,Real
CL0074,2024-01-24,60.34,Real
CL0074,2024-01-25,64.36,Real
CL0074,2024-01-26,60.43,Real
CL0074,2024-01-27,80.35,Real
CL0074,2024-01-28,60.53,Real
CL0074,2024-01-29,63.16,Real
CL0074,2024-01-30,87.65,Real
CL0074,2024-01-31,56.43,Real
CL0074,2024-02-01,69.43,Real
CL0074,2024-02-02,92.76,Real
CL0074,2024-02-03,55.71,Real
CL0074,2024-02-04,53.9,Real
CL0074,2024-02-05,85.42,Real
CL0074,2024-02-06,54.69,Real
CL0074,2024-02-07,88.52,Real
CL0074,2024-02-08,56.47,Real
CL0074,2024-02-09,51.02,Real
CL0074,2024-02-10,57.36,Real
CL0074,2024-02-11,43.81,Real
CL0074,2024-02-12,70.86,Real
CL0074,2024-02-13,58.5,Real
CL0074,2024-02-14,24.58,Real
CL0074,2024-02-15,7.64,Real
CL0074,2024-02-16,76.65,Real
CL0074,2024-02-17,33.86,Real
CL0074,2024-02-18,42.86,Real
CL0074,2024-02-19,60.13,Real
CL0074,2024-02-20,34.44,Real
CL0074,2024-02-21,70.24,Real
CL0074,2024-02-22,49.05,Real
CL0074,2024-02-23,61.58,Real
CL0074,2024-02-24,28.94,Real
CL0074,2024-02-25,53.91,Real
CL0074,2024-02-26,50.8,Real
CL0074,2024-02-27,72.65,Estimada
CL0074,2024-02-28,66.18,Real
CL0074,2024-02-29,42.01,Real
CL0074,2024-03-01,46.03,Real
CL0074,2024-03-02,28.06,Real
CL0074,2024-03-03,36.67,Real
CL0074,2024-03-04,66.8,Real
CL0074,2024-03-05,63.49,Real
CL0074,2024-03-06,58.07,Real
CL0074,2024-03-07,47.58,Real
CL0074,2024-03-08,73.21,Real
CL0074,2024-03-09,56.1,Real
CL0074,2024-03-10,34.93,Real
CL0074,2024-03-11,31.23,Real
CL0074,2024-03-12,57.45,Real
CL0074,2024-03-13,47.82,Real
CL0074,2024-03-14,45.73,Real
CL0074,2024-03-15,50.85,Real
CL0074,2024-03-16,32.18,Real
CL0074,2024-03-17,16.85,Real
CL0074,2024-03-18,82.65,Real
CL0074,2024-03-19,43.87,Real
CL0074,2024-03-20,77.19,Real
CL0074,2024-03-21,65.69,Real
CL0074,2024-03-22,31.98,Real
CL0074,2024-03-23,22.79,Real
CL0074,2024-03-24,52.93,Real
CL0074,2024-03-25,31.27,Real
CL0074,2024-03-26,71.89,Real
CL0074,2024-03-27,59.23,Real
CL0074,2024-03-28,21.35,Real
CL0074,2024-03-29,76.59,Real
CL0074,2024-03-30,71.59,Real
CL0074,2024-03-31,78.29,Real
CL0074,2024-04-01,66.64,Real
CL0074,2024-04-02,50.67,Real
CL0074,2024-04-03,48.41,Real
CL0074,2024-04-04,81.65,Real
CL0074,2024-04-05,44.49,Real
CL0074,2024-04-06,61.8,Estimada
CL0074,2024-04-07,53.97,Real
CL0074,2024-04-08,32.99,Real
CL0074,2024-04-09,48.14,Real
CL0074,2024-04-10,36.47,Real
CL0074,2024-04-11,95.49,Real
CL0074,2024-04-12,67.05,Real
CL0074,2024-04-13,40.53,Real
CL0074,2024-04-14,25.32,Real
CL0074,2024-04-15,52.96,Real
CL0074,2024-04-16,62.37,Estimada
CL0074,2024-04-17,61.08,Real
CL0074,2024-04-18,40.24,Real
CL0074,2024-04-19,50.21,Real
CL0074,2024-04-20,67.71,Real
CL0074,2024-04-21,34.24,Real
CL0074,2024-04-22,63.84,Real
CL0074,2024-04-23,52.81,Real
CL0074,2024-04-24,44.38,Real
CL0074,2024-04-25,89.47,Real
CL0074,2024-04-26,41.17,Real
CL0074,2024-04-27,57.47,Real
CL0074,2024-04-28,52.05,Real
CL0074,2024-04-29,59.13,Real
CL0074,2024-04-30,63.2,Real
CL0074,2024-05-01,53.74,Estimada
CL0074,2024-05-02,70.94,Estimada
CL0074,2024-05-03,68.15,Real
CL0074,2024-05-04,43.3,Real
CL0074,2024-05-05,34.77,Real
CL0074,2024-05-06,81.52,Real
CL0074,2024-05-07,85.95,Real
CL0074,2024-05-08,81.15,Real
CL0074,2024-05-09,72.91,Estimada
CL0074,2024-05-10,81.63,Real
CL0074,2024-05-11,35.45,Real
CL0074,2024-05-12,86.49,Real
CL0074,2024-05-13,48.6,Real
CL0074,2024-05-14,92.1,Real
CL0074,2024-05-15,56.44,Real
CL0074,2024-05-16,42.62,Real
CL0074,2024-05-17,18.39,Real
CL0074,2024-05-18,50.66,Real
CL0074,2024-05-19,79.37,Real
CL0074,2024-05-20,87.28,Estimada
CL0074,2024-05-21,65.73,Real
CL0074,2024-05-22,80.32,Real
CL0074,2024-05-23,68.03,Real
CL0074,2024-05-24,56.69,Real
CL0074,2024-05-25,50.77,Real
CL0074,2024-05-26,21.46,Real
CL0074,2024-05-27,82.13,Real
CL0074,2024-05-28,65.24,Real
CL0074,2024-05-29,72.69,Real
CL0074,2024-05-30,66.38,Real
CL0074,2024-05-31,36.31,Estimada
CL0074,2024-06-01,83.25,Real
CL0074,2024-06-02,62.39,Real
CL0074,2024-06-03,70.0,Real
CL0074,2024-06-04,98.84,Real
CL0074,2024-06-05,77.63,Real
CL0074,2024-06-06,69.75,Real
CL0074,2024-06-07,96.18,Real
CL0074,2024-06-08,39.49,Real
CL0074,2024-06-09,32.59,Real
CL0074,2024-06-10,85.91,Real
CL0074,2024-06-11,77.45,Estimada
CL0074,2024-06-12,75.82,Estimada
CL0074,2024-06-13,86.34,Real
CL0074,2024-06-14,112.39,Real
CL0074,2024-06-15,71.72,Real
CL0074,2024-06-16,86.58,Real
CL0074,2024-06-17,88.77,Real
CL0074,2024-06-18,83.57,Real
CL0074,2024-06-19,97.14,Real
CL0074,2024-06-20,79.74,Real
CL0074,2024-06-21,88.91,Real
CL0074,2024-06-22,70.35,Real
CL0074,2024-06-23,54.8,Real
CL0074,2024-06-24,63.1,Real
CL0074,2024-06-25,116.5,Real
CL0074,2024-06-26,87.97,Real
CL0074,2024-06-27,107.08,Real
CL0074,2024-06-28,98.12,Real
CL0075,2024-01-01,224.37,Real
CL0075,2024-01-02,251.63,Real
CL0075,2024-01-03,161.53,Real
CL0075,2024-01-04,220.53,Real
CL0075,2024-01-05,191.55,Real
CL0075,2024-01-06,222.68,Real
CL0075,2024-01-07,136.4,Real
CL0075,2024-01-08,251.09,Real
CL0075,2024-01-09,195.47,Real
CL0075,2024-01-10,280.7,Real
CL0075,2024-01-11,241.21,Real
CL0075,2024-01-12,224.03,Estimada
CL0075,2024-01-13,224.87,Real
CL0075,2024-01-14,222.54,Estimada
CL0075,2024-01-15,241.26,Real
CL0075,2024-01-16,186.27,Real
CL0075,2024-01-17,247.79,Real
CL0075,2024-01-18,207.4,Real
CL0075,2024-01-19,174.1,Estimada
CL0075,2024-01-20,168.46,Real
CL0075,2024-01-21,193.53,Real
CL0075,2024-01-22,215.79,Real
CL0075,2024-01-23,345.95,Real
CL0075,2024-01-24,176.96,Real
CL0075,2024-01-25,254.77,Real
CL0075,2024-01-26,208.03,Real
CL0075,2024-01-27,138.05,Real
CL0075,2024-01-28,213.62,Real
CL0075,2024-01-29,315.52,Real
CL0075,2024-01-30,175.48,Real
CL0075,2024-01-31,192.13,Real
CL0075,2024-02-01,232.98,Real
CL0075,2024-02-02,149.85,Estimada
CL0075,2024-02-03,100.77,Real
CL0075,2024-02-04,135.18,Real
CL0075,2024-02-05,221.14,Estimada
CL0075,2024-02-06,53.53,Real
CL0075,2024-02-07,305.23,Estimada
CL0075,2024-02-08,214.67,Real
CL0075,2024-02-09,184.82,Estimada
CL0075,2024-02-10,197.82,Real
CL0075,2024-02-11,155.48,Real
CL0075,2024-02-12,258.56,Real
CL0075,2024-02-13,75.08,Real
CL0075,2024-02-14,157.21,Real
CL0075,2024-02-15,303.96,Real
CL0075,2024-02-16,91.64,Real
CL0075,2024-02-17,161.18,Real
CL0075,2024-02-18,50.26,Real
CL0075,2024-02-19,229.61,Real
CL0075,2024-02-20,189.9,Real
CL0075,2024-02-21,306.52,Real
CL0075,2024-02-22,289.94,Real
CL0075,2024-02-23,131.88,Real
CL0075,2024-02-24,129.14,Real
CL0075,2024-02-25,65.33,Estimada
CL0075,2024-02-26,135.95,Real
CL0075,2024-02-27,185.33,Real
CL0075,2024-02-28,168.54,Real
CL0075,2024-02-29,191.27,Real
CL0075,2024-03-01,95.79,Real
CL0075,2024-03-02,166.71,Estimada
CL0075,2024-03-03,122.38,Real
CL0075,2024-03-04,272.9,Real
CL0075,2024-03-05,223.06,Real
CL0075,2024-03-06,164.52,Estimada
CL0075,2024-03-07,178.61,Real
CL0075,2024-03-08,187.24,Real
CL0075,2024-03-09,133.42,Real
CL0075,2024-03-10,177.06,Real
CL0075,2024-03-11,248.94,Real
CL0075,2024-03-12,333.55,Real
CL0075,2024-03-13,139.07,Real
CL0075,2024-03-14,267.72,Real
CL0075,2024-03-15,238.2,Real
CL0075,2024-03-16,195.87,Real
CL0075,2024-03-17,103.15,Real
CL0075,2024-03-18,151.84,Real
CL0075,2024-03-19,210.02,Real
CL0075,2024-03-20,169.0,Estimada
CL0075,2024-03-21,193.4,Real
CL0075,2024-03-22,159.09,Real
CL0075,2024-03-23,118.52,Real
CL0075,2024-03-24,192.17,Real
CL0075,2024-03-25,232.74,Estimada
CL0075,2024-03-26,212.95,Real
CL0075,2024-03-27,140.59,Real
CL0075,2024-03-28,212.62,Real
CL0075,2024-03-29,194.68,Real
CL0075,2024-03-30,139.63,Estimada
CL0075,2024-03-31,143.12,Real
CL0075,2024-04-01,165.43,Real
CL0075,2024-04-02,78.03,Real
CL0075,2024-04-03,150.66,Real
CL0075,2024-04-04,182.12,Real
CL0075,2024-04-05,224.4,Real
CL0075,2024-04-06,201.52,Estimada
CL0075,2024-04-07,48.73,Real
CL0075,2024-04-08,183.63,Real
CL0075,2024-04-09,222.03,Real
CL0075,2024-04-10,223.37,Real
CL0075,2024-04-11,203.6,Real
CL0075,2024-04-12,183.16,Estimada
CL0075,2024-04-13,185.53,Real
CL0075,2024-04-14,144.08,Real
CL0075,2024-04-15,262.25,Estimada
CL0075,2024-04-16,196.05,Estimada
CL0075,2024-04-17,39.05,Real
CL0075,2024-04-18,97.11,Real
CL0075,2024-04-19,301.32,Real
CL0075,2024-04-20,146.81,Real
CL0075,2024-04-21,124.48,Real
CL0075,2024-04-22,256.85,Real
CL0075,2024-04-23,223.54,Real
CL0075,2024-04-24,161.25,Real
CL0075,2024-04-25,220.39,Real
CL0075,2024-04-26,144.76,Real
CL0075,2024-04-27,203.56,Real
CL0075,2024-04-28,119.31,Real
CL0075,2024-04-29,260.16,Real
CL0075,2024-04-30,235.99,Real
CL0075,2024-05-01,201.43,Real
CL0075,2024-05-02,311.36,Real
CL0075,2024-05-03,159.92,Real
CL0075,2024-05-04,89.58,Real
CL0075,2024-05-05,153.84,Real
CL0075,2024-05-06,252.68,Real
CL0075,2024-05-07,234.15,Real
CL0075,2024-05-08,222.21,Real
CL0075,2024-05-09,209.87,Real
CL0075,2024-05-10,250.15,Real
CL0075,2024-05-11,222.7,Real
CL0075,2024-05-12,86.39,Real
CL0075,2024-05-13,220.89,Real
CL0075,2024-05-14,291.51,Real
CL0075,2024-05-15,317.51,Real
CL0075,2024-05-16,271.12,Real
CL0075,2024-05-17,124.77,Real
CL0075,2024-05-18,241.36,Real
CL0075,2024-05-19,194.93,Estimada
CL0075,2024-05-20,71.62,Real
CL0075,2024-05-21,264.99,Real
CL0075,2024-05-22,244.18,Estimada
CL0075,2024-05-23,194.32,Real
CL0075,2024-05-24,230.12,Real
CL0075,2024-05-25,157.27,Real
CL0075,2024-05-26,167.18,Real
CL0075,2024-05-27,153.41,Real
CL0075,2024-05-28,263.08,Estimada
CL0075,2024-05-29,279.75,Real
CL0075,2024-05-30,307.15,Real
CL0075,2024-05-31,207.39,Real
CL0075,2024-06-01,296.5,Real
CL0075,2024-06-02,198.42,Real
CL0075,2024-06-03,237.13,Real
CL0075,2024-06-04,269.04,Real
CL0075,2024-06-05,282.16,Real
CL0075,2024-06-06,409.27,Real
CL0075,2024-06-07,274.19,Real
CL0075,2024-06-08,239.81,Real
CL0075,2024-06-09,194.62,Estimada
CL0075,2024-06-10,248.55,Real
CL0075,2024-06-11,282.71,Real
CL0075,2024-06-12,332.07,Estimada
CL0075,2024-06-13,333.41,Real
CL0075,2024-06-14,258.65,Real
CL0075,2024-06-15,183.47,Real
CL0075,2024-06-16,216.21,Real
CL0075,2024-06-17,327.06,Real
CL0075,2024-06-18,281.62,Real
CL0075,2024-06-19,216.13,Estimada
CL0075,2024-06-20,267.55,Real
CL0075,2024-06-21,247.04,Estimada
CL0075,2024-06-22,215.63,Real
CL0075,2024-06-23,149.56,Real
CL0075,2024-06-24,282.67,Real
CL0075,2024-06-25,275.64,Real
CL0075,2024-06-26,263.05,Real
CL0075,2024-06-27,258.5,Estimada
CL0075,2024-06-28,241.14,Real
CL0076,2024-01-01,62.15,Real
CL0076,2024-01-02,47.17,Real
CL0076,2024-01-03,49.57,Real
CL0076,2024-01-04,57.73,Real
CL0076,2024-01-05,70.62,Estimada
CL0076,2024-01-06,42.33,Real
CL0076,2024-01-07,50.27,Real
CL0076,2024-01-08,43.13,Real
CL0076,2024-01-09,51.25,Estimada
CL0076,2024-01-10,53.46,Real
CL0076,2024-01-11,61.5,Real
CL0076,2024-01-12,76.94,Real
CL0076,2024-01-13,66.9,Real
CL0076,2024-01-14,24.62,Real
CL0076,2024-01-15,79.35,Real
CL0076,2024-01-16,42.4,Real
CL0076,2024-01-17,53.61,Real
CL0076,2024-01-18,59.01,Real
CL0076,2024-01-19,55.82,Real
CL0076,2024-01-20,45.95,Real
CL0076,2024-01-21,53.53,Real
CL0076,2024-01-22,55.0,Estimada
CL0076,2024-01-23,47.01,Real
CL0076,2024-01-24,79.22,Real
CL0076,2024-01-25,61.79,Real
CL0076,2024-01-26,39.72,Real
CL0076,2024-01-27,26.23,Real
CL0076,2024-01-28,53.63,Real
CL0076,2024-01-29,83.13,Estimada
CL0076,2024-01-30,64.21,Real
CL0076,2024-01-31,69.38,Real
CL0076,2024-02-01,79.15,Real
CL0076,2024-02-02,64.02,Real
CL0076,2024-02-03,27.65,Real
CL0076,2024-02-04,52.62,Real
CL0076,2024-02-05,52.42,Real
CL0076,2024-02-06,70.8,Real
CL0076,2024-02-07,44.36,Real
CL0076,2024-02-08,62.18,Real
CL0076,2024-02-09,53.26,Real
CL0076,2024-02-10,46.58,Real
CL0076,2024-02-11,50.15,Real
CL0076,2024-02-12,47.03,Real
CL0076,2024-02-13,52.13,Real
CL0076,2024-02-14,48.95,Real
CL0076,2024-02-15,74.31,Real
CL0076,2024-02-16,64.87,Estimada
CL0076,2024-02-17,39.94,Real
CL0076,2024-02-18,58.08,Real
CL0076,2024-02-19,31.91,Real
CL0076,2024-02-20,17.54,Real
CL0076,2024-02-21,37.15,Real
CL0076,2024-02-22,22.64,Real
CL0076,2024-02-23,53.98,Real
CL0076,2024-02-24,14.12,Real
CL0076,2024-02-25,65.55,Real
CL0076,2024-02-26,56.71,Real
CL0076,2024-02-27,51.77,Real
CL0076,2024-02-28,76.36,Real
CL0076,2024-02-29,62.06,Real
CL0076,2024-03-01,66.71,Real
CL0076,2024-03-02,27.35,Real
CL0076,2024-03-03,42.15,Estimada
CL0076,2024-03-04,43.06,Real
CL0076,2024-03-05,62.5,Real
CL0076,2024-03-06,48.92,Real
CL0076,2024-03-07,42.83,Real
CL0076,2024-03-08,54.2,Real
CL0076,2024-03-09,44.36,Real
CL0076,2024-03-10,18.84,Real
CL0076,2024-03-11,46.83,Estimada
CL0076,2024-03-12,41.76,Real
CL0076,2024-03-13,54.51,Estimada
CL0076,2024-03-14,49.96,Real
CL0076,2024-03-15,37.68,Estimada
CL0076,2024-03-16,37.47,Real
CL0076,2024-03-17,51.04,Real
CL0076,2024-03-18,22.08,Estimada
CL0076,2024-03-19,67.38,Real
CL0076,2024-03-20,33.58,Real
CL0076,2024-03-21,30.01,Real
CL0076,2024-03-22,57.3,Real
CL0076,2024-03-23,6.03,Estimada
CL0076,2024-03-24,41.59,Real
CL0076,2024-03-25,58.29,Estimada
CL0076,2024-03-26,60.43,Real
CL0076,2024-03-27,48.48,Real
CL0076,2024-03-28,49.03,Real
CL0076,2024-03-29,66.77,Real
CL0076,2024-03-30,18.89,Real
CL0076,2024-03-31,41.37,Estimada
CL0076,2024-04-01,54.06,Real
CL0076,2024-04-02,65.83,Real
CL0076,2024-04-03,88.52,Real
CL0076,2024-04-04,54.63,Real
CL0076,2024-04-05,43.1,Real
CL0076,2024-04-06,57.73,Real
CL0076,2024-04-07,50.52,Real
CL0076,2024-04-08,57.89,Real
CL0076,2024-04-09,37.18,Real
CL0076,2024-04-10,49.27,Estimada
CL0076,2024-04-11,62.9,Real
CL0076,2024-04-12,23.97,Estimada
CL0076,2024-04-13,42.07,Real
CL0076,2024-04-14,17.41,Estimada
CL0076,2024-04-15,29.43,Real
CL0076,2024-04-16,66.42,Real
CL0076,2024-04-17,50.28,Real
CL0076,2024-04-18,58.59,Real
CL0076,2024-04-19,43.25,Estimada
CL0076,2024-04-20,27.51,Real
CL0076,2024-04-21,20.06,Real
CL0076,2024-04-22,46.76,Real
CL0076,2024-04-23,67.3,Real
CL0076,2024-04-24,46.12,Real
CL0076,2024-04-25,32.71,Real
CL0076,2024-04-26,25.6,Real
CL0076,2024-04-27,52.67,Estimada
CL0076,2024-04-28,50.79,Real
CL0076,2024-04-29,69.27,Real
CL0076,2024-04-30,27.71,Estimada
CL0076,2024-05-01,42.48,Real
CL0076,2024-05-02,74.48,Real
CL0076,2024-05-03,70.5,Real
CL0076,2024-05-04,52.95,Real
CL0076,2024-05-05,55.81,Real
CL0076,2024-05-06,67.48,Real
CL0076,2024-05-07,43.56,Real
CL0076,2024-05-08,51.06,Real
CL0076,2024-05-09,88.95,Real
CL0076,2024-05-10,86.75,Real
CL0076,2024-05-11,41.76,Real
CL0076,2024-05-12,42.82,Real
CL0076,2024-05-13,78.61,Real
CL0076,2024-05-14,62.52,Real
CL0076,2024-05-15,65.15,Real
CL0076,2024-05-16,72.38,Real
CL0076,2024-05-17,73.15,Real
CL0076,2024-05-18,35.73,Real
CL0076,2024-05-19,11.85,Real
CL0076,2024-05-20,98.36,Estimada
CL0076,2024-05-21,63.73,Real
CL0076,2024-05-22,51.72,Real
CL0076,2024-05-23,76.57,Real
CL0076,2024-05-24,51.75,Real
CL0076,2024-05-25,42.2,Real
CL0076,2024-05-26,45.1,Real
CL0076,2024-05-27,58.92,Real
CL0076,2024-05-28,70.67,Real
CL0076,2024-05-29,50.78,Real
CL0076,2024-05-30,66.76,Real
CL0076,2024-05-31,51.06,Real
CL0076,2024-06-01,62.39,Real
CL0076,2024-06-02,54.45,Real
CL0076,2024-06-03,80.16,Real
CL0076,2024-06-04,59.96,Estimada
CL0076,2024-06-05,60.04,Real
CL0076,2024-06-06,59.15,Real
CL0076,2024-06-07,78.86,Real
CL0076,2024-06-08,47.46,Real
CL0076,2024-06-09,33.61,Real
CL0076,2024-06-10,56.8,Real
CL0076,2024-06-11,76.12,Estimada
CL0076,2024-06-12,66.27,Real
CL0076,2024-06-13,63.79,Real
CL0076,2024-06-14,85.03,Real
CL0076,2024-06-15,58.32,Real
CL0076,2024-06-16,35.67,Estimada
CL0076,2024-06-17,110.63,Real
CL0076,2024-06-18,70.48,Real
CL0076,2024-06-19,53.18,Real
CL0076,2024-06-20,70.74,Real
CL0076,2024-06-21,93.71,Real
CL0076,2024-06-22,63.26,Real
CL0076,2024-06-23,59.3,Real
CL0076,2024-06-24,85.32,Real
CL0076,2024-06-25,45.85,Real
CL0076,2024-06-26,79.07,Real
CL0076,2024-06-27,76.52,Real
CL0076,2024-06-28,86.43,Real
CL0077,2024-01-01,157.6,Real
CL0077,2024-01-02,159.62,Real
CL0077,2024-01-03,148.44,Real
CL0077,2024-01-04,157.16,Real
CL0077,2024-01-05,168.13,Real
CL0077,2024-01-06,136.71,Real
CL0077,2024-01-07,119.57,Real
CL0077,2024-01-08,146.85,Real
CL0077,2024-01-09,75.52,Real
CL0077,2024-01-10,116.61,Real
CL0077,2024-01-11,178.48,Real
CL0077,2024-01-12,141.43,Real
CL0077,2024-01-13,103.49,Real
CL0077,2024-01-14,86.68,Real
CL0077,2024-01-15,139.68,Real
CL0077,2024-01-16,131.63,Real
CL0077,2024-01-17,177.87,Real
CL0077,2024-01-18,167.66,Real
CL0077,2024-01-19,145.21,Real
CL0077,2024-01-20,85.52,Real
CL0077,2024-01-21,117.2,Real
CL0077,2024-01-22,136.33,Real
CL0077,2024-01-23,218.27,Real
CL0077,2024-01-24,144.38,Real
CL0077,2024-01-25,104.99,Real
CL0077,2024-01-26,137.89,Real
CL0077,2024-01-27,132.02,Real
CL0077,2024-01-28,191.12,Real
CL0077,2024-01-29,184.23,Real
CL0077,2024-01-30,152.05,Estimada
CL0077,2024-01-31,206.58,Real
CL0077,2024-02-01,148.98,Real
CL0077,2024-02-02,120.53,Real
CL0077,2024-02-03,28.66,Real
CL0077,2024-02-04,73.83,Real
CL0077,2024-02-05,193.89,Real
CL0077,2024-02-06,114.49,Real
CL0077,2024-02-07,103.38,Real
CL0077,2024-02-08,143.93,Real
CL0077,2024-02-09,105.06,Real
CL0077,2024-02-10,81.2,Estimada
CL0077,2024-02-11,163.02,Real
CL0077,2024-02-12,118.02,Real
CL0077,2024-02-13,116.46,Real
CL0077,2024-02-14,196.33,Real
CL0077,2024-02-15,162.95,Real
CL0077,2024-02-16,161.67,Real
CL0077,2024-02-17,160.01,Real
CL0077,2024-02-18,92.63,Real
CL0077,2024-02-19,132.05,Real
CL0077,2024-02-20,74.5,Real
CL0077,2024-02-21,145.42,Real
CL0077,2024-02-22,159.11,Estimada
CL0077,2024-02-23,163.3,Estimada
CL0077,2024-02-24,15.06,Real
CL0077,2024-02-25,72.93,Real
CL0077,2024-02-26,115.56,Real
CL0077,2024-02-27,178.69,Real
CL0077,2024-02-28,146.14,Real
CL0077,2024-02-29,159.61,Real
CL0077,2024-03-01,114.81,Real
CL0077,2024-03-02,134.17,Real
CL0077,2024-03-03,105.17,Real
CL0077,2024-03-04,163.29,Real
CL0077,2024-03-05,50.25,Real
CL0077,2024-03-06,71.42,Estimada
CL0077,2024-03-07,169.72,Real
CL0077,2024-03-08,44.16,Real
CL0077,2024-03-09,7.22,Real
CL0077,2024-03-10,88.02,Estimada
CL0077,2024-03-11,132.1,Real
CL0077,2024-03-12,130.71,Real
CL0077,2024-03-13,163.84,Real
CL0077,2024-03-14,104.99,Estimada
CL0077,2024-03-15,106.43,Real
CL0077,2024-03-16,74.72,Real
CL0077,2024-03-17,78.35,Real
CL0077,2024-03-18,165.45,Real
CL0077,2024-03-19,155.38,Real
CL0077,2024-03-20,174.36,Real
CL0077,2024-03-21,140.69,Real
CL0077,2024-03-22,155.09,Real
CL0077,2024-03-23,119.09,Real
CL0077,2024-03-24,91.18,Real
CL0077,2024-03-25,133.06,Real
CL0077,2024-03-26,212.19,Real
CL0077,2024-03-27,142.38,Real
CL0077,2024-03-28,197.65,Real
CL0077,2024-03-29,131.43,Estimada
CL0077,2024-03-30,72.2,Real
CL0077,2024-03-31,71.56,Real
CL0077,2024-04-01,73.07,Real
CL0077,2024-04-02,69.73,Real
CL0077,2024-04-03,109.65,Real
CL0077,2024-04-04,129.51,Real
CL0077,2024-04-05,61.52,Real
CL0077,2024-04-06,82.22,Real
CL0077,2024-04-07,108.18,Real
CL0077,2024-04-08,183.91,Real
CL0077,2024-04-09,168.32,Real
CL0077,2024-04-10,138.74,Real
CL0077,2024-04-11,55.36,Real
CL0077,2024-04-12,118.97,Real
CL0077,2024-04-13,75.14,Real
CL0077,2024-04-14,82.19,Real
CL0077,2024-04-15,98.19,Real
CL0077,2024-04-16,134.59,Estimada
CL0077,2024-04-17,153.25,Real
CL0077,2024-04-18,160.31,Estimada
CL0077,2024-04-19,138.65,Real
CL0077,2024-04-20,99.44,Real
CL0077,2024-04-21,62.16,Real
CL0077,2024-04-22,171.23,Real
CL0077,2024-04-23,207.13,Real
CL0077,2024-04-24,152.98,Real
CL0077,2024-04-25,137.61,Real
CL0077,2024-04-26,151.06,Estimada
CL0077,2024-04-27,67.36,Real
CL0077,2024-04-28,82.24,Real
CL0077,2024-04-29,146.17,Real
CL0077,2024-04-30,205.44,Real
CL0077,2024-05-01,133.38,Real
CL0077,2024-05-02,162.03,Real
CL0077,2024-05-03,194.72,Real
CL0077,2024-05-04,72.14,Real
CL0077,2024-05-05,54.82,Real
CL0077,2024-05-06,161.21,Real
CL0077,2024-05-07,128.92,Real
CL0077,2024-05-08,181.36,Real
CL0077,2024-05-09,139.02,Estimada
CL0077,2024-05-10,190.2,Real
CL0077,2024-05-11,88.19,Real
CL0077,2024-05-12,126.43,Real
CL0077,2024-05-13,146.31,Real
CL0077,2024-05-14,185.95,Estimada
CL0077,2024-05-15,74.43,Real
CL0077,2024-05-16,146.8,Real
CL0077,2024-05-17,141.11,Real
CL0077,2024-05-18,43.08,Real
CL0077,2024-05-19,129.79,Real
CL0077,2024-05-20,152.43,Estimada
CL0077,2024-05-21,142.79,Real
CL0077,2024-05-22,227.87,Real
CL0077,2024-05-23,164.27,Real
CL0077,2024-05-24,135.94,Real
CL0077,2024-05-25,170.73,Real
CL0077,2024-05-26,182.2,Estimada
CL0077,2024-05-27,165.83,Real
CL0077,2024-05-28,119.82,Estimada
CL0077,2024-05-29,148.98,Real
CL0077,2024-05-30,110.37,Real
CL0077,2024-05-31,169.89,Real
CL0077,2024-06-01,141.11,Real
CL0077,2024-06-02,98.41,Real
CL0077,2024-06-03,151.27,Real
CL0077,2024-06-04,168.31,Real
CL0077,2024-06-05,207.41,Real
CL0077,2024-06-06,138.72,Real
CL0077,2024-06-07,247.34,Real
CL0077,2024-06-08,192.81,Real
CL0077,2024-06-09,140.99,Real
CL0077,2024-06-10,203.74,Real
CL0077,2024-06-11,202.33,Real
CL0077,2024-06-12,187.29,Real
CL0077,2024-06-13,248.72,Real
CL0077,2024-06-14,207.12,Real
CL0077,2024-06-15,123.27,Real
CL0077,2024-06-16,148.14,Estimada
CL0077,2024-06-17,134.3,Estimada
CL0077,2024-06-18,249.67,Estimada
CL0077,2024-06-19,149.98,Real
CL0077,2024-06-20,178.9,Real
CL0077,2024-06-21,142.34,Real
CL0077,2024-06-22,161.63,Real
CL0077,2024-06-23,164.42,Real
CL0077,2024-06-24,308.93,Estimada
CL0077,2024-06-25,221.82,Real
CL0077,2024-06-26,231.34,Real
CL0077,2024-06-27,174.17,Estimada
CL0077,2024-06-28,168.72,Real
CL0078,2024-01-01,5.63,Estimada
CL0078,2024-01-02,8.53,Real
CL0078,2024-01-03,9.47,Real
CL0078,2024-01-04,6.94,Real
CL0078,2024-01-05,6.84,Estimada
CL0078,2024-01-06,8.67,Real
CL0078,2024-01-07,8.38,Real
CL0078,2024-01-08,10.61,Real
CL0078,2024-01-09,7.37,Real
CL0078,2024-01-10,7.44,Real
CL0078,2024-01-11,2.92,Estimada
CL0078,2024-01-12,7.72,Real
CL0078,2024-01-13,8.17,Real
CL0078,2024-01-14,12.26,Real
CL0078,2024-01-15,7.43,Real
CL0078,2024-01-16,6.84,Real
CL0078,2024-01-17,6.74,Real
CL0078,2024-01-18,6.47,Real
CL0078,2024-01-19,7.63,Real
CL0078,2024-01-20,12.22,Real
CL0078,2024-01-21,7.82,Real
CL0078,2024-01-22,7.45,Real
CL0078,2024-01-23,6.86,Real
CL0078,2024-01-24,9.12,Real
CL0078,2024-01-25,12.06,Real
CL0078,2024-01-26,6.52,Estimada
CL0078,2024-01-27,13.46,Real
CL0078,2024-01-28,9.8,Real
CL0078,2024-01-29,9.0,Estimada
CL0078,2024-01-30,9.71,Estimada
CL0078,2024-01-31,4.5,Real
CL0078,2024-02-01,7.25,Real
CL0078,2024-02-02,5.34,Real
CL0078,2024-02-03,13.13,Real
CL0078,2024-02-04,8.86,Real
CL0078,2024-02-05,6.2,Real
CL0078,2024-02-06,6.76,Estimada
CL0078,2024-02-07,6.78,Real
CL0078,2024-02-08,6.28,Real
CL0078,2024-02-09,6.73,Real
CL0078,2024-02-10,11.17,Real
CL0078,2024-02-11,6.74,Real
CL0078,2024-02-12,4.49,Real
CL0078,2024-02-13,2.18,Real
CL0078,2024-02-14,5.06,Real
CL0078,2024-02-15,5.82,Real
CL0078,2024-02-16,7.2,Real
CL0078,2024-02-17,6.18,Real
CL0078,2024-02-18,11.58,Estimada
CL0078,2024-02-19,8.44,Estimada
CL0078,2024-02-20,10.71,Real
CL0078,2024-02-21,6.92,Real
CL0078,2024-02-22,4.91,Real
CL0078,2024-02-23,7.15,Real
CL0078,2024-02-24,11.78,Estimada
CL0078,2024-02-25,8.23,Real
CL0078,2024-02-26,6.83,Real
CL0078,2024-02-27,6.37,Real
CL0078,2024-02-28,2.94,Real
CL0078,2024-02-29,3.5,Real
CL0078,2024-03-01,7.71,Real
CL0078,2024-03-02,8.58,Real
CL0078,2024-03-03,3.62,Real
CL0078,2024-03-04,3.44,Real
CL0078,2024-03-05,6.87,Real
CL0078,2024-03-06,9.7,Real
CL0078,2024-03-07,0.78,Real
CL0078,2024-03-08,3.98,Real
CL0078,2024-03-09,13.1,Real
CL0078,2024-03-10,9.16,Real
CL0078,2024-03-11,4.83,Estimada
CL0078,2024-03-12,5.96,Real
CL0078,2024-03-13,5.16,Real
CL0078,2024-03-14,3.84,Estimada
CL0078,2024-03-15,6.2,Real
CL0078,2024-03-16,5.88,Real
CL0078,2024-03-17,9.43,Real
CL0078,2024-03-18,4.93,Real
CL0078,2024-03-19,8.62,Real
CL0078,2024-03-20,9.6,Real
CL0078,2024-03-21,3.0,Estimada
CL0078,2024-03-22,3.54,Real
CL0078,2024-03-23,7.89,Real
CL0078,2024-03-24,9.63,Real
CL0078,2024-03-25,4.06,Real
CL0078,2024-03-26,7.2,Real
CL0078,2024-03-27,8.59,Real
CL0078,2024-03-28,5.0,Real
CL0078,2024-03-29,6.26,Real
CL0078,2024-03-30,6.84,Real
CL0078,2024-03-31,10.78,Real
CL0078,2024-04-01,4.58,Real
CL0078,2024-04-02,8.15,Real
CL0078,2024-04-03,4.51,Real
CL0078,2024-04-04,10.65,Real
CL0078,2024-04-05,9.5,Real
CL0078,2024-04-06,8.49,Real
CL0078,2024-04-07,2.18,Real
CL0078,2024-04-08,3.64,Real
CL0078,2024-04-09,3.94,Real
CL0078,2024-04-10,8.72,Real
CL0078,2024-04-11,9.32,Real
CL0078,2024-04-12,7.49,Real
CL0078,2024-04-13,12.97,Real
CL0078,2024-04-14,10.07,Real
CL0078,2024-04-15,11.15,Real
CL0078,2024-04-16,8.56,Real
CL0078,2024-04-17,9.5,Real
CL0078,2024-04-18,8.66,Real
CL0078,2024-04-19,7.12,Real
CL0078,2024-04-20,10.33,Real
CL0078,2024-04-21,6.67,Real
CL0078,2024-04-22,5.37,Real
CL0078,2024-04-23,6.15,Real
CL0078,2024-04-24,7.36,Real
CL0078,2024-04-25,8.3,Real
CL0078,2024-04-26,8.64,Real
CL0078,2024-04-27,12.53,Real
CL0078,2024-04-28,9.54,Real
CL0078,2024-04-29,5.1,Real
CL0078,2024-04-30,6.16,Real
CL0078,2024-05-01,6.03,Real
CL0078,2024-05-02,5.23,Real
CL0078,2024-05-03,6.08,Real
CL0078,2024-05-04,8.46,Real
CL0078,2024-05-05,9.93,Real
CL0078,2024-05-06,8.69,Real
CL0078,2024-05-07,9.86,Real
CL0078,2024-05-08,1.44,Real
CL0078,2024-05-09,9.91,Real
CL0078,2024-05-10,4.99,Real
CL0078,2024-05-11,12.48,Real
CL0078,2024-05-12,11.03,Real
CL0078,2024-05-13,10.07,Real
CL0078,2024-05-14,7.21,Real
CL0078,2024-05-15,8.71,Real
CL0078,2024-05-16,8.28,Estimada
CL0078,2024-05-17,5.28,Real
CL0078,2024-05-18,13.93,Real
CL0078,2024-05-19,7.12,Real
CL0078,2024-05-20,8.12,Real
CL0078,2024-05-21,6.94,Real
CL0078,2024-05-22,7.93,Real
CL0078,2024-05-23,7.01,Real
CL0078,2024-05-24,7.45,Real
CL0078,2024-05-25,9.72,Estimada
CL0078,2024-05-26,7.49,Real
CL0078,2024-05-27,4.42,Real
CL0078,2024-05-28,4.7,Real
CL0078,2024-05-29,11.37,Real
CL0078,2024-05-30,3.6,Real
CL0078,2024-05-31,5.98,Real
CL0078,2024-06-01,12.98,Real
CL0078,2024-06-02,12.82,Estimada
CL0078,2024-06-03,8.53,Real
CL0078,2024-06-04,9.39,Real
CL0078,2024-06-05,13.1,Real
CL0078,2024-06-06,9.26,Real
CL0078,2024-06-07,7.93,Real
CL0078,2024-06-08,12.19,Real
CL0078,2024-06-09,15.46,Real
CL0078,2024-06-10,7.57,Real
CL0078,2024-06-11,9.07,Real
CL0078,2024-06-12,10.59,Real
CL0078,2024-06-13,9.69,Estimada
CL0078,2024-06-14,10.1,Real
CL0078,2024-06-15,12.29,Real
CL0078,2024-06-16,14.0,Real
CL0078,2024-06-17,7.19,Real
CL0078,2024-06-18,9.27,Real
CL0078,2024-06-19,9.05,Real
CL0078,2024-06-20,10.47,Real
CL0078,2024-06-21,6.45,Real
CL0078,2024-06-22,10.53,Estimada
CL0078,2024-06-23,14.02,Real
CL0078,2024-06-24,8.89,Real
CL0078,2024-06-25,9.24,Real
CL0078,2024-06-26,11.07,Real
CL0078,2024-06-27,8.09,Real
CL0078,2024-06-28,7.19,Real
CL0079,2024-01-01,14.22,Real
CL0079,2024-01-02,12.52,Estimada
CL0079,2024-01-03,6.6,Real
CL0079,2024-01-04,16.03,Real
CL0079,2024-01-05,15.28,Real
CL0079,2024-01-06,25.55,Real
CL0079,2024-01-07,23.65,Real
CL0079,2024-01-08,18.28,Real
CL0079,2024-01-09,15.93,Real
CL0079,2024-01-10,12.85,Real
CL0079,2024-01-11,14.7,Real
CL0079,2024-01-12,5.85,Real
CL0079,2024-01-13,12.58,Real
CL0079,2024-01-14,22.55,Real
CL0079,2024-01-15,24.1,Real
CL0079,2024-01-16,15.8,Estimada
CL0079,2024-01-17,15.38,Real
CL0079,2024-01-18,14.89,Estimada
CL0079,2024-01-19,18.7,Estimada
CL0079,2024-01-20,26.07,Estimada
CL0079,2024-01-21,21.96,Real
CL0079,2024-01-22,13.15,Real
CL0079,2024-01-23,10.66,Real
CL0079,2024-01-24,17.92,Real
CL0079,2024-01-25,16.82,Real
CL0079,2024-01-26,14.27,Real
CL0079,2024-01-27,17.16,Estimada
CL0079,2024-01-28,20.28,Real
CL0079,2024-01-29,18.54,Real
CL0079,2024-01-30,13.74,Real
CL0079,2024-01-31,10.21,Estimada
CL0079,2024-02-01,12.61,Real
CL0079,2024-02-02,16.0,Real
CL0079,2024-02-03,22.4,Real
CL0079,2024-02-04,21.93,Real
CL0079,2024-02-05,14.66,Real
CL0079,2024-02-06,17.62,Real
CL0079,2024-02-07,11.53,Real
CL0079,2024-02-08,19.46,Real
CL0079,2024-02-09,7.7,Real
CL0079,2024-02-10,26.21,Real
CL0079,2024-02-11,12.74,Real
CL0079,2024-02-12,12.56,Estimada
CL0079,2024-02-13,8.88,Real
CL0079,2024-02-14,5.41,Real
CL0079,2024-02-15,16.84,Real
CL0079,2024-02-16,11.65,Real
CL0079,2024-02-17,13.89,Real
CL0079,2024-02-18,23.38,Real
CL0079,2024-02-19,19.06,Real
CL0079,2024-02-20,8.48,Real
CL0079,2024-02-21,18.96,Real
CL0079,2024-02-22,15.58,Real
CL0079,2024-02-23,8.57,Estimada
CL0079,2024-02-24,20.69,Real
CL0079,2024-02-25,12.83,Real
CL0079,2024-02-26,7.53,Real
CL0079,2024-02-27,16.44,Real
CL0079,2024-02-28,9.44,Real
CL0079,2024-02-29,17.0,Real
CL0079,2024-03-01,8.01,Real
CL0079,2024-03-02,16.73,Real
CL0079,2024-03-03,13.42,Estimada
CL0079,2024-03-04,9.2,Real
CL0079,2024-03-05,4.81,Real
CL0079,2024-03-06,13.57,Real
CL0079,2024-03-07,13.74,Real
CL0079,2024-03-08,6.68,Real
CL0079,2024-03-09,23.53,Real
CL0079,2024-03-10,8.11,Real
CL0079,2024-03-11,3.92,Estimada
CL0079,2024-03-12,5.54,Real
CL0079,2024-03-13,17.74,Real
CL0079,2024-03-14,8.71,Real
CL0079,2024-03-15,16.29,Real
CL0079,2024-03-16,18.45,Real
CL0079,2024-03-17,19.52,Real
CL0079,2024-03-18,15.6,Real
CL0079,2024-03-19,11.18,Real
CL0079,2024-03-20,16.23,Estimada
CL0079,2024-03-21,17.44,Real
CL0079,2024-03-22,1.97,Real
CL0079,2024-03-23,16.07,Real
CL0079,2024-03-24,19.59,Real
CL0079,2024-03-25,7.86,Estimada
CL0079,2024-03-26,4.8,Real
CL0079,2024-03-27,12.03,Real
CL0079,2024-03-28,17.21,Real
CL0079,2024-03-29,9.5,Real
CL0079,2024-03-30,15.52,Real
CL0079,2024-03-31,22.11,Real
CL0079,2024-04-01,14.96,Real
CL0079,2024-04-02,11.42,Real
CL0079,2024-04-03,15.12,Real
CL0079,2024-04-04,16.5,Real
CL0079,2024-04-05,4.27,Real
CL0079,2024-04-06,18.62,Real
CL0079,2024-04-07,19.6,Estimada
CL0079,2024-04-08,12.24,Real
CL0079,2024-04-09,13.24,Real
CL0079,2024-04-10,16.58,Real
CL0079,2024-04-11,12.63,Real
CL0079,2024-04-12,15.92,Real
CL0079,2024-04-13,18.33,Real
CL0079,2024-04-14,20.07,Real
CL0079,2024-04-15,11.75,Real
CL0079,2024-04-16,10.68,Real
CL0079,2024-04-17,11.65,Real
CL0079,2024-04-18,15.69,Real
CL0079,2024-04-19,11.85,Real
CL0079,2024-04-20,8.58,Real
CL0079,2024-04-21,25.43,Real
CL0079,2024-04-22,16.97,Real
CL0079,2024-04-23,5.41,Real
CL0079,2024-04-24,13.17,Real
CL0079,2024-04-25,19.98,Real
CL0079,2024-04-26,11.24,Real
CL0079,2024-04-27,12.56,Real
CL0079,2024-04-28,15.36,Real
CL0079,2024-04-29,7.23,Real
CL0079,2024-04-30,5.47,Real
CL0079,2024-05-01,12.66,Real
CL0079,2024-05-02,11.39,Real
CL0079,2024-05-03,18.62,Real
CL0079,2024-05-04,19.66,Real
CL0079,2024-05-05,16.15,Real
CL0079,2024-05-06,14.54,Real
CL0079,2024-05-07,17.51,Real
CL0079,2024-05-08,11.9,Real
CL0079,2024-05-09,15.65,Real
CL0079,2024-05-10,17.1,Real
CL0079,2024-05-11,25.66,Real
CL0079,2024-05-12,24.72,Real
CL0079,2024-05-13,18.17,Real
CL0079,2024-05-14,17.03,Real
CL0079,2024-05-15,6.74,Real
CL0079,2024-05-16,10.12,Estimada
CL0079,2024-05-17,13.38,Real
CL0079,2024-05-18,21.92,Real
CL0079,2024-05-19,22.04,Real
CL0079,2024-05-20,19.67,Real
CL0079,2024-05-21,13.18,Real
CL0079,2024-05-22,10.97,Real
CL0079,2024-05-23,16.66,Real
CL0079,2024-05-24,19.53,Real
CL0079,2024-05-25,18.28,Real
CL0079,2024-05-26,23.12,Real
CL0079,2024-05-27,17.37,Estimada
CL0079,2024-05-28,18.43,Real
CL0079,2024-05-29,11.69,Real
CL0079,2024-05-30,16.82,Real
CL0079,2024-05-31,16.03,Real
CL0079,2024-06-01,27.19,Estimada
CL0079,2024-06-02,32.71,Real
CL0079,2024-06-03,15.46,Estimada
CL0079,2024-06-04,16.36,Real
CL0079,2024-06-05,16.75,Real
CL0079,2024-06-06,15.87,Real
CL0079,2024-06-07,15.34,Real
CL0079,2024-06-08,29.78,Real
CL0079,2024-06-09,23.56,Real
CL0079,2024-06-10,17.95,Real
CL0079,2024-06-11,15.22,Real
CL0079,2024-06-12,11.5,Real
CL0079,2024-06-13,23.42,Estimada
CL0079,2024-06-14,16.79,Real
CL0079,2024-06-15,31.97,Real
CL0079,2024-06-16,27.38,Estimada
CL0079,2024-06-17,21.73,Real
CL0079,2024-06-18,16.46,Real
CL0079,2024-06-19,11.34,Real
CL0079,2024-06-20,18.14,Real
CL0079,2024-06-21,15.79,Real
CL0079,2024-06-22,27.37,Real
CL0079,2024-06-23,25.11,Real
CL0079,2024-06-24,19.12,Real
CL0079,2024-06-25,17.88,Real
CL0079,2024-06-26,9.59,Real
CL0079,2024-06-27,10.43,Real
CL0079,2024-06-28,12.71,Real
CL0080,2024-01-01,17.06,Real
CL0080,2024-01-02,16.88,Real
CL0080,2024-01-03,22.76,Real
CL0080,2024-01-04,17.37,Real
CL0080,2024-01-05,14.19,Estimada
CL0080,2024-01-06,20.9,Estimada
CL0080,2024-01-07,22.2,Real
CL0080,2024-01-08,17.28,Real
CL0080,2024-01-09,25.13,Real
CL0080,2024-01-10,17.87,Real
CL0080,2024-01-11,6.17,Real
CL0080,2024-01-12,17.77,Real
CL0080,2024-01-13,27.01,Real
CL0080,2024-01-14,25.48,Real
CL0080,2024-01-15,21.74,Real
CL0080,2024-01-16,11.36,Real
CL0080,2024-01-17,19.15,Real
CL0080,2024-01-18,13.76,Estimada
CL0080,2024-01-19,19.74,Real
CL0080,2024-01-20,22.58,Real
CL0080,2024-01-21,27.9,Real
CL0080,2024-01-22,10.07,Real
CL0080,2024-01-23,14.37,Real
CL0080,2024-01-24,13.06,Real
CL0080,2024-01-25,13.71,Estimada
CL0080,2024-01-26,21.1,Real
CL0080,2024-01-27,26.59,Real
CL0080,2024-01-28,23.58,Real
CL0080,2024-01-29,9.58,Estimada
CL0080,2024-01-30,22.09,Real
CL0080,2024-01-31,18.0,Real
CL0080,2024-02-01,4.09,Real
CL0080,2024-02-02,10.04,Real
CL0080,2024-02-03,12.85,Real
CL0080,2024-02-04,17.4,Real
CL0080,2024-02-05,16.18,Real
CL0080,2024-02-06,13.74,Real
CL0080,2024-02-07,21.34,Real
CL0080,2024-02-08,13.5,Real
CL0080,2024-02-09,15.08,Real
CL0080,2024-02-10,25.03,Estimada
CL0080,2024-02-11,16.89,Real
CL0080,2024-02-12,3.97,Real
CL0080,2024-02-13,9.51,Real
CL0080,2024-02-14,6.24,Real
CL0080,2024-02-15,6.95,Estimada
CL0080,2024-02-16,13.54,Real
CL0080,2024-02-17,26.21,Real
CL0080,2024-02-18,23.96,Real
CL0080,2024-02-19,11.6,Real
CL0080,2024-02-20,5.94,Real
CL0080,2024-02-21,16.48,Real
CL0080,2024-02-22,21.72,Real
CL0080,2024-02-23,20.8,Real
CL0080,2024-02-24,14.49,Real
CL0080,2024-02-25,19.81,Real
CL0080,2024-02-26,11.69,Real
CL0080,2024-02-27,8.64,Real
CL0080,2024-02-28,8.28,Real
CL0080,2024-02-29,21.73,Real
CL0080,2024-03-01,15.64,Real
CL0080,2024-03-02,23.41,Real
CL0080,2024-03-03,17.41,Real
CL0080,2024-03-04,7.83,Real
CL0080,2024-03-05,14.52,Real
CL0080,2024-03-06,8.1,Real
CL0080,2024-03-07,16.24,Real
CL0080,2024-03-08,12.38,Real
CL0080,2024-03-09,20.75,Real
CL0080,2024-03-10,11.04,Real
CL0080,2024-03-11,15.29,Real
CL0080,2024-03-12,19.59,Real
CL0080,2024-03-13,7.31,Real
CL0080,2024-03-14,9.41,Real
CL0080,2024-03-15,9.32,Real
CL0080,2024-03-16,16.75,Real
CL0080,2024-03-17,19.63,Real
CL0080,2024-03-18,12.18,Real
CL0080,2024-03-19,10.33,Real
CL0080,2024-03-20,17.47,Estimada
CL0080,2024-03-21,12.5,Real
CL0080,2024-03-22,11.4,Real
CL0080,2024-03-23,22.53,Real
CL0080,2024-03-24,14.37,Real
CL0080,2024-03-25,1.21,Real
CL0080,2024-03-26,16.88,Real
CL0080,2024-03-27,13.48,Real
CL0080,2024-03-28,11.66,Real
CL0080,2024-03-29,12.73,Real
CL0080,2024-03-30,25.06,Real
CL0080,2024-03-31,19.38,Estimada
CL0080,2024-04-01,13.78,Real
CL0080,2024-04-02,10.97,Real
CL0080,2024-04-03,12.69,Real
CL0080,2024-04-04,7.64,Real
CL0080,2024-04-05,19.05,Real
CL0080,2024-04-06,9.32,Real
CL0080,2024-04-07,19.1,Real
CL0080,2024-04-08,20.53,Real
CL0080,2024-04-09,15.23,Real
CL0080,2024-04-10,12.02,Real
CL0080,2024-04-11,19.16,Real
CL0080,2024-04-12,21.54,Real
CL0080,2024-04-13,18.63,Real
CL0080,2024-04-14,22.58,Real
CL0080,2024-04-15,17.73,Real
CL0080,2024-04-16,4.41,Real
CL0080,2024-04-17,10.33,Real
CL0080,2024-04-18,14.58,Real
CL0080,2024-04-19,18.32,Real
CL0080,2024-04-20,9.54,Real
CL0080,2024-04-21,16.88,Real
CL0080,2024-04-22,16.93,Real
CL0080,2024-04-23,12.36,Real
CL0080,2024-04-24,11.08,Real
CL0080,2024-04-25,20.86,Real
CL0080,2024-04-26,20.45,Real
CL0080,2024-04-27,22.45,Real
CL0080,2024-04-28,10.48,Real
CL0080,2024-04-29,19.78,Real
CL0080,2024-04-30,14.94,Estimada
CL0080,2024-05-01,5.97,Estimada
CL0080,2024-05-02,19.1,Real
CL0080,2024-05-03,16.6,Real
CL0080,2024-05-04,20.73,Real
CL0080,2024-05-05,19.82,Real
CL0080,2024-05-06,19.48,Real
CL0080,2024-05-07,14.36,Real
CL0080,2024-05-08,21.26,Real
CL0080,2024-05-09,19.19,Real
CL0080,2024-05-10,10.59,Real
CL0080,2024-05-11,21.74,Real
CL0080,2024-05-12,27.35,Real
CL0080,2024-05-13,14.32,Real
CL0080,2024-05-14,15.09,Real
CL0080,2024-05-15,6.25,Estimada
CL0080,2024-05-16,15.58,Real
CL0080,2024-05-17,21.03,Real
CL0080,2024-05-18,8.48,Real
CL0080,2024-05-19,16.76,Real
CL0080,2024-05-20,21.15,Real
CL0080,2024-05-21,11.1,Estimada
CL0080,2024-05-22,10.75,Real
CL0080,2024-05-23,11.73,Real
CL0080,2024-05-24,10.62,Estimada
CL0080,2024-05-25,9.18,Estimada
CL0080,2024-05-26,15.21,Real
CL0080,2024-05-27,10.8,Estimada
CL0080,2024-05-28,9.64,Real
CL0080,2024-05-29,17.46,Real
CL0080,2024-05-30,17.86,Real
CL0080,2024-05-31,14.71,Real
CL0080,2024-06-01,24.65,Real
CL0080,2024-06-02,31.52,Real
CL0080,2024-06-03,22.69,Estimada
CL0080,2024-06-04,17.47,Real
CL0080,2024-06-05,22.22,Real
CL0080,2024-06-06,19.36,Estimada
CL0080,2024-06-07,15.74,Real
CL0080,2024-06-08,27.67,Real
CL0080,2024-06-09,18.42,Real
CL0080,2024-06-10,22.42,Estimada
CL0080,2024-06-11,18.7,Real
CL0080,2024-06-12,19.65,Real
CL0080,2024-06-13,24.24,Real
CL0080,2024-06-14,20.98,Real
CL0080,2024-06-15,30.81,Real
CL0080,2024-06-16,19.09,Real
CL0080,2024-06-17,24.27,Estimada
CL0080,2024-06-18,24.06,Real
CL0080,2024-06-19,17.14,Estimada
CL0080,2024-06-20,22.72,Real
CL0080,2024-06-21,18.19,Real
CL0080,2024-06-22,32.72,Real
CL0080,2024-06-23,30.7,Real
CL0080,2024-06-24,21.69,Real
CL0080,2024-06-25,19.03,Real
CL0080,2024-06-26,19.58,Real
CL0080,2024-06-27,23.69,Real
CL0080,2024-06-28,19.43,Estimada
CL0081,2024-01-01,266.96,Estimada
CL0081,2024-01-02,255.65,Estimada
CL0081,2024-01-03,351.3,Real
CL0081,2024-01-04,218.32,Real
CL0081,2024-01-05,349.71,Real
CL0081,2024-01-06,188.78,Real
CL0081,2024-01-07,165.39,Real
CL0081,2024-01-08,311.56,Real
CL0081,2024-01-09,267.29,Estimada
CL0081,2024-01-10,253.04,Real
CL0081,2024-01-11,145.24,Real
CL0081,2024-01-12,309.84,Estimada
CL0081,2024-01-13,275.08,Real
CL0081,2024-01-14,268.77,Real
CL0081,2024-01-15,251.8,Real
CL0081,2024-01-16,277.66,Real
CL0081,2024-01-17,346.84,Real
CL0081,2024-01-18,327.23,Real
CL0081,2024-01-19,243.25,Estimada
CL0081,2024-01-20,192.46,Real
CL0081,2024-01-21,164.41,Real
CL0081,2024-01-22,221.22,Real
CL0081,2024-01-23,370.0,Real
CL0081,2024-01-24,234.85,Estimada
CL0081,2024-01-25,317.56,Real
CL0081,2024-01-26,268.84,Estimada
CL0081,2024-01-27,206.56,Real
CL0081,2024-01-28,289.93,Real
CL0081,2024-01-29,367.5,Real
CL0081,2024-01-30,326.77,Real
CL0081,2024-01-31,321.55,Real
CL0081,2024-02-01,350.95,Real
CL0081,2024-02-02,195.92,Real
CL0081,2024-02-03,194.92,Real
CL0081,2024-02-04,166.88,Real
CL0081,2024-02-05,104.22,Real
CL0081,2024-02-06,274.14,Real
CL0081,2024-02-07,54.66,Real
CL0081,2024-02-08,276.55,Real
CL0081,2024-02-09,273.37,Real
CL0081,2024-02-10,145.4,Real
CL0081,2024-02-11,154.61,Estimada
CL0081,2024-02-12,103.99,Real
CL0081,2024-02-13,223.64,Real
CL0081,2024-02-14,217.71,Real
CL0081,2024-02-15,274.2,Real
CL0081,2024-02-16,251.23,Real
CL0081,2024-02-17,89.68,Real
CL0081,2024-02-18,227.93,Real
CL0081,2024-02-19,234.21,Real
CL0081,2024-02-20,113.23,Real
CL0081,2024-02-21,345.01,Estimada
CL0081,2024-02-22,309.91,Real
CL0081,2024-02-23,271.08,Real
CL0081,2024-02-24,177.85,Estimada
CL0081,2024-02-25,286.55,Real
CL0081,2024-02-26,342.89,Real
CL0081,2024-02-27,216.31,Real
CL0081,2024-02-28,258.27,Real
CL0081,2024-02-29,291.49,Real
CL0081,2024-03-01,29.23,Real
CL0081,2024-03-02,203.73,Real
CL0081,2024-03-03,130.02,Real
CL0081,2024-03-04,123.44,Real
CL0081,2024-03-05,242.52,Real
CL0081,2024-03-06,210.83,Real
CL0081,2024-03-07,290.49,Real
CL0081,2024-03-08,155.06,Estimada
CL0081,2024-03-09,151.53,Real
CL0081,2024-03-10,65.01,Real
CL0081,2024-03-11,123.76,Real
CL0081,2024-03-12,267.67,Real
CL0081,2024-03-13,348.47,Real
CL0081,2024-03-14,236.68,Real
CL0081,2024-03-15,246.33,Real
CL0081,2024-03-16,134.3,Real
CL0081,2024-03-17,199.98,Real
CL0081,2024-03-18,225.03,Real
CL0081,2024-03-19,270.05,Real
CL0081,2024-03-20,334.0,Real
CL0081,2024-03-21,128.33,Real
CL0081,2024-03-22,191.76,Real
CL0081,2024-03-23,197.56,Real
CL0081,2024-03-24,60.25,Real
CL0081,2024-03-25,374.24,Real
CL0081,2024-03-26,177.39,Real
CL0081,2024-03-27,235.71,Estimada
CL0081,2024-03-28,171.39,Real
CL0081,2024-03-29,217.07,Real
CL0081,2024-03-30,38.81,Real
CL0081,2024-03-31,230.87,Real
CL0081,2024-04-01,314.27,Real
CL0081,2024-04-02,268.67,Real
CL0081,2024-04-03,287.16,Real
CL0081,2024-04-04,143.6,Real
CL0081,2024-04-05,298.18,Estimada
CL0081,2024-04-06,286.73,Real
CL0081,2024-04-07,213.95,Real
CL0081,2024-04-08,206.17,Real
CL0081,2024-04-09,243.7,Real
CL0081,2024-04-10,269.59,Real
CL0081,2024-04-11,270.74,Real
CL0081,2024-04-12,281.67,Real
CL0081,2024-04-13,247.67,Real
CL0081,2024-04-14,259.98,Real
CL0081,2024-04-15,203.08,Real
CL0081,2024-04-16,278.45,Real
CL0081,2024-04-17,178.99,Real
CL0081,2024-04-18,243.28,Real
CL0081,2024-04-19,195.54,Real
CL0081,2024-04-20,232.98,Real
CL0081,2024-04-21,89.74,Real
CL0081,2024-04-22,213.25,Real
CL0081,2024-04-23,340.46,Real
CL0081,2024-04-24,206.49,Real
CL0081,2024-04-25,340.89,Real
CL0081,2024-04-26,263.15,Real
CL0081,2024-04-27,245.9,Real
CL0081,2024-04-28,127.06,Real
CL0081,2024-04-29,283.55,Estimada
CL0081,2024-04-30,219.74,Real
CL0081,2024-05-01,216.28,Real
CL0081,2024-05-02,302.89,Real
CL0081,2024-05-03,257.23,Real
CL0081,2024-05-04,196.58,Real
CL0081,2024-05-05,260.83,Real
CL0081,2024-05-06,170.44,Estimada
CL0081,2024-05-07,235.84,Estimada
CL0081,2024-05-08,376.84,Real
CL0081,2024-05-09,331.91,Real
CL0081,2024-05-10,298.15,Real
CL0081,2024-05-11,177.21,Real
CL0081,2024-05-12,199.86,Real
CL0081,2024-05-13,207.14,Real
CL0081,2024-05-14,69.4,Estimada
CL0081,2024-05-15,296.15,Real
CL0081,2024-05-16,206.26,Real
CL0081,2024-05-17,364.9,Real
CL0081,2024-05-18,154.06,Real
CL0081,2024-05-19,203.29,Real
CL0081,2024-05-20,279.06,Real
CL0081,2024-05-21,74.57,Real
CL0081,2024-05-22,285.68,Real
CL0081,2024-05-23,325.24,Real
CL0081,2024-05-24,229.01,Real
CL0081,2024-05-25,241.86,Real
CL0081,2024-05-26,204.47,Estimada
CL0081,2024-05-27,170.08,Real
CL0081,2024-05-28,271.82,Estimada
CL0081,2024-05-29,258.11,Real
CL0081,2024-05-30,314.87,Real
CL0081,2024-05-31,275.8,Real
CL0081,2024-06-01,295.5,Real
CL0081,2024-06-02,195.34,Real
CL0081,2024-06-03,324.45,Real
CL0081,2024-06-04,357.48,Real
CL0081,2024-06-05,308.03,Real
CL0081,2024-06-06,454.75,Real
CL0081,2024-06-07,233.76,Real
CL0081,2024-06-08,227.68,Real
CL0081,2024-06-09,76.92,Real
CL0081,2024-06-10,259.19,Real
CL0081,2024-06-11,466.93,Real
CL0081,2024-06-12,336.8,Real
CL0081,2024-06-13,436.16,Estimada
CL0081,2024-06-14,251.27,Real
CL0081,2024-06-15,238.8,Real
CL0081,2024-06-16,229.67,Real
CL0081,2024-06-17,357.8,Real
CL0081,2024-06-18,433.02,Real
CL0081,2024-06-19,268.79,Real
CL0081,2024-06-20,448.13,Real
CL0081,2024-06-21,336.8,Real
CL0081,2024-06-22,177.32,Real
CL0081,2024-06-23,300.52,Real
CL0081,2024-06-24,433.27,Real
CL0081,2024-06-25,291.83,Real
CL0081,2024-06-26,219.78,Real
CL0081,2024-06-27,369.57,Real
CL0081,2024-06-28,361.12,Real
CL0082,2024-01-01,9.6,Real
CL0082,2024-01-02,8.24,Real
CL0082,2024-01-03,5.78,Real
CL0082,2024-01-04,7.41,Real
CL0082,2024-01-05,6.17,Real
CL0082,2024-01-06,12.27,Real
CL0082,2024-01-07,12.14,Real
CL0082,2024-01-08,7.28,Real
CL0082,2024-01-09,9.02,Real
CL0082,2024-01-10,3.94,Real
CL0082,2024-01-11,6.61,Real
CL0082,2024-01-12,10.22,Real
CL0082,2024-01-13,11.39,Real
CL0082,2024-01-14,9.39,Real
CL0082,2024-01-15,6.91,Real
CL0082,2024-01-16,8.69,Real
CL0082,2024-01-17,10.93,Real
CL0082,2024-01-18,8.32,Estimada
CL0082,2024-01-19,7.43,Real
CL0082,2024-01-20,10.38,Estimada
CL0082,2024-01-21,6.45,Real
CL0082,2024-01-22,5.33,Real
CL0082,2024-01-23,10.35,Estimada
CL0082,2024-01-24,8.98,Estimada
CL0082,2024-01-25,10.27,Real
CL0082,2024-01-26,9.01,Real
CL0082,2024-01-27,9.77,Real
CL0082,2024-01-28,11.83,Real
CL0082,2024-01-29,5.22,Real
CL0082,2024-01-30,7.52,Estimada
CL0082,2024-01-31,6.46,Real
CL0082,2024-02-01,8.05,Real
CL0082,2024-02-02,6.2,Real
CL0082,2024-02-03,7.88,Real
CL0082,2024-02-04,2.62,Real
CL0082,2024-02-05,7.72,Real
CL0082,2024-02-06,5.33,Real
CL0082,2024-02-07,9.65,Real
CL0082,2024-02-08,5.07,Estimada
CL0082,2024-02-09,8.57,Real
CL0082,2024-02-10,10.23,Real
CL0082,2024-02-11,10.78,Real
CL0082,2024-02-12,5.03,Real
CL0082,2024-02-13,6.86,Real
CL0082,2024-02-14,5.24,Real
CL0082,2024-02-15,6.0,Estimada
CL0082,2024-02-16,6.06,Real
CL0082,2024-02-17,6.57,Real
CL0082,2024-02-18,9.87,Real
CL0082,2024-02-19,3.71,Real
CL0082,2024-02-20,12.13,Real
CL0082,2024-02-21,8.66,Real
CL0082,2024-02-22,7.3,Real
CL0082,2024-02-23,3.5,Real
CL0082,2024-02-24,4.76,Real
CL0082,2024-02-25,9.1,Real
CL0082,2024-02-26,7.02,Real
CL0082,2024-02-27,4.16,Real
CL0082,2024-02-28,5.1,Real
CL0082,2024-02-29,7.23,Real
CL0082,2024-03-01,3.45,Real
CL0082,2024-03-02,10.8,Real
CL0082,2024-03-03,10.49,Real
CL0082,2024-03-04,5.79,Real
CL0082,2024-03-05,1.78,Real
CL0082,2024-03-06,6.22,Real
CL0082,2024-03-07,5.91,Real
CL0082,2024-03-08,10.69,Real
CL0082,2024-03-09,9.77,Real
CL0082,2024-03-10,4.69,Estimada
CL0082,2024-03-11,8.59,Real
CL0082,2024-03-12,6.6,Real
CL0082,2024-03-13,5.42,Real
CL0082,2024-03-14,6.2,Real
CL0082,2024-03-15,5.46,Real
CL0082,2024-03-16,7.08,Real
CL0082,2024-03-17,11.01,Real
CL0082,2024-03-18,5.01,Real
CL0082,2024-03-19,8.59,Real
CL0082,2024-03-20,6.54,Real
CL0082,2024-03-21,3.55,Real
CL0082,2024-03-22,1.58,Real
CL0082,2024-03-23,5.97,Real
CL0082,2024-03-24,9.75,Estimada
CL0082,2024-03-25,5.71,Real
CL0082,2024-03-26,4.89,Real
CL0082,2024-03-27,5.36,Real
CL0082,2024-03-28,6.18,Real
CL0082,2024-03-29,3.13,Real
CL0082,2024-03-30,6.1,Real
CL0082,2024-03-31,10.09,Real
CL0082,2024-04-01,9.54,Estimada
CL0082,2024-04-02,5.8,Real
CL0082,2024-04-03,7.81,Real
CL0082,2024-04-04,5.52,Real
CL0082,2024-04-05,6.64,Real
CL0082,2024-04-06,8.56,Real
CL0082,2024-04-07,3.81,Real
CL0082,2024-04-08,5.65,Real
CL0082,2024-04-09,5.52,Real
CL0082,2024-04-10,5.18,Estimada
CL0082,2024-04-11,6.95,Real
CL0082,2024-04-12,4.02,Estimada
CL0082,2024-04-13,7.61,Estimada
CL0082,2024-04-14,5.26,Real
CL0082,2024-04-15,7.86,Estimada
CL0082,2024-04-16,4.05,Real
CL0082,2024-04-17,6.55,Real
CL0082,2024-04-18,4.5,Real
CL0082,2024-04-19,8.27,Real
CL0082,2024-04-20,5.36,Real
CL0082,2024-04-21,9.94,Real
CL0082,2024-04-22,6.85,Real
CL0082,2024-04-23,7.14,Real
CL0082,2024-04-24,4.43,Real
CL0082,2024-04-25,7.19,Real
CL0082,2024-04-26,7.93,Real
CL0082,2024-04-27,7.57,Estimada
CL0082,2024-04-28,12.89,Real
CL0082,2024-04-29,5.52,Real
CL0082,2024-04-30,5.5,Real
CL0082,2024-05-01,9.02,Real
CL0082,2024-05-02,8.36,Real
CL0082,2024-05-03,8.56,Real
CL0082,2024-05-04,12.36,Real
CL0082,2024-05-05,10.97,Real
CL0082,2024-05-06,6.72,Real
CL0082,2024-05-07,8.67,Real
CL0082,2024-05-08,2.8,Real
CL0082,2024-05-09,8.2,Real
CL0082,2024-05-10,7.04,Real
CL0082,2024-05-11,9.87,Real
CL0082,2024-05-12,10.89,Estimada
CL0082,2024-05-13,9.78,Estimada
CL0082,2024-05-14,8.74,Real
CL0082,2024-05-15,8.0,Real
CL0082,2024-05-16,7.37,Real
CL0082,2024-05-17,6.11,Real
CL0082,2024-05-18,4.24,Estimada
CL0082,2024-05-19,5.09,Real
CL0082,2024-05-20,9.13,Real
CL0082,2024-05-21,4.27,Real
CL0082,2024-05-22,7.62,Real
CL0082,2024-05-23,5.02,Real
CL0082,2024-05-24,5.7,Real
CL0082,2024-05-25,8.1,Estimada
CL0082,2024-05-26,7.27,Real
CL0082,2024-05-27,5.29,Real
CL0082,2024-05-28,7.59,Estimada
CL0082,2024-05-29,2.7,Real
CL0082,2024-05-30,3.8,Real
CL0082,2024-05-31,5.5,Real
CL0082,2024-06-01,11.53,Real
CL0082,2024-06-02,12.2,Real
CL0082,2024-06-03,6.9,Real
CL0082,2024-06-04,6.53,Real
CL0082,2024-06-05,6.51,Real
CL0082,2024-06-06,8.09,Real
CL0082,2024-06-07,8.71,Real
CL0082,2024-06-08,7.61,Real
CL0082,2024-06-09,12.13,Real
CL0082,2024-06-10,8.28,Real
CL0082,2024-06-11,7.01,Real
CL0082,2024-06-12,9.5,Real
CL0082,2024-06-13,7.72,Real
CL0082,2024-06-14,7.88,Real
CL0082,2024-06-15,13.72,Real
CL0082,2024-06-16,10.83,Real
CL0082,2024-06-17,8.55,Real
CL0082,2024-06-18,10.09,Real
CL0082,2024-06-19,8.61,Estimada
CL0082,2024-06-20,8.44,Real
CL0082,2024-06-21,7.99,Real
CL0082,2024-06-22,12.88,Real
CL0082,2024-06-23,8.41,Real
CL0082,2024-06-24,9.28,Real
CL0082,2024-06-25,6.46,Real
CL0082,2024-06-26,3.91,Estimada
CL0082,2024-06-27,8.77,Real
CL0082,2024-06-28,6.18,Real
CL0083,2024-01-01,33.55,Real
CL0083,2024-01-02,30.05,Estimada
CL0083,2024-01-03,29.93,Real
CL0083,2024-01-04,36.11,Real
CL0083,2024-01-05,26.28,Real
CL0083,2024-01-06,30.38,Real
CL0083,2024-01-07,11.15,Real
CL0083,2024-01-08,28.76,Estimada
CL0083,2024-01-09,35.69,Real
CL0083,2024-01-10,40.99,Real
CL0083,2024-01-11,23.21,Real
CL0083,2024-01-12,30.65,Real
CL0083,2024-01-13,12.28,Real
CL0083,2024-01-14,21.36,Real
CL0083,2024-01-15,27.05,Real
CL0083,2024-01-16,29.65,Real
CL0083,2024-01-17,31.21,Real
CL0083,2024-01-18,18.78,Real
CL0083,2024-01-19,32.72,Real
CL0083,2024-01-20,15.11,Real
CL0083,2024-01-21,29.91,Real
CL0083,2024-01-22,32.34,Real
CL0083,2024-01-23,28.85,Real
CL0083,2024-01-24,29.94,Real
CL0083,2024-01-25,36.08,Real
CL0083,2024-01-26,31.26,Real
CL0083,2024-01-27,17.83,Real
CL0083,2024-01-28,22.41,Estimada
CL0083,2024-01-29,33.47,Real
CL0083,2024-01-30,34.62,Estimada
CL0083,2024-01-31,26.4,Real
CL0083,2024-02-01,9.25,Real
CL0083,2024-02-02,40.69,Real
CL0083,2024-02-03,24.53,Estimada
CL0083,2024-02-04,18.35,Real
CL0083,2024-02-05,23.98,Estimada
CL0083,2024-02-06,32.19,Real
CL0083,2024-02-07,23.26,Real
CL0083,2024-02-08,30.54,Real
CL0083,2024-02-09,16.66,Real
CL0083,2024-02-10,7.99,Real
CL0083,2024-02-11,23.22,Real
CL0083,2024-02-12,16.63,Estimada
CL0083,2024-02-13,17.66,Real
CL0083,2024-02-14,26.14,Real
CL0083,2024-02-15,18.55,Real
CL0083,2024-02-16,28.36,Real
CL0083,2024-02-17,16.37,Real
CL0083,2024-02-18,10.62,Real
CL0083,2024-02-19,27.82,Real
CL0083,2024-02-20,19.03,Real
CL0083,2024-02-21,17.2,Real
CL0083,2024-02-22,27.69,Real
CL0083,2024-02-23,22.97,Real
CL0083,2024-02-24,5.25,Real
CL0083,2024-02-25,22.27,Real
CL0083,2024-02-26,16.15,Real
CL0083,2024-02-27,15.36,Real
CL0083,2024-02-28,11.77,Real
CL0083,2024-02-29,19.66,Real
CL0083,2024-03-01,22.54,Real
CL0083,2024-03-02,17.55,Real
CL0083,2024-03-03,12.59,Real
CL0083,2024-03-04,13.97,Real
CL0083,2024-03-05,17.25,Real
CL0083,2024-03-06,17.38,Real
CL0083,2024-03-07,24.13,Real
CL0083,2024-03-08,23.48,Real
CL0083,2024-03-09,27.97,Real
CL0083,2024-03-10,20.3,Real
CL0083,2024-03-11,10.81,Real
CL0083,2024-03-12,22.44,Real
CL0083,2024-03-13,16.71,Real
CL0083,2024-03-14,15.97,Estimada
CL0083,2024-03-15,22.64,Real
CL0083,2024-03-16,25.22,Real
CL0083,2024-03-17,15.42,Estimada
CL0083,2024-03-18,20.93,Real
CL0083,2024-03-19,25.4,Real
CL0083,2024-03-20,33.09,Real
CL0083,2024-03-21,25.52,Real
CL0083,2024-03-22,29.66,Real
CL0083,2024-03-23,35.99,Estimada
CL0083,2024-03-24,13.91,Real
CL0083,2024-03-25,25.99,Real
CL0083,2024-03-26,26.57,Real
CL0083,2024-03-27,28.01,Real
CL0083,2024-03-28,14.74,Real
CL0083,2024-03-29,14.81,Real
CL0083,2024-03-30,23.16,Real
CL0083,2024-03-31,14.66,Real
CL0083,2024-04-01,29.68,Real
CL0083,2024-04-02,29.99,Real
CL0083,2024-04-03,26.18,Real
CL0083,2024-04-04,20.51,Real
CL0083,2024-04-05,23.24,Real
CL0083,2024-04-06,21.06,Estimada
CL0083,2024-04-07,18.66,Real
CL0083,2024-04-08,33.25,Real
CL0083,2024-04-09,28.6,Real
CL0083,2024-04-10,21.9,Estimada
CL0083,2024-04-11,33.77,Estimada
CL0083,2024-04-12,22.1,Real
CL0083,2024-04-13,31.44,Estimada
CL0083,2024-04-14,16.16,Real
CL0083,2024-04-15,23.65,Real
CL0083,2024-04-16,25.99,Real
CL0083,2024-04-17,32.67,Real
CL0083,2024-04-18,28.33,Estimada
CL0083,2024-04-19,25.56,Real
CL0083,2024-04-20,14.11,Real
CL0083,2024-04-21,20.45,Real
CL0083,2024-04-22,21.73,Real
CL0083,2024-04-23,17.49,Real
CL0083,2024-04-24,18.89,Real
CL0083,2024-04-25,16.41,Real
CL0083,2024-04-26,23.32,Real
CL0083,2024-04-27,10.47,Real
CL0083,2024-04-28,20.35,Real
CL0083,2024-04-29,29.74,Real
CL0083,2024-04-30,24.46,Real
CL0083,2024-05-01,39.62,Real
CL0083,2024-05-02,31.01,Real
CL0083,2024-05-03,25.3,Real
CL0083,2024-05-04,13.56,Real
CL0083,2024-05-05,27.67,Real
CL0083,2024-05-06,44.54,Real
CL0083,2024-05-07,40.05,Real
CL0083,2024-05-08,38.36,Real
CL0083,2024-05-09,33.04,Real
CL0083,2024-05-10,12.42,Real
CL0083,2024-05-11,17.28,Estimada
CL0083,2024-05-12,3.82,Real
CL0083,2024-05-13,31.13,Real
CL0083,2024-05-14,19.62,Estimada
CL0083,2024-05-15,30.45,Real
CL0083,2024-05-16,31.66,Real
CL0083,2024-05-17,10.59,Real
CL0083,2024-05-18,15.08,Real
CL0083,2024-05-19,14.92,Estimada
CL0083,2024-05-20,24.95,Estimada
CL0083,2024-05-21,25.78,Real
CL0083,2024-05-22,34.13,Real
CL0083,2024-05-23,29.31,Real
CL0083,2024-05-24,25.21,Real
CL0083,2024-05-25,27.36,Real
CL0083,2024-05-26,18.49,Real
CL0083,2024-05-27,26.38,Real
CL0083,2024-05-28,29.06,Real
CL0083,2024-05-29,15.07,Real
CL0083,2024-05-30,25.92,Real
CL0083,2024-05-31,23.24,Real
CL0083,2024-06-01,16.9,Real
CL0083,2024-06-02,20.19,Real
CL0083,2024-06-03,26.25,Real
CL0083,2024-06-04,37.81,Real
CL0083,2024-06-05,28.14,Real
CL0083,2024-06-06,29.23,Real
CL0083,2024-06-07,32.86,Real
CL0083,2024-06-08,19.03,Real
CL0083,2024-06-09,16.76,Estimada
CL0083,2024-06-10,40.63,Real
CL0083,2024-06-11,30.93,Real
CL0083,2024-06-12,37.72,Real
CL0083,2024-06-13,35.69,Estimada
CL0083,2024-06-14,32.6,Real
CL0083,2024-06-15,22.16,Real
CL0083,2024-06-16,29.18,Real
CL0083,2024-06-17,30.53,Real
CL0083,2024-06-18,31.05,Real
CL0083,2024-06-19,38.03,Real
CL0083,2024-06-20,31.87,Real
CL0083,2024-06-21,25.13,Real
CL0083,2024-06-22,16.48,Estimada
CL0083,2024-06-23,27.52,Estimada
CL0083,2024-06-24,36.67,Real
CL0083,2024-06-25,30.24,Real
CL0083,2024-06-26,34.8,Real
CL0083,2024-06-27,37.55,Real
CL0083,2024-06-28,30.44,Real
CL0084,2024-01-01,6.47,Estimada
CL0084,2024-01-02,7.33,Real
CL0084,2024-01-03,17.25,Real
CL0084,2024-01-04,8.97,Real
CL0084,2024-01-05,7.79,Real
CL0084,2024-01-06,15.73,Real
CL0084,2024-01-07,10.09,Real
CL0084,2024-01-08,11.64,Real
CL0084,2024-01-09,7.48,Real
CL0084,2024-01-10,11.92,Real
CL0084,2024-01-11,14.14,Estimada
CL0084,2024-01-12,10.51,Real
CL0084,2024-01-13,11.49,Real
CL0084,2024-01-14,13.95,Real
CL0084,2024-01-15,13.05,Estimada
CL0084,2024-01-16,15.56,Real
CL0084,2024-01-17,9.68,Real
CL0084,2024-01-18,6.87,Estimada
CL0084,2024-01-19,5.86,Real
CL0084,2024-01-20,15.2,Real
CL0084,2024-01-21,16.79,Real
CL0084,2024-01-22,15.07,Real
CL0084,2024-01-23,13.11,Real
CL0084,2024-01-24,6.68,Estimada
CL0084,2024-01-25,13.08,Real
CL0084,2024-01-26,9.54,Real
CL0084,2024-01-27,18.49,Estimada
CL0084,2024-01-28,14.03,Real
CL0084,2024-01-29,10.09,Real
CL0084,2024-01-30,15.02,Real
CL0084,2024-01-31,10.83,Real
CL0084,2024-02-01,8.85,Real
CL0084,2024-02-02,11.52,Real
CL0084,2024-02-03,16.78,Real
CL0084,2024-02-04,14.68,Real
CL0084,2024-02-05,10.34,Real
CL0084,2024-02-06,4.14,Real
CL0084,2024-02-07,8.3,Real
CL0084,2024-02-08,9.09,Real
CL0084,2024-02-09,10.36,Real
CL0084,2024-02-10,14.55,Real
CL0084,2024-02-11,8.32,Real
CL0084,2024-02-12,6.62,Real
CL0084,2024-02-13,5.81,Real
CL0084,2024-02-14,7.14,Real
CL0084,2024-02-15,12.21,Real
CL0084,2024-02-16,11.63,Real
CL0084,2024-02-17,11.16,Real
CL0084,2024-02-18,11.8,Real
CL0084,2024-02-19,8.51,Real
CL0084,2024-02-20,11.22,Real
CL0084,2024-02-21,5.36,Real
CL0084,2024-02-22,9.59,Estimada
CL0084,2024-02-23,7.99,Real
CL0084,2024-02-24,13.26,Real
CL0084,2024-02-25,16.84,Real
CL0084,2024-02-26,6.56,Real
CL0084,2024-02-27,8.22,Real
CL0084,2024-02-28,13.18,Real
CL0084,2024-02-29,6.69,Real
CL0084,2024-03-01,12.81,Real
CL0084,2024-03-02,11.41,Real
CL0084,2024-03-03,13.17,Real
CL0084,2024-03-04,10.33,Real
CL0084,2024-03-05,8.27,Estimada
CL0084,2024-03-06,10.15,Real
CL0084,2024-03-07,4.77,Real
CL0084,2024-03-08,13.26,Real
CL0084,2024-03-09,5.07,Real
CL0084,2024-03-10,14.59,Real
CL0084,2024-03-11,13.6,Real
CL0084,2024-03-12,6.46,Real
CL0084,2024-03-13,12.71,Real
CL0084,2024-03-14,11.67,Real
CL0084,2024-03-15,12.15,Real
CL0084,2024-03-16,12.2,Estimada
CL0084,2024-03-17,11.26,Real
CL0084,2024-03-18,6.44,Real
CL0084,2024-03-19,6.06,Real
CL0084,2024-03-20,8.36,Real
CL0084,2024-03-21,11.86,Real
CL0084,2024-03-22,7.36,Real
CL0084,2024-03-23,16.14,Real
CL0084,2024-03-24,13.36,Real
CL0084,2024-03-25,8.76,Real
CL0084,2024-03-26,6.8,Real
CL0084,2024-03-27,10.19,Real
CL0084,2024-03-28,2.12,Real
CL0084,2024-03-29,10.48,Estimada
CL0084,2024-03-30,17.24,Real
CL0084,2024-03-31,12.74,Real
CL0084,2024-04-01,2.84,Real
CL0084,2024-04-02,5.61,Real
CL0084,2024-04-03,11.75,Real
CL0084,2024-04-04,11.28,Real
CL0084,2024-04-05,6.6,Real
CL0084,2024-04-06,19.02,Real
CL0084,2024-04-07,15.24,Real
CL0084,2024-04-08,10.14,Real
CL0084,2024-04-09,13.45,Real
CL0084,2024-04-10,11.05,Real
CL0084,2024-04-11,10.8,Real
CL0084,2024-04-12,10.57,Real
CL0084,2024-04-13,15.87,Real
CL0084,2024-04-14,12.15,Real
CL0084,2024-04-15,8.67,Real
CL0084,2024-04-16,12.38,Real
CL0084,2024-04-17,4.76,Real
CL0084,2024-04-18,11.5,Real
CL0084,2024-04-19,7.65,Real
CL0084,2024-04-20,8.9,Real
CL0084,2024-04-21,12.69,Real
CL0084,2024-04-22,7.27,Real
CL0084,2024-04-23,8.37,Real
CL0084,2024-04-24,13.91,Real
CL0084,2024-04-25,12.88,Real
CL0084,2024-04-26,14.73,Real
CL0084,2024-04-27,15.76,Estimada
CL0084,2024-04-28,17.97,Real
CL0084,2024-04-29,12.01,Real
CL0084,2024-04-30,10.0,Real
CL0084,2024-05-01,10.52,Real
CL0084,2024-05-02,10.62,Real
CL0084,2024-05-03,8.21,Real
CL0084,2024-05-04,14.65,Real
CL0084,2024-05-05,15.13,Real
CL0084,2024-05-06,15.15,Real
CL0084,2024-05-07,5.4,Real
CL0084,2024-05-08,10.78,Real
CL0084,2024-05-09,13.55,Estimada
CL0084,2024-05-10,8.5,Real
CL0084,2024-05-11,15.74,Real
CL0084,2024-05-12,16.06,Real
CL0084,2024-05-13,11.46,Real
CL0084,2024-05-14,6.86,Real
CL0084,2024-05-15,16.17,Real
CL0084,2024-05-16,7.29,Real
CL0084,2024-05-17,9.3,Real
CL0084,2024-05-18,14.93,Real
CL0084,2024-05-19,13.91,Real
CL0084,2024-05-20,6.55,Real
CL0084,2024-05-21,15.37,Estimada
CL0084,2024-05-22,11.68,Real
CL0084,2024-05-23,10.57,Real
CL0084,2024-05-24,9.17,Real
CL0084,2024-05-25,13.23,Real
CL0084,2024-05-26,11.38,Real
CL0084,2024-05-27,10.85,Real
CL0084,2024-05-28,12.87,Real
CL0084,2024-05-29,9.41,Estimada
CL0084,2024-05-30,8.62,Real
CL0084,2024-05-31,10.16,Real
CL0084,2024-06-01,16.57,Real
CL0084,2024-06-02,19.74,Real
CL0084,2024-06-03,10.95,Real
CL0084,2024-06-04,17.68,Real
CL0084,2024-06-05,12.97,Real
CL0084,2024-06-06,11.15,Real
CL0084,2024-06-07,12.13,Real
CL0084,2024-06-08,18.14,Real
CL0084,2024-06-09,18.39,Real
CL0084,2024-06-10,14.98,Real
CL0084,2024-06-11,16.0,Estimada
CL0084,2024-06-12,15.26,Real
CL0084,2024-06-13,11.22,Real
CL0084,2024-06-14,13.74,Estimada
CL0084,2024-06-15,13.11,Real
CL0084,2024-06-16,23.78,Real
CL0084,2024-06-17,13.64,Real
CL0084,2024-06-18,15.68,Real
CL0084,2024-06-19,12.14,Real
CL0084,2024-06-20,12.81,Real
CL0084,2024-06-21,14.22,Estimada
CL0084,2024-06-22,18.56,Real
CL0084,2024-06-23,17.91,Real
CL0084,2024-06-24,9.53,Real
CL0084,2024-06-25,13.94,Real
CL0084,2024-06-26,10.59,Real
CL0084,2024-06-27,9.73,Real
CL0084,2024-06-28,14.11,Real
CL0085,2024-01-01,67.37,Real
CL0085,2024-01-02,69.57,Estimada
CL0085,2024-01-03,35.8,Estimada
CL0085,2024-01-04,36.31,Estimada
CL0085,2024-01-05,86.72,Real
CL0085,2024-01-06,41.9,Real
CL0085,2024-01-07,41.7,Real
CL0085,2024-01-08,40.61,Real
CL0085,2024-01-09,61.19,Real
CL0085,2024-01-10,65.27,Estimada
CL0085,2024-01-11,58.07,Real
CL0085,2024-01-12,75.03,Estimada
CL0085,2024-01-13,21.11,Real
CL0085,2024-01-14,43.25,Real
CL0085,2024-01-15,60.55,Real
CL0085,2024-01-16,63.59,Real
CL0085,2024-01-17,64.24,Real
CL0085,2024-01-18,92.94,Real
CL0085,2024-01-19,40.96,Real
CL0085,2024-01-20,52.58,Real
CL0085,2024-01-21,22.81,Real
CL0085,2024-01-22,64.7,Real
CL0085,2024-01-23,47.37,Real
CL0085,2024-01-24,46.7,Real
CL0085,2024-01-25,54.23,Real
CL0085,2024-01-26,39.05,Real
CL0085,2024-01-27,59.55,Real
CL0085,2024-01-28,23.53,Real
CL0085,2024-01-29,65.18,Real
CL0085,2024-01-30,75.89,Real
CL0085,2024-01-31,69.79,Real
CL0085,2024-02-01,80.77,Real
CL0085,2024-02-02,30.88,Real
CL0085,2024-02-03,36.44,Real
CL0085,2024-02-04,49.22,Real
CL0085,2024-02-05,63.02,Real
CL0085,2024-02-06,62.1,Real
CL0085,2024-02-07,58.42,Real
CL0085,2024-02-08,64.73,Real
CL0085,2024-02-09,52.71,Estimada
CL0085,2024-02-10,20.73,Real
CL0085,2024-02-11,35.47,Real
CL0085,2024-02-12,49.96,Real
CL0085,2024-02-13,66.22,Real
CL0085,2024-02-14,34.24,Real
CL0085,2024-02-15,59.07,Real
CL0085,2024-02-16,25.48,Real
CL0085,2024-02-17,51.07,Real
CL0085,2024-02-18,42.66,Real
CL0085,2024-02-19,69.81,Real
CL0085,2024-02-20,82.3,Real
CL0085,2024-02-21,44.29,Real
CL0085,2024-02-22,76.95,Real
CL0085,2024-02-23,65.93,Real
CL0085,2024-02-24,55.64,Estimada
CL0085,2024-02-25,36.94,Real
CL0085,2024-02-26,50.04,Real
CL0085,2024-02-27,78.55,Real
CL0085,2024-02-28,16.41,Real
CL0085,2024-02-29,43.31,Real
CL0085,2024-03-01,73.28,Real
CL0085,2024-03-02,6.17,Real
CL0085,2024-03-03,29.43,Real
CL0085,2024-03-04,53.59,Real
CL0085,2024-03-05,48.58,Estimada
CL0085,2024-03-06,47.8,Real
CL0085,2024-03-07,42.67,Real
CL0085,2024-03-08,42.98,Real
CL0085,2024-03-09,13.43,Real
CL0085,2024-03-10,30.01,Real
CL0085,2024-03-11,60.75,Real
CL0085,2024-03-12,53.51,Real
CL0085,2024-03-13,44.17,Real
CL0085,2024-03-14,39.98,Real
CL0085,2024-03-15,71.96,Real
CL0085,2024-03-16,31.73,Real
CL0085,2024-03-17,55.0,Real
CL0085,2024-03-18,60.27,Real
CL0085,2024-03-19,46.62,Real
CL0085,2024-03-20,42.19,Real
CL0085,2024-03-21,39.96,Real
CL0085,2024-03-22,58.97,Real
CL0085,2024-03-23,35.66,Estimada
CL0085,2024-03-24,31.84,Real
CL0085,2024-03-25,54.87,Real
CL0085,2024-03-26,33.74,Real
CL0085,2024-03-27,46.61,Estimada
CL0085,2024-03-28,58.56,Real
CL0085,2024-03-29,37.2,Real
CL0085,2024-03-30,15.39,Real
CL0085,2024-03-31,22.79,Real
CL0085,2024-04-01,47.23,Estimada
CL0085,2024-04-02,37.07,Real
CL0085,2024-04-03,49.61,Estimada
CL0085,2024-04-04,53.9,Real
CL0085,2024-04-05,49.66,Real
CL0085,2024-04-06,48.6,Real
CL0085,2024-04-07,42.52,Real
CL0085,2024-04-08,49.84,Real
CL0085,2024-04-09,52.69,Real
CL0085,2024-04-10,69.67,Real
CL0085,2024-04-11,72.0,Real
CL0085,2024-04-12,65.31,Real
CL0085,2024-04-13,13.74,Real
CL0085,2024-04-14,48.91,Real
CL0085,2024-04-15,40.98,Real
CL0085,2024-04-16,41.14,Real
CL0085,2024-04-17,20.72,Real
CL0085,2024-04-18,58.1,Real
CL0085,2024-04-19,46.54,Real
CL0085,2024-04-20,38.01,Real
CL0085,2024-04-21,15.85,Real
CL0085,2024-04-22,43.53,Real
CL0085,2024-04-23,46.23,Real
CL0085,2024-04-24,22.62,Real
CL0085,2024-04-25,49.88,Real
CL0085,2024-04-26,59.94,Estimada
CL0085,2024-04-27,16.18,Real
CL0085,2024-04-28,24.52,Real
CL0085,2024-04-29,51.82,Real
CL0085,2024-04-30,58.75,Real
CL0085,2024-05-01,61.74,Real
CL0085,2024-05-02,67.15,Real
CL0085,2024-05-03,64.6,Real
CL0085,2024-05-04,51.52,Real
CL0085,2024-05-05,46.48,Real
CL0085,2024-05-06,59.78,Real
CL0085,2024-05-07,41.54,Real
CL0085,2024-05-08,49.47,Real
CL0085,2024-05-09,35.89,Real
CL0085,2024-05-10,36.55,Real
CL0085,2024-05-11,53.13,Real
CL0085,2024-05-12,51.83,Estimada
CL0085,2024-05-13,53.94,Real
CL0085,2024-05-14,38.63,Real
CL0085,2024-05-15,38.97,Real
CL0085,2024-05-16,39.14,Real
CL0085,2024-05-17,35.87,Estimada
CL0085,2024-05-18,41.42,Real
CL0085,2024-05-19,43.17,Real
CL0085,2024-05-20,75.25,Real
CL0085,2024-05-21,33.83,Real
CL0085,2024-05-22,55.99,Real
CL0085,2024-05-23,50.75,Estimada
CL0085,2024-05-24,48.94,Real
CL0085,2024-05-25,43.16,Real
CL0085,2024-05-26,31.72,Real
CL0085,2024-05-27,32.32,Real
CL0085,2024-05-28,58.22,Estimada
CL0085,2024-05-29,39.67,Real
CL0085,2024-05-30,60.11,Real
CL0085,2024-05-31,54.35,Real
CL0085,2024-06-01,49.37,Real
CL0085,2024-06-02,57.77,Real
CL0085,2024-06-03,85.94,Real
CL0085,2024-06-04,76.83,Real
CL0085,2024-06-05,67.23,Real
CL0085,2024-06-06,83.65,Real
CL0085,2024-06-07,78.02,Real
CL0085,2024-06-08,42.27,Real
CL0085,2024-06-09,64.32,Real
CL0085,2024-06-10,70.85,Real
CL0085,2024-06-11,56.3,Real
CL0085,2024-06-12,64.32,Estimada
CL0085,2024-06-13,88.78,Real
CL0085,2024-06-14,53.04,Estimada
CL0085,2024-06-15,50.32,Real
CL0085,2024-06-16,48.71,Real
CL0085,2024-06-17,59.95,Estimada
CL0085,2024-06-18,74.48,Real
CL0085,2024-06-19,71.91,Real
CL0085,2024-06-20,54.15,Real
CL0085,2024-06-21,64.22,Real
CL0085,2024-06-22,48.6,Real
CL0085,2024-06-23,36.59,Real
CL0085,2024-06-24,77.87,Real
CL0085,2024-06-25,83.6,Real
CL0085,2024-06-26,71.25,Real
CL0085,2024-06-27,71.6,Real
CL0085,2024-06-28,64.89,Real
CL0086,2024-01-01,6.08,Real
CL0086,2024-01-02,6.82,Real
CL0086,2024-01-03,7.83,Real
CL0086,2024-01-04,11.46,Estimada
CL0086,2024-01-05,6.98,Real
CL0086,2024-01-06,13.08,Real
CL0086,2024-01-07,17.77,Real
CL0086,2024-01-08,8.38,Real
CL0086,2024-01-09,8.21,Real
CL0086,2024-01-10,10.3,Real
CL0086,2024-01-11,6.21,Real
CL0086,2024-01-12,9.74,Real
CL0086,2024-01-13,14.65,Real
CL0086,2024-01-14,10.51,Real
CL0086,2024-01-15,6.13,Real
CL0086,2024-01-16,12.09,Real
CL0086,2024-01-17,10.05,Real
CL0086,2024-01-18,9.37,Real
CL0086,2024-01-19,8.88,Real
CL0086,2024-01-20,14.61,Real
CL0086,2024-01-21,8.62,Real
CL0086,2024-01-22,5.14,Real
CL0086,2024-01-23,10.0,Real
CL0086,2024-01-24,9.02,Real
CL0086,2024-01-25,10.46,Real
CL0086,2024-01-26,10.85,Real
CL0086,2024-01-27,16.62,Real
CL0086,2024-01-28,14.71,Real
CL0086,2024-01-29,8.85,Real
CL0086,2024-01-30,9.74,Real
CL0086,2024-01-31,7.67,Real
CL0086,2024-02-01,4.72,Real
CL0086,2024-02-02,6.31,Estimada
CL0086,2024-02-03,13.84,Real
CL0086,2024-02-04,9.97,Estimada
CL0086,2024-02-05,8.85,Real
CL0086,2024-02-06,7.7,Real
CL0086,2024-02-07,7.28,Real
CL0086,2024-02-08,7.11,Real
CL0086,2024-02-09,7.09,Real
CL0086,2024-02-10,7.43,Real
CL0086,2024-02-11,11.91,Real
CL0086,2024-02-12,7.09,Real
CL0086,2024-02-13,9.12,Real
CL0086,2024-02-14,4.88,Estimada
CL0086,2024-02-15,7.44,Real
CL0086,2024-02-16,6.47,Estimada
CL0086,2024-02-17,13.52,Real
CL0086,2024-02-18,10.41,Real
CL0086,2024-02-19,2.6,Real
CL0086,2024-02-20,8.33,Real
CL0086,2024-02-21,8.84,Real
CL0086,2024-02-22,8.18,Real
CL0086,2024-02-23,7.76,Real
CL0086,2024-02-24,9.35,Real
CL0086,2024-02-25,11.73,Real
CL0086,2024-02-26,11.78,Real
CL0086,2024-02-27,10.45,Real
CL0086,2024-02-28,5.58,Real
CL0086,2024-02-29,8.13,Real
CL0086,2024-03-01,11.33,Real
CL0086,2024-03-02,14.17,Real
CL0086,2024-03-03,6.38,Real
CL0086,2024-03-04,8.0,Real
CL0086,2024-03-05,10.79,Real
CL0086,2024-03-06,4.16,Real
CL0086,2024-03-07,8.23,Real
CL0086,2024-03-08,1.54,Estimada
CL0086,2024-03-09,11.04,Estimada
CL0086,2024-03-10,4.47,Real
CL0086,2024-03-11,9.09,Real
CL0086,2024-03-12,7.2,Real
CL0086,2024-03-13,5.77,Real
CL0086,2024-03-14,5.16,Real
CL0086,2024-03-15,7.59,Real
CL0086,2024-03-16,10.08,Real
CL0086,2024-03-17,12.55,Real
CL0086,2024-03-18,0.5,Real
CL0086,2024-03-19,8.02,Real
CL0086,2024-03-20,7.96,Real
CL0086,2024-03-21,3.58,Real
CL0086,2024-03-22,10.01,Real
CL0086,2024-03-23,9.12,Real
CL0086,2024-03-24,11.07,Real
CL0086,2024-03-25,6.99,Real
CL0086,2024-03-26,9.68,Real
CL0086,2024-03-27,11.25,Real
CL0086,2024-03-28,5.01,Real
CL0086,2024-03-29,5.96,Real
CL0086,2024-03-30,12.38,Real
CL0086,2024-03-31,9.42,Real
CL0086,2024-04-01,9.11,Estimada
CL0086,2024-04-02,7.26,Real
CL0086,2024-04-03,12.45,Real
CL0086,2024-04-04,5.01,Real
CL0086,2024-04-05,7.42,Real
CL0086,2024-04-06,4.2,Real
CL0086,2024-04-07,12.2,Real
CL0086,2024-04-08,7.22,Real
CL0086,2024-04-09,12.65,Real
CL0086,2024-04-10,10.61,Real
CL0086,2024-04-11,11.49,Real
CL0086,2024-04-12,7.23,Real
CL0086,2024-04-13,13.52,Real
CL0086,2024-04-14,13.55,Estimada
CL0086,2024-04-15,9.52,Real
CL0086,2024-04-16,8.93,Real
CL0086,2024-04-17,4.84,Real
CL0086,2024-04-18,9.33,Real
CL0086,2024-04-19,9.58,Real
CL0086,2024-04-20,7.66,Estimada
CL0086,2024-04-21,10.99,Real
CL0086,2024-04-22,5.94,Real
CL0086,2024-04-23,2.42,Real
CL0086,2024-04-24,11.26,Real
CL0086,2024-04-25,9.56,Real
CL0086,2024-04-26,6.51,Real
CL0086,2024-04-27,7.67,Estimada
CL0086,2024-04-28,12.94,Real
CL0086,2024-04-29,10.27,Real
CL0086,2024-04-30,10.9,Real
CL0086,2024-05-01,10.2,Real
CL0086,2024-05-02,11.44,Real
CL0086,2024-05-03,6.52,Real
CL0086,2024-05-04,10.95,Estimada
CL0086,2024-05-05,13.79,Real
CL0086,2024-05-06,12.41,Estimada
CL0086,2024-05-07,7.28,Real
CL0086,2024-05-08,8.18,Real
CL0086,2024-05-09,1.9,Estimada
CL0086,2024-05-10,9.74,Real
CL0086,2024-05-11,7.82,Estimada
CL0086,2024-05-12,19.13,Real
CL0086,2024-05-13,10.48,Real
CL0086,2024-05-14,9.09,Real
CL0086,2024-05-15,12.3,Estimada
CL0086,2024-05-16,8.0,Real
CL0086,2024-05-17,9.78,Real
CL0086,2024-05-18,11.01,Real
CL0086,2024-05-19,8.21,Real
CL0086,2024-05-20,7.68,Real
CL0086,2024-05-21,14.19,Real
CL0086,2024-05-22,2.67,Estimada
CL0086,2024-05-23,16.44,Real
CL0086,2024-05-24,11.81,Real
CL0086,2024-05-25,9.9,Real
CL0086,2024-05-26,9.18,Real
CL0086,2024-05-27,9.94,Estimada
CL0086,2024-05-28,12.63,Real
CL0086,2024-05-29,6.83,Real
CL0086,2024-05-30,4.77,Real
CL0086,2024-05-31,11.14,Real
CL0086,2024-06-01,17.69,Real
CL0086,2024-06-02,13.72,Real
CL0086,2024-06-03,11.72,Real
CL0086,2024-06-04,10.56,Real
CL0086,2024-06-05,10.88,Real
CL0086,2024-06-06,9.45,Real
CL0086,2024-06-07,15.5,Estimada
CL0086,2024-06-08,15.15,Real
CL0086,2024-06-09,16.67,Real
CL0086,2024-06-10,16.01,Real
CL0086,2024-06-11,7.14,Real
CL0086,2024-06-12,13.71,Real
CL0086,2024-06-13,5.75,Real
CL0086,2024-06-14,10.14,Real
CL0086,2024-06-15,17.36,Real
CL0086,2024-06-16,13.23,Real
CL0086,2024-06-17,11.32,Real
CL0086,2024-06-18,13.29,Real
CL0086,2024-06-19,15.27,Real
CL0086,2024-06-20,9.44,Real
CL0086,2024-06-21,10.45,Real
CL0086,2024-06-22,13.98,Real
CL0086,2024-06-23,19.18,Real
CL0086,2024-06-24,10.48,Real
CL0086,2024-06-25,9.53,Real
CL0086,2024-06-26,8.97,Real
CL0086,2024-06-27,10.35,Real
CL0086,2024-06-28,15.59,Real
CL0087,2024-01-01,21.01,Real
CL0087,2024-01-02,14.57,Real
CL0087,2024-01-03,17.26,Real
CL0087,2024-01-04,17.1,Real
CL0087,2024-01-05,23.02,Real
CL0087,2024-01-06,27.8,Real
CL0087,2024-01-07,30.05,Real
CL0087,2024-01-08,19.57,Real
CL0087,2024-01-09,22.04,Real
CL0087,2024-01-10,20.5,Real
CL0087,2024-01-11,10.88,Real
CL0087,2024-01-12,16.24,Real
CL0087,2024-01-13,28.07,Real
CL0087,2024-01-14,25.35,Real
CL0087,2024-01-15,11.28,Real
CL0087,2024-01-16,11.61,Real
CL0087,2024-01-17,17.03,Real
CL0087,2024-01-18,24.24,Real
CL0087,2024-01-19,13.07,Real
CL0087,2024-01-20,25.49,Real
CL0087,2024-01-21,27.6,Real
CL0087,2024-01-22,21.16,Real
CL0087,2024-01-23,22.65,Real
CL0087,2024-01-24,31.59,Real
CL0087,2024-01-25,21.56,Real
CL0087,2024-01-26,18.8,Real
CL0087,2024-01-27,29.62,Real
CL0087,2024-01-28,28.26,Estimada
CL0087,2024-01-29,5.76,Real
CL0087,2024-01-30,18.4,Estimada
CL0087,2024-01-31,20.04,Real
CL0087,2024-02-01,17.5,Estimada
CL0087,2024-02-02,14.11,Real
CL0087,2024-02-03,24.74,Real
CL0087,2024-02-04,15.93,Real
CL0087,2024-02-05,14.69,Real
CL0087,2024-02-06,5.37,Real
CL0087,2024-02-07,10.38,Real
CL0087,2024-02-08,14.79,Estimada
CL0087,2024-02-09,15.46,Real
CL0087,2024-02-10,6.2,Real
CL0087,2024-02-11,16.8,Real
CL0087,2024-02-12,17.06,Estimada
CL0087,2024-02-13,21.98,Real
CL0087,2024-02-14,24.49,Real
CL0087,2024-02-15,28.9,Real
CL0087,2024-02-16,12.55,Real
CL0087,2024-02-17,12.31,Real
CL0087,2024-02-18,18.56,Real
CL0087,2024-02-19,13.77,Real
CL0087,2024-02-20,12.99,Real
CL0087,2024-02-21,22.58,Real
CL0087,2024-02-22,14.22,Estimada
CL0087,2024-02-23,18.75,Real
CL0087,2024-02-24,25.88,Real
CL0087,2024-02-25,29.75,Estimada
CL0087,2024-02-26,11.06,Real
CL0087,2024-02-27,16.33,Estimada
CL0087,2024-02-28,0.5,Real
CL0087,2024-02-29,17.99,Real
CL0087,2024-03-01,12.24,Real
CL0087,2024-03-02,16.22,Real
CL0087,2024-03-03,20.05,Real
CL0087,2024-03-04,23.44,Real
CL0087,2024-03-05,17.79,Real
CL0087,2024-03-06,14.92,Real
CL0087,2024-03-07,4.0,Real
CL0087,2024-03-08,16.74,Real
CL0087,2024-03-09,16.31,Real
CL0087,2024-03-10,21.38,Real
CL0087,2024-03-11,13.76,Real
CL0087,2024-03-12,8.7,Real
CL0087,2024-03-13,12.21,Real
CL0087,2024-03-14,17.03,Real
CL0087,2024-03-15,9.38,Real
CL0087,2024-03-16,21.58,Estimada
CL0087,2024-03-17,30.66,Real
CL0087,2024-03-18,19.48,Real
CL0087,2024-03-19,13.43,Real
CL0087,2024-03-20,5.57,Real
CL0087,2024-03-21,19.39,Real
CL0087,2024-03-22,16.64,Real
CL0087,2024-03-23,21.14,Real
CL0087,2024-03-24,18.49,Real
CL0087,2024-03-25,11.5,Real
CL0087,2024-03-26,14.03,Real
CL0087,2024-03-27,8.17,Real
CL0087,2024-03-28,25.3,Real
CL0087,2024-03-29,4.14,Real
CL0087,2024-03-30,15.97,Real
CL0087,2024-03-31,18.16,Real
CL0087,2024-04-01,17.3,Real
CL0087,2024-04-02,20.26,Real
CL0087,2024-04-03,11.22,Real
CL0087,2024-04-04,10.33,Real
CL0087,2024-04-05,11.67,Real
CL0087,2024-04-06,16.3,Real
CL0087,2024-04-07,15.94,Real
CL0087,2024-04-08,15.3,Real
CL0087,2024-04-09,21.78,Real
CL0087,2024-04-10,7.41,Real
CL0087,2024-04-11,12.72,Real
CL0087,2024-04-12,15.08,Real
CL0087,2024-04-13,18.4,Real
CL0087,2024-04-14,17.63,Real
CL0087,2024-04-15,13.98,Real
CL0087,2024-04-16,11.17,Real
CL0087,2024-04-17,16.4,Real
CL0087,2024-04-18,12.89,Real
CL0087,2024-04-19,15.8,Real
CL0087,2024-04-20,25.7,Real
CL0087,2024-04-21,20.94,Real
CL0087,2024-04-22,11.41,Real
CL0087,2024-04-23,19.65,Real
CL0087,2024-04-24,20.52,Real
CL0087,2024-04-25,19.56,Real
CL0087,2024-04-26,15.62,Real
CL0087,2024-04-27,19.39,Real
CL0087,2024-04-28,23.57,Real
CL0087,2024-04-29,15.67,Real
CL0087,2024-04-30,22.34,Real
CL0087,2024-05-01,23.0,Real
CL0087,2024-05-02,26.54,Real
CL0087,2024-05-03,18.96,Real
CL0087,2024-05-04,25.43,Real
CL0087,2024-05-05,24.8,Real
CL0087,2024-05-06,9.22,Real
CL0087,2024-05-07,7.59,Real
CL0087,2024-05-08,27.86,Real
CL0087,2024-05-09,16.68,Real
CL0087,2024-05-10,12.63,Real
CL0087,2024-05-11,30.05,Real
CL0087,2024-05-12,24.81,Real
CL0087,2024-05-13,24.35,Real
CL0087,2024-05-14,26.63,Real
CL0087,2024-05-15,5.2,Real
CL0087,2024-05-16,16.92,Real
CL0087,2024-05-17,22.1,Real
CL0087,2024-05-18,18.18,Real
CL0087,2024-05-19,27.28,Real
CL0087,2024-05-20,7.2,Real
CL0087,2024-05-21,12.44,Real
CL0087,2024-05-22,6.95,Real
CL0087,2024-05-23,22.42,Real
CL0087,2024-05-24,13.16,Real
CL0087,2024-05-25,25.03,Real
CL0087,2024-05-26,29.53,Real
CL0087,2024-05-27,19.02,Real
CL0087,2024-05-28,17.13,Real
CL0087,2024-05-29,12.45,Real
CL0087,2024-05-30,14.62,Real
CL0087,2024-05-31,15.24,Estimada
CL0087,2024-06-01,27.25,Real
CL0087,2024-06-02,29.21,Real
CL0087,2024-06-03,21.39,Real
CL0087,2024-06-04,34.62,Real
CL0087,2024-06-05,26.76,Real
CL0087,2024-06-06,15.84,Real
CL0087,2024-06-07,20.39,Estimada
CL0087,2024-06-08,29.56,Estimada
CL0087,2024-06-09,30.43,Estimada
CL0087,2024-06-10,14.33,Real
CL0087,2024-06-11,19.97,Real
CL0087,2024-06-12,19.41,Real
CL0087,2024-06-13,26.69,Real
CL0087,2024-06-14,17.53,Real
CL0087,2024-06-15,30.22,Real
CL0087,2024-06-16,28.1,Real
CL0087,2024-06-17,15.59,Real
CL0087,2024-06-18,14.23,Real
CL0087,2024-06-19,25.57,Real
CL0087,2024-06-20,14.15,Real
CL0087,2024-06-21,29.08,Real
CL0087,2024-06-22,33.07,Real
CL0087,2024-06-23,25.02,Real
CL0087,2024-06-24,19.72,Real
CL0087,2024-06-25,17.36,Real
CL0087,2024-06-26,21.95,Real
CL0087,2024-06-27,30.24,Estimada
CL0087,2024-06-28,19.69,Real
CL0088,2024-01-01,10.83,Estimada
CL0088,2024-01-02,10.41,Real
CL0088,2024-01-03,6.46,Real
CL0088,2024-01-04,9.93,Real
CL0088,2024-01-05,8.48,Real
CL0088,2024-01-06,10.28,Real
CL0088,2024-01-07,11.08,Real
CL0088,2024-01-08,9.12,Real
CL0088,2024-01-09,8.31,Real
CL0088,2024-01-10,7.81,Real
CL0088,2024-01-11,8.53,Estimada
CL0088,2024-01-12,7.47,Real
CL0088,2024-01-13,11.51,Real
CL0088,2024-01-14,9.92,Real
CL0088,2024-01-15,9.73,Real
CL0088,2024-01-16,7.4,Real
CL0088,2024-01-17,6.47,Real
CL0088,2024-01-18,9.27,Real
CL0088,2024-01-19,7.71,Real
CL0088,2024-01-20,12.18,Real
CL0088,2024-01-21,10.88,Real
CL0088,2024-01-22,7.28,Real
CL0088,2024-01-23,8.88,Real
CL0088,2024-01-24,7.14,Estimada
CL0088,2024-01-25,8.39,Real
CL0088,2024-01-26,7.9,Real
CL0088,2024-01-27,7.64,Real
CL0088,2024-01-28,13.0,Real
CL0088,2024-01-29,10.33,Real
CL0088,2024-01-30,8.27,Real
CL0088,2024-01-31,6.81,Real
CL0088,2024-02-01,9.47,Real
CL0088,2024-02-02,3.1,Real
CL0088,2024-02-03,8.0,Real
CL0088,2024-02-04,7.38,Real
CL0088,2024-02-05,6.55,Real
CL0088,2024-02-06,6.9,Real
CL0088,2024-02-07,11.51,Real
CL0088,2024-02-08,5.66,Real
CL0088,2024-02-09,9.32,Real
CL0088,2024-02-10,8.87,Real
CL0088,2024-02-11,10.92,Real
CL0088,2024-02-12,7.0,Real
CL0088,2024-02-13,3.75,Real
CL0088,2024-02-14,6.84,Real
CL0088,2024-02-15,6.52,Real
CL0088,2024-02-16,8.34,Estimada
CL0088,2024-02-17,9.62,Estimada
CL0088,2024-02-18,9.78,Real
CL0088,2024-02-19,6.37,Real
CL0088,2024-02-20,4.66,Real
CL0088,2024-02-21,3.85,Real
CL0088,2024-02-22,8.38,Real
CL0088,2024-02-23,8.5,Real
CL0088,2024-02-24,9.84,Estimada
CL0088,2024-02-25,10.51,Real
CL0088,2024-02-26,5.92,Real
CL0088,2024-02-27,5.98,Real
CL0088,2024-02-28,7.94,Real
CL0088,2024-02-29,6.69,Real
CL0088,2024-03-01,6.73,Real
CL0088,2024-03-02,5.3,Real
CL0088,2024-03-03,4.18,Estimada
CL0088,2024-03-04,2.51,Estimada
CL0088,2024-03-05,2.24,Real
CL0088,2024-03-06,7.83,Real
CL0088,2024-03-07,6.93,Real
CL0088,2024-03-08,5.06,Real
CL0088,2024-03-09,8.45,Real
CL0088,2024-03-10,7.97,Real
CL0088,2024-03-11,6.14,Estimada
CL0088,2024-03-12,10.01,Estimada
CL0088,2024-03-13,5.12,Real
CL0088,2024-03-14,4.51,Estimada
CL0088,2024-03-15,7.72,Real
CL0088,2024-03-16,10.82,Real
CL0088,2024-03-17,7.74,Real
CL0088,2024-03-18,6.83,Real
CL0088,2024-03-19,5.35,Real
CL0088,2024-03-20,6.25,Real
CL0088,2024-03-21,4.14,Real
CL0088,2024-03-22,9.34,Real
CL0088,2024-03-23,2.69,Real
CL0088,2024-03-24,7.45,Real
CL0088,2024-03-25,7.29,Real
CL0088,2024-03-26,3.33,Real
CL0088,2024-03-27,4.27,Real
CL0088,2024-03-28,6.0,Real
CL0088,2024-03-29,3.24,Real
CL0088,2024-03-30,9.84,Real
CL0088,2024-03-31,8.97,Real
CL0088,2024-04-01,7.19,Real
CL0088,2024-04-02,8.15,Real
CL0088,2024-04-03,2.54,Real
CL0088,2024-04-04,7.27,Real
CL0088,2024-04-05,4.21,Real
CL0088,2024-04-06,5.52,Real
CL0088,2024-04-07,8.04,Real
CL0088,2024-04-08,4.77,Real
CL0088,2024-04-09,5.16,Real
CL0088,2024-04-10,6.03,Real
CL0088,2024-04-11,6.66,Real
CL0088,2024-04-12,9.27,Real
CL0088,2024-04-13,10.69,Real
CL0088,2024-04-14,10.93,Real
CL0088,2024-04-15,7.6,Real
CL0088,2024-04-16,7.0,Real
CL0088,2024-04-17,6.26,Real
CL0088,2024-04-18,4.98,Real
CL0088,2024-04-19,3.39,Estimada
CL0088,2024-04-20,7.77,Real
CL0088,2024-04-21,12.4,Real
CL0088,2024-04-22,6.95,Real
CL0088,2024-04-23,5.26,Real
CL0088,2024-04-24,6.12,Real
CL0088,2024-04-25,9.07,Real
CL0088,2024-04-26,6.42,Real
CL0088,2024-04-27,9.25,Real
CL0088,2024-04-28,9.89,Real
CL0088,2024-04-29,8.41,Real
CL0088,2024-04-30,10.52,Real
CL0088,2024-05-01,9.22,Real
CL0088,2024-05-02,10.74,Real
CL0088,2024-05-03,11.15,Real
CL0088,2024-05-04,9.35,Estimada
CL0088,2024-05-05,12.71,Real
CL0088,2024-05-06,4.89,Real
CL0088,2024-05-07,14.38,Real
CL0088,2024-05-08,7.35,Real
CL0088,2024-05-09,8.24,Real
CL0088,2024-05-10,7.17,Estimada
CL0088,2024-05-11,9.9,Real
CL0088,2024-05-12,8.34,Real
CL0088,2024-05-13,8.52,Real
CL0088,2024-05-14,8.71,Real
CL0088,2024-05-15,4.62,Estimada
CL0088,2024-05-16,11.17,Real
CL0088,2024-05-17,6.75,Real
CL0088,2024-05-18,10.93,Real
CL0088,2024-05-19,12.49,Real
CL0088,2024-05-20,7.42,Real
CL0088,2024-05-21,6.03,Real
CL0088,2024-05-22,9.16,Estimada
CL0088,2024-05-23,7.94,Real
CL0088,2024-05-24,5.65,Real
CL0088,2024-05-25,8.33,Real
CL0088,2024-05-26,12.64,Real
CL0088,2024-05-27,2.21,Real
CL0088,2024-05-28,7.92,Estimada
CL0088,2024-05-29,7.57,Real
CL0088,2024-05-30,6.71,Real
CL0088,2024-05-31,6.67,Real
CL0088,2024-06-01,13.88,Real
CL0088,2024-06-02,11.32,Real
CL0088,2024-06-03,8.61,Real
CL0088,2024-06-04,6.18,Real
CL0088,2024-06-05,8.55,Real
CL0088,2024-06-06,8.0,Real
CL0088,2024-06-07,8.21,Estimada
CL0088,2024-06-08,13.31,Real
CL0088,2024-06-09,10.18,Real
CL0088,2024-06-10,9.82,Real
CL0088,2024-06-11,11.62,Real
CL0088,2024-06-12,5.78,Real
CL0088,2024-06-13,9.62,Real
CL0088,2024-06-14,5.22,Real
CL0088,2024-06-15,12.08,Real
CL0088,2024-06-16,12.57,Real
CL0088,2024-06-17,12.1,Real
CL0088,2024-06-18,6.85,Real
CL0088,2024-06-19,10.48,Real
CL0088,2024-06-20,10.01,Real
CL0088,2024-06-21,7.75,Real
CL0088,2024-06-22,15.67,Real
CL0088,2024-06-23,12.13,Real
CL0088,2024-06-24,12.68,Real
CL0088,2024-06-25,11.53,Real
CL0088,2024-06-26,9.84,Real
CL0088,2024-06-27,13.09,Real
CL0088,2024-06-28,7.66,Real
CL0089,2024-01-01,5.65,Real
CL0089,2024-01-02,6.25,Real
CL0089,2024-01-03,11.15,Real
CL0089,2024-01-04,7.61,Real
CL0089,2024-01-05,11.85,Real
CL0089,2024-01-06,13.78,Real
CL0089,2024-01-07,14.35,Real
CL0089,2024-01-08,5.47,Real
CL0089,2024-01-09,5.3,Real
CL0089,2024-01-10,3.93,Real
CL0089,2024-01-11,6.13,Real
CL0089,2024-01-12,5.15,Real
CL0089,2024-01-13,8.35,Real
CL0089,2024-01-14,11.0,Real
CL0089,2024-01-15,5.04,Real
CL0089,2024-01-16,8.1,Real
CL0089,2024-01-17,8.77,Estimada
CL0089,2024-01-18,9.71,Real
CL0089,2024-01-19,6.45,Real
CL0089,2024-01-20,10.83,Real
CL0089,2024-01-21,9.88,Real
CL0089,2024-01-22,10.4,Real
CL0089,2024-01-23,8.88,Real
CL0089,2024-01-24,5.75,Real
CL0089,2024-01-25,4.05,Real
CL0089,2024-01-26,7.24,Real
CL0089,2024-01-27,9.23,Real
CL0089,2024-01-28,10.98,Real
CL0089,2024-01-29,4.08,Real
CL0089,2024-01-30,6.62,Real
CL0089,2024-01-31,5.91,Real
CL0089,2024-02-01,9.94,Real
CL0089,2024-02-02,10.75,Real
CL0089,2024-02-03,10.25,Real
CL0089,2024-02-04,2.8,Real
CL0089,2024-02-05,4.15,Real
CL0089,2024-02-06,3.48,Real
CL0089,2024-02-07,6.79,Real
CL0089,2024-02-08,7.43,Estimada
CL0089,2024-02-09,7.65,Real
CL0089,2024-02-10,9.35,Real
CL0089,2024-02-11,11.07,Real
CL0089,2024-02-12,5.03,Real
CL0089,2024-02-13,4.63,Real
CL0089,2024-02-14,6.06,Real
CL0089,2024-02-15,4.11,Real
CL0089,2024-02-16,7.34,Real
CL0089,2024-02-17,9.85,Real
CL0089,2024-02-18,9.53,Real
CL0089,2024-02-19,7.43,Real
CL0089,2024-02-20,5.96,Real
CL0089,2024-02-21,8.86,Real
CL0089,2024-02-22,3.82,Real
CL0089,2024-02-23,5.14,Real
CL0089,2024-02-24,7.3,Real
CL0089,2024-02-25,9.01,Estimada
CL0089,2024-02-26,6.51,Real
CL0089,2024-02-27,5.65,Estimada
CL0089,2024-02-28,7.25,Real
CL0089,2024-02-29,7.96,Real
CL0089,2024-03-01,4.52,Real
CL0089,2024-03-02,7.07,Real
CL0089,2024-03-03,10.27,Real
CL0089,2024-03-04,2.43,Real
CL0089,2024-03-05,7.21,Real
CL0089,2024-03-06,1.92,Real
CL0089,2024-03-07,10.43,Real
CL0089,2024-03-08,2.54,Real
CL0089,2024-03-09,7.94,Real
CL0089,2024-03-10,5.7,Real
CL0089,2024-03-11,6.25,Real
CL0089,2024-03-12,7.32,Real
CL0089,2024-03-13,6.19,Real
CL0089,2024-03-14,5.83,Estimada
CL0089,2024-03-15,3.78,Real
CL0089,2024-03-16,10.35,Real
CL0089,2024-03-17,7.97,Real
CL0089,2024-03-18,6.65,Real
CL0089,2024-03-19,6.18,Real
CL0089,2024-03-20,7.18,Real
CL0089,2024-03-21,5.21,Real
CL0089,2024-03-22,5.87,Real
CL0089,2024-03-23,9.22,Real
CL0089,2024-03-24,9.62,Real
CL0089,2024-03-25,8.57,Real
CL0089,2024-03-26,4.33,Real
CL0089,2024-03-27,5.46,Real
CL0089,2024-03-28,3.26,Real
CL0089,2024-03-29,3.37,Real
CL0089,2024-03-30,8.56,Estimada
CL0089,2024-03-31,9.53,Real
CL0089,2024-04-01,6.28,Real
CL0089,2024-04-02,7.32,Estimada
CL0089,2024-04-03,7.69,Real
CL0089,2024-04-04,7.04,Real
CL0089,2024-04-05,6.81,Real
CL0089,2024-04-06,9.47,Real
CL0089,2024-04-07,13.12,Estimada
CL0089,2024-04-08,6.98,Real
CL0089,2024-04-09,8.76,Real
CL0089,2024-04-10,5.45,Real
CL0089,2024-04-11,5.56,Real
CL0089,2024-04-12,5.22,Real
CL0089,2024-04-13,6.96,Real
CL0089,2024-04-14,15.03,Real
CL0089,2024-04-15,6.44,Estimada
CL0089,2024-04-16,7.11,Real
CL0089,2024-04-17,8.19,Estimada
CL0089,2024-04-18,7.49,Real
CL0089,2024-04-19,9.44,Real
CL0089,2024-04-20,10.32,Real
CL0089,2024-04-21,8.88,Estimada
CL0089,2024-04-22,6.48,Real
CL0089,2024-04-23,2.29,Real
CL0089,2024-04-24,6.42,Real
CL0089,2024-04-25,5.18,Real
CL0089,2024-04-26,6.2,Real
CL0089,2024-04-27,9.08,Real
CL0089,2024-04-28,8.66,Real
CL0089,2024-04-29,7.24,Real
CL0089,2024-04-30,13.32,Real
CL0089,2024-05-01,8.13,Real
CL0089,2024-05-02,5.13,Real
CL0089,2024-05-03,4.66,Real
CL0089,2024-05-04,12.47,Real
CL0089,2024-05-05,8.48,Real
CL0089,2024-05-06,9.59,Real
CL0089,2024-05-07,10.37,Estimada
CL0089,2024-05-08,9.48,Real
CL0089,2024-05-09,6.69,Real
CL0089,2024-05-10,3.05,Real
CL0089,2024-05-11,4.17,Real
CL0089,2024-05-12,7.56,Real
CL0089,2024-05-13,8.76,Real
CL0089,2024-05-14,6.39,Estimada
CL0089,2024-05-15,9.17,Real
CL0089,2024-05-16,10.72,Real
CL0089,2024-05-17,9.1,Real
CL0089,2024-05-18,11.73,Real
CL0089,2024-05-19,12.01,Real
CL0089,2024-05-20,3.93,Estimada
CL0089,2024-05-21,6.73,Real
CL0089,2024-05-22,7.73,Real
CL0089,2024-05-23,6.52,Real
CL0089,2024-05-24,8.39,Real
CL0089,2024-05-25,10.81,Estimada
CL0089,2024-05-26,14.23,Real
CL0089,2024-05-27,7.52,Real
CL0089,2024-05-28,4.83,Real
CL0089,2024-05-29,3.83,Real
CL0089,2024-05-30,9.38,Estimada
CL0089,2024-05-31,1.63,Real
CL0089,2024-06-01,12.22,Real
CL0089,2024-06-02,15.93,Real
CL0089,2024-06-03,6.07,Estimada
CL0089,2024-06-04,9.51,Real
CL0089,2024-06-05,8.7,Real
CL0089,2024-06-06,9.82,Real
CL0089,2024-06-07,12.79,Real
CL0089,2024-06-08,9.29,Real
CL0089,2024-06-09,10.46,Real
CL0089,2024-06-10,7.24,Real
CL0089,2024-06-11,6.73,Real
CL0089,2024-06-12,10.69,Estimada
CL0089,2024-06-13,8.46,Real
CL0089,2024-06-14,8.35,Real
CL0089,2024-06-15,12.44,Real
CL0089,2024-06-16,10.0,Real
CL0089,2024-06-17,7.75,Real
CL0089,2024-06-18,11.2,Real
CL0089,2024-06-19,11.29,Real
CL0089,2024-06-20,8.56,Real
CL0089,2024-06-21,10.1,Real
CL0089,2024-06-22,13.63,Real
CL0089,2024-06-23,12.87,Real
CL0089,2024-06-24,13.83,Real
CL0089,2024-06-25,10.29,Estimada
CL0089,2024-06-26,9.29,Real
CL0089,2024-06-27,9.29,Real
CL0089,2024-06-28,11.43,Real
CL0090,2024-01-01,13.64,Real
CL0090,2024-01-02,11.72,Real
CL0090,2024-01-03,12.99,Real
CL0090,2024-01-04,9.89,Real
CL0090,2024-01-05,7.58,Real
CL0090,2024-01-06,18.78,Real
CL0090,2024-01-07,24.76,Real
CL0090,2024-01-08,12.75,Real
CL0090,2024-01-09,13.18,Real
CL0090,2024-01-10,19.92,Real
CL0090,2024-01-11,15.16,Estimada
CL0090,2024-01-12,14.17,Real
CL0090,2024-01-13,18.37,Real
CL0090,2024-01-14,22.09,Real
CL0090,2024-01-15,20.2,Real
CL0090,2024-01-16,14.42,Real
CL0090,2024-01-17,16.69,Real
CL0090,2024-01-18,13.56,Real
CL0090,2024-01-19,15.73,Real
CL0090,2024-01-20,27.42,Real
CL0090,2024-01-21,24.91,Real
CL0090,2024-01-22,18.28,Real
CL0090,2024-01-23,13.98,Real
CL0090,2024-01-24,16.07,Estimada
CL0090,2024-01-25,14.57,Real
CL0090,2024-01-26,13.47,Real
CL0090,2024-01-27,17.79,Real
CL0090,2024-01-28,23.8,Real
CL0090,2024-01-29,14.71,Real
CL0090,2024-01-30,13.79,Real
CL0090,2024-01-31,10.96,Real
CL0090,2024-02-01,15.45,Real
CL0090,2024-02-02,10.24,Real
CL0090,2024-02-03,21.44,Real
CL0090,2024-02-04,25.36,Real
CL0090,2024-02-05,13.06,Real
CL0090,2024-02-06,12.69,Real
CL0090,2024-02-07,7.8,Real
CL0090,2024-02-08,8.11,Real
CL0090,2024-02-09,9.03,Real
CL0090,2024-02-10,18.84,Real
CL0090,2024-02-11,21.73,Real
CL0090,2024-02-12,11.11,Real
CL0090,2024-02-13,13.2,Real
CL0090,2024-02-14,15.87,Real
CL0090,2024-02-15,9.87,Real
CL0090,2024-02-16,18.25,Real
CL0090,2024-02-17,19.92,Real
CL0090,2024-02-18,17.36,Real
CL0090,2024-02-19,12.25,Estimada
CL0090,2024-02-20,10.45,Estimada
CL0090,2024-02-21,11.85,Real
CL0090,2024-02-22,7.5,Estimada
CL0090,2024-02-23,7.85,Real
CL0090,2024-02-24,17.6,Real
CL0090,2024-02-25,25.04,Real
CL0090,2024-02-26,6.81,Real
CL0090,2024-02-27,12.23,Real
CL0090,2024-02-28,15.28,Real
CL0090,2024-02-29,19.86,Estimada
CL0090,2024-03-01,13.21,Real
CL0090,2024-03-02,22.8,Real
CL0090,2024-03-03,20.25,Real
CL0090,2024-03-04,14.66,Real
CL0090,2024-03-05,7.44,Real
CL0090,2024-03-06,2.54,Real
CL0090,2024-03-07,6.17,Real
CL0090,2024-03-08,13.1,Real
CL0090,2024-03-09,18.72,Estimada
CL0090,2024-03-10,13.22,Real
CL0090,2024-03-11,17.63,Real
CL0090,2024-03-12,11.55,Real
CL0090,2024-03-13,10.26,Estimada
CL0090,2024-03-14,11.9,Real
CL0090,2024-03-15,6.87,Estimada
CL0090,2024-03-16,19.41,Real
CL0090,2024-03-17,19.97,Estimada
CL0090,2024-03-18,11.1,Real
CL0090,2024-03-19,9.6,Estimada
CL0090,2024-03-20,4.31,Real
CL0090,2024-03-21,8.17,Real
CL0090,2024-03-22,4.88,Real
CL0090,2024-03-23,5.02,Real
CL0090,2024-03-24,9.39,Real
CL0090,2024-03-25,11.32,Real
CL0090,2024-03-26,11.03,Real
CL0090,2024-03-27,5.71,Real
CL0090,2024-03-28,16.32,Real
CL0090,2024-03-29,12.53,Real
CL0090,2024-03-30,16.41,Real
CL0090,2024-03-31,15.62,Real
CL0090,2024-04-01,13.28,Real
CL0090,2024-04-02,4.57,Real
CL0090,2024-04-03,12.72,Real
CL0090,2024-04-04,15.61,Real
CL0090,2024-04-05,22.92,Real
CL0090,2024-04-06,9.47,Real
CL0090,2024-04-07,10.94,Real
CL0090,2024-04-08,16.35,Real
CL0090,2024-04-09,14.43,Estimada
CL0090,2024-04-10,12.92,Real
CL0090,2024-04-11,8.37,Real
CL0090,2024-04-12,14.35,Real
CL0090,2024-04-13,21.87,Real
CL0090,2024-04-14,20.43,Real
CL0090,2024-04-15,19.45,Real
CL0090,2024-04-16,15.49,Real
CL0090,2024-04-17,9.78,Real
CL0090,2024-04-18,14.03,Real
CL0090,2024-04-19,15.38,Real
CL0090,2024-04-20,15.4,Real
CL0090,2024-04-21,12.73,Real
CL0090,2024-04-22,6.81,Real
CL0090,2024-04-23,8.15,Real
CL0090,2024-04-24,9.2,Real
CL0090,2024-04-25,10.42,Real
CL0090,2024-04-26,10.71,Real
CL0090,2024-04-27,20.11,Real
CL0090,2024-04-28,17.71,Real
CL0090,2024-04-29,13.0,Real
CL0090,2024-04-30,12.88,Estimada
CL0090,2024-05-01,5.46,Real
CL0090,2024-05-02,5.78,Real
CL0090,2024-05-03,12.34,Real
CL0090,2024-05-04,27.25,Estimada
CL0090,2024-05-05,24.2,Estimada
CL0090,2024-05-06,13.84,Real
CL0090,2024-05-07,13.85,Real
CL0090,2024-05-08,9.91,Real
CL0090,2024-05-09,12.75,Real
CL0090,2024-05-10,13.8,Real
CL0090,2024-05-11,26.2,Real
CL0090,2024-05-12,23.68,Real
CL0090,2024-05-13,13.35,Real
CL0090,2024-05-14,14.76,Real
CL0090,2024-05-15,22.06,Real
CL0090,2024-05-16,11.36,Real
CL0090,2024-05-17,16.7,Real
CL0090,2024-05-18,30.44,Real
CL0090,2024-05-19,22.31,Real
CL0090,2024-05-20,18.01,Real
CL0090,2024-05-21,11.79,Real
CL0090,2024-05-22,18.86,Real
CL0090,2024-05-23,15.74,Estimada
CL0090,2024-05-24,14.74,Real
CL0090,2024-05-25,28.55,Real
CL0090,2024-05-26,22.16,Real
CL0090,2024-05-27,15.31,Real
CL0090,2024-05-28,15.17,Real
CL0090,2024-05-29,15.89,Real
CL0090,2024-05-30,15.84,Estimada
CL0090,2024-05-31,17.54,Real
CL0090,2024-06-01,26.0,Real
CL0090,2024-06-02,20.05,Real
CL0090,2024-06-03,25.89,Real
CL0090,2024-06-04,18.33,Real
CL0090,2024-06-05,17.27,Real
CL0090,2024-06-06,24.87,Real
CL0090,2024-06-07,12.98,Real
CL0090,2024-06-08,22.84,Real
CL0090,2024-06-09,27.94,Real
CL0090,2024-06-10,26.82,Real
CL0090,2024-06-11,18.1,Real
CL0090,2024-06-12,19.34,Estimada
CL0090,2024-06-13,14.35,Estimada
CL0090,2024-06-14,13.21,Real
CL0090,2024-06-15,29.03,Real
CL0090,2024-06-16,25.27,Real
CL0090,2024-06-17,15.37,Real
CL0090,2024-06-18,17.34,Real
CL0090,2024-06-19,13.67,Real
CL0090,2024-06-20,19.68,Real
CL0090,2024-06-21,25.11,Real
CL0090,2024-06-22,13.91,Real
CL0090,2024-06-23,23.42,Real
CL0090,2024-06-24,24.27,Estimada
CL0090,2024-06-25,12.98,Real
CL0090,2024-06-26,25.77,Real
CL0090,2024-06-27,23.0,Real
CL0090,2024-06-28,17.03,Estimada
CL0091,2024-01-01,11.12,Real
CL0091,2024-01-02,16.15,Real
CL0091,2024-01-03,14.93,Estimada
CL0091,2024-01-04,14.47,Real
CL0091,2024-01-05,19.56,Real
CL0091,2024-01-06,27.22,Estimada
CL0091,2024-01-07,32.33,Real
CL0091,2024-01-08,16.31,Real
CL0091,2024-01-09,18.7,Real
CL0091,2024-01-10,19.01,Real
CL0091,2024-01-11,10.35,Real
CL0091,2024-01-12,24.68,Real
CL0091,2024-01-13,27.25,Real
CL0091,2024-01-14,27.25,Real
CL0091,2024-01-15,6.26,Real
CL0091,2024-01-16,19.57,Real
CL0091,2024-01-17,12.99,Real
CL0091,2024-01-18,19.82,Real
CL0091,2024-01-19,17.02,Real
CL0091,2024-01-20,21.32,Real
CL0091,2024-01-21,17.85,Real
CL0091,2024-01-22,16.93,Real
CL0091,2024-01-23,19.32,Real
CL0091,2024-01-24,23.62,Real
CL0091,2024-01-25,17.8,Estimada
CL0091,2024-01-26,14.79,Real
CL0091,2024-01-27,29.38,Real
CL0091,2024-01-28,26.97,Real
CL0091,2024-01-29,15.2,Real
CL0091,2024-01-30,11.7,Real
CL0091,2024-01-31,11.44,Real
CL0091,2024-02-01,8.82,Real
CL0091,2024-02-02,16.14,Real
CL0091,2024-02-03,20.61,Real
CL0091,2024-02-04,27.54,Real
CL0091,2024-02-05,9.45,Real
CL0091,2024-02-06,4.08,Real
CL0091,2024-02-07,20.08,Real
CL0091,2024-02-08,14.4,Real
CL0091,2024-02-09,14.61,Real
CL0091,2024-02-10,17.37,Real
CL0091,2024-02-11,27.3,Real
CL0091,2024-02-12,17.58,Real
CL0091,2024-02-13,5.37,Real
CL0091,2024-02-14,17.23,Real
CL0091,2024-02-15,17.09,Real
CL0091,2024-02-16,7.57,Real
CL0091,2024-02-17,18.24,Real
CL0091,2024-02-18,25.43,Real
CL0091,2024-02-19,13.27,Real
CL0091,2024-02-20,23.8,Real
CL0091,2024-02-21,8.25,Real
CL0091,2024-02-22,11.35,Estimada
CL0091,2024-02-23,21.39,Real
CL0091,2024-02-24,18.36,Real
CL0091,2024-02-25,18.76,Estimada
CL0091,2024-02-26,15.81,Real
CL0091,2024-02-27,13.34,Real
CL0091,2024-02-28,11.02,Real
CL0091,2024-02-29,21.99,Real
CL0091,2024-03-01,10.06,Real
CL0091,2024-03-02,17.06,Real
CL0091,2024-03-03,22.94,Real
CL0091,2024-03-04,17.26,Estimada
CL0091,2024-03-05,10.0,Real
CL0091,2024-03-06,13.66,Real
CL0091,2024-03-07,10.44,Estimada
CL0091,2024-03-08,16.12,Real
CL0091,2024-03-09,16.71,Estimada
CL0091,2024-03-10,21.95,Real
CL0091,2024-03-11,9.76,Estimada
CL0091,2024-03-12,11.14,Real
CL0091,2024-03-13,7.06,Real
CL0091,2024-03-14,16.3,Real
CL0091,2024-03-15,8.03,Real
CL0091,2024-03-16,21.88,Real
CL0091,2024-03-17,19.48,Estimada
CL0091,2024-03-18,23.54,Real
CL0091,2024-03-19,19.79,Real
CL0091,2024-03-20,8.06,Real
CL0091,2024-03-21,12.92,Real
CL0091,2024-03-22,10.67,Real
CL0091,2024-03-23,23.55,Real
CL0091,2024-03-24,19.82,Real
CL0091,2024-03-25,15.01,Real
CL0091,2024-03-26,5.54,Real
CL0091,2024-03-27,19.67,Real
CL0091,2024-03-28,13.56,Real
CL0091,2024-03-29,24.04,Real
CL0091,2024-03-30,25.54,Real
CL0091,2024-03-31,14.91,Real
CL0091,2024-04-01,23.89,Real
CL0091,2024-04-02,12.76,Real
CL0091,2024-04-03,16.65,Real
CL0091,2024-04-04,8.52,Real
CL0091,2024-04-05,14.12,Real
CL0091,2024-04-06,16.59,Real
CL0091,2024-04-07,17.25,Real
CL0091,2024-04-08,11.97,Real
CL0091,2024-04-09,9.55,Real
CL0091,2024-04-10,18.3,Real
CL0091,2024-04-11,7.08,Real
CL0091,2024-04-12,17.76,Real
CL0091,2024-04-13,12.59,Estimada
CL0091,2024-04-14,17.24,Estimada
CL0091,2024-04-15,16.35,Real
CL0091,2024-04-16,10.73,Real
CL0091,2024-04-17,17.47,Real
CL0091,2024-04-18,14.09,Real
CL0091,2024-04-19,11.77,Real
CL0091,2024-04-20,21.98,Real
CL0091,2024-04-21,15.91,Real
CL0091,2024-04-22,16.97,Real
CL0091,2024-04-23,15.39,Real
CL0091,2024-04-24,12.02,Real
CL0091,2024-04-25,19.77,Real
CL0091,2024-04-26,9.69,Real
CL0091,2024-04-27,26.93,Real
CL0091,2024-04-28,16.52,Real
CL0091,2024-04-29,15.85,Real
CL0091,2024-04-30,13.76,Estimada
CL0091,2024-05-01,10.22,Real
CL0091,2024-05-02,18.34,Real
CL0091,2024-05-03,15.47,Real
CL0091,2024-05-04,27.94,Real
CL0091,2024-05-05,30.1,Real
CL0091,2024-05-06,17.96,Real
CL0091,2024-05-07,14.39,Real
CL0091,2024-05-08,15.92,Real
CL0091,2024-05-09,13.54,Real
CL0091,2024-05-10,13.04,Real
CL0091,2024-05-11,26.5,Real
CL0091,2024-05-12,23.33,Real
CL0091,2024-05-13,19.24,Real
CL0091,2024-05-14,17.97,Real
CL0091,2024-05-15,15.08,Estimada
CL0091,2024-05-16,24.5,Real
CL0091,2024-05-17,19.79,Estimada
CL0091,2024-05-18,30.42,Real
CL0091,2024-05-19,19.38,Real
CL0091,2024-05-20,17.49,Real
CL0091,2024-05-21,12.23,Real
CL0091,2024-05-22,23.93,Real
CL0091,2024-05-23,11.93,Real
CL0091,2024-05-24,24.73,Real
CL0091,2024-05-25,25.14,Real
CL0091,2024-05-26,21.9,Real
CL0091,2024-05-27,13.24,Real
CL0091,2024-05-28,12.23,Real
CL0091,2024-05-29,7.16,Estimada
CL0091,2024-05-30,22.31,Real
CL0091,2024-05-31,9.59,Estimada
CL0091,2024-06-01,27.42,Real
CL0091,2024-06-02,24.28,Real
CL0091,2024-06-03,26.37,Real
CL0091,2024-06-04,14.76,Real
CL0091,2024-06-05,22.6,Real
CL0091,2024-06-06,21.62,Real
CL0091,2024-06-07,26.34,Real
CL0091,2024-06-08,26.9,Real
CL0091,2024-06-09,20.91,Real
CL0091,2024-06-10,7.32,Real
CL0091,2024-06-11,16.55,Real
CL0091,2024-06-12,21.51,Real
CL0091,2024-06-13,23.05,Real
CL0091,2024-06-14,22.1,Real
CL0091,2024-06-15,21.35,Real
CL0091,2024-06-16,37.52,Real
CL0091,2024-06-17,21.17,Real
CL0091,2024-06-18,10.1,Real
CL0091,2024-06-19,23.28,Real
CL0091,2024-06-20,17.84,Real
CL0091,2024-06-21,11.19,Real
CL0091,2024-06-22,26.72,Real
CL0091,2024-06-23,30.24,Real
CL0091,2024-06-24,17.99,Real
CL0091,2024-06-25,18.21,Real
CL0091,2024-06-26,9.0,Real
CL0091,2024-06-27,17.62,Real
CL0091,2024-06-28,20.97,Real
CL0092,2024-01-01,7.44,Real
CL0092,2024-01-02,7.1,Real
CL0092,2024-01-03,7.36,Real
CL0092,2024-01-04,7.37,Estimada
CL0092,2024-01-05,7.37,Real
CL0092,2024-01-06,12.33,Real
CL0092,2024-01-07,10.18,Real
CL0092,2024-01-08,7.68,Real
CL0092,2024-01-09,3.91,Real
CL0092,2024-01-10,7.59,Estimada
CL0092,2024-01-11,7.58,Real
CL0092,2024-01-12,5.79,Real
CL0092,2024-01-13,11.91,Real
CL0092,2024-01-14,10.48,Real
CL0092,2024-01-15,7.72,Real
CL0092,2024-01-16,8.35,Real
CL0092,2024-01-17,8.09,Real
CL0092,2024-01-18,11.15,Estimada
CL0092,2024-01-19,7.49,Real
CL0092,2024-01-20,10.01,Real
CL0092,2024-01-21,13.71,Real
CL0092,2024-01-22,9.32,Real
CL0092,2024-01-23,8.29,Real
CL0092,2024-01-24,6.52,Real
CL0092,2024-01-25,7.47,Estimada
CL0092,2024-01-26,5.12,Real
CL0092,2024-01-27,9.03,Real
CL0092,2024-01-28,11.31,Real
CL0092,2024-01-29,7.62,Real
CL0092,2024-01-30,7.6,Real
CL0092,2024-01-31,7.98,Real
CL0092,2024-02-01,8.05,Real
CL0092,2024-02-02,6.07,Real
CL0092,2024-02-03,9.07,Real
CL0092,2024-02-04,8.93,Estimada
CL0092,2024-02-05,5.36,Real
CL0092,2024-02-06,7.22,Estimada
CL0092,2024-02-07,2.28,Real
CL0092,2024-02-08,5.59,Real
CL0092,2024-02-09,8.62,Real
CL0092,2024-02-10,8.99,Real
CL0092,2024-02-11,10.6,Real
CL0092,2024-02-12,8.48,Real
CL0092,2024-02-13,2.08,Real
CL0092,2024-02-14,7.16,Real
CL0092,2024-02-15,5.89,Real
CL0092,2024-02-16,6.45,Real
CL0092,2024-02-17,7.79,Real
CL0092,2024-02-18,12.01,Estimada
CL0092,2024-02-19,5.81,Real
CL0092,2024-02-20,2.92,Real
CL0092,2024-02-21,5.24,Real
CL0092,2024-02-22,4.99,Real
CL0092,2024-02-23,7.72,Real
CL0092,2024-02-24,10.34,Real
CL0092,2024-02-25,8.94,Real
CL0092,2024-02-26,8.36,Real
CL0092,2024-02-27,6.74,Estimada
CL0092,2024-02-28,7.46,Real
CL0092,2024-02-29,4.83,Estimada
CL0092,2024-03-01,4.03,Real
CL0092,2024-03-02,8.5,Real
CL0092,2024-03-03,9.4,Real
CL0092,2024-03-04,5.78,Real
CL0092,2024-03-05,8.0,Real
CL0092,2024-03-06,8.68,Real
CL0092,2024-03-07,1.77,Real
CL0092,2024-03-08,5.23,Real
CL0092,2024-03-09,11.47,Real
CL0092,2024-03-10,7.43,Real
CL0092,2024-03-11,7.22,Real
CL0092,2024-03-12,2.65,Real
CL0092,2024-03-13,5.84,Real
CL0092,2024-03-14,5.33,Real
CL0092,2024-03-15,8.09,Real
CL0092,2024-03-16,5.72,Real
CL0092,2024-03-17,10.57,Real
CL0092,2024-03-18,6.14,Real
CL0092,2024-03-19,7.53,Real
CL0092,2024-03-20,5.69,Real
CL0092,2024-03-21,6.37,Real
CL0092,2024-03-22,6.97,Estimada
CL0092,2024-03-23,10.51,Real
CL0092,2024-03-24,9.24,Real
CL0092,2024-03-25,9.4,Real
CL0092,2024-03-26,2.88,Real
CL0092,2024-03-27,3.03,Real
CL0092,2024-03-28,7.42,Real
CL0092,2024-03-29,8.31,Real
CL0092,2024-03-30,6.4,Real
CL0092,2024-03-31,10.69,Real
CL0092,2024-04-01,8.46,Real
CL0092,2024-04-02,5.99,Real
CL0092,2024-04-03,7.69,Real
CL0092,2024-04-04,10.15,Real
CL0092,2024-04-05,5.86,Real
CL0092,2024-04-06,9.14,Estimada
CL0092,2024-04-07,6.71,Real
CL0092,2024-04-08,7.79,Real
CL0092,2024-04-09,5.77,Real
CL0092,2024-04-10,6.82,Real
CL0092,2024-04-11,4.11,Real
CL0092,2024-04-12,6.94,Real
CL0092,2024-04-13,9.71,Real
CL0092,2024-04-14,11.34,Real
CL0092,2024-04-15,4.19,Real
CL0092,2024-04-16,9.54,Real
CL0092,2024-04-17,6.05,Estimada
CL0092,2024-04-18,4.85,Real
CL0092,2024-04-19,6.64,Real
CL0092,2024-04-20,10.11,Real
CL0092,2024-04-21,8.98,Real
CL0092,2024-04-22,4.22,Real
CL0092,2024-04-23,5.27,Real
CL0092,2024-04-24,5.03,Real
CL0092,2024-04-25,5.41,Real
CL0092,2024-04-26,2.03,Real
CL0092,2024-04-27,12.84,Real
CL0092,2024-04-28,9.31,Real
CL0092,2024-04-29,4.98,Real
CL0092,2024-04-30,7.26,Real
CL0092,2024-05-01,6.8,Real
CL0092,2024-05-02,8.13,Real
CL0092,2024-05-03,6.29,Real
CL0092,2024-05-04,11.98,Real
CL0092,2024-05-05,11.49,Real
CL0092,2024-05-06,5.54,Real
CL0092,2024-05-07,9.7,Real
CL0092,2024-05-08,7.12,Real
CL0092,2024-05-09,5.97,Real
CL0092,2024-05-10,6.04,Real
CL0092,2024-05-11,12.73,Real
CL0092,2024-05-12,12.9,Real
CL0092,2024-05-13,9.0,Real
CL0092,2024-05-14,8.6,Real
CL0092,2024-05-15,6.86,Real
CL0092,2024-05-16,6.13,Real
CL0092,2024-05-17,7.08,Real
CL0092,2024-05-18,6.99,Real
CL0092,2024-05-19,10.98,Real
CL0092,2024-05-20,2.92,Real
CL0092,2024-05-21,6.07,Real
CL0092,2024-05-22,6.28,Real
CL0092,2024-05-23,6.7,Real
CL0092,2024-05-24,11.41,Estimada
CL0092,2024-05-25,14.77,Real
CL0092,2024-05-26,3.34,Real
CL0092,2024-05-27,6.52,Real
CL0092,2024-05-28,10.03,Real
CL0092,2024-05-29,3.82,Real
CL0092,2024-05-30,5.14,Real
CL0092,2024-05-31,10.8,Real
CL0092,2024-06-01,9.82,Real
CL0092,2024-06-02,15.67,Real
CL0092,2024-06-03,9.4,Real
CL0092,2024-06-04,10.63,Real
CL0092,2024-06-05,11.79,Real
CL0092,2024-06-06,7.62,Real
CL0092,2024-06-07,7.47,Real
CL0092,2024-06-08,10.19,Real
CL0092,2024-06-09,14.31,Real
CL0092,2024-06-10,6.68,Real
CL0092,2024-06-11,7.31,Real
CL0092,2024-06-12,7.98,Real
CL0092,2024-06-13,12.47,Estimada
CL0092,2024-06-14,7.89,Real
CL0092,2024-06-15,11.75,Real
CL0092,2024-06-16,8.84,Real
CL0092,2024-06-17,10.67,Real
CL0092,2024-06-18,9.8,Real
CL0092,2024-06-19,9.04,Real
CL0092,2024-06-20,10.03,Real
CL0092,2024-06-21,9.43,Real
CL0092,2024-06-22,11.97,Real
CL0092,2024-06-23,13.99,Real
CL0092,2024-06-24,7.39,Real
CL0092,2024-06-25,9.58,Real
CL0092,2024-06-26,6.0,Real
CL0092,2024-06-27,5.3,Real
CL0092,2024-06-28,8.15,Real
CL0093,2024-01-01,8.25,Real
CL0093,2024-01-02,14.45,Real
CL0093,2024-01-03,8.34,Real
CL0093,2024-01-04,14.16,Real
CL0093,2024-01-05,6.82,Real
CL0093,2024-01-06,20.21,Real
CL0093,2024-01-07,25.89,Real
CL0093,2024-01-08,12.51,Real
CL0093,2024-01-09,13.65,Real
CL0093,2024-01-10,12.18,Real
CL0093,2024-01-11,12.72,Real
CL0093,2024-01-12,19.3,Real
CL0093,2024-01-13,24.83,Real
CL0093,2024-01-14,13.64,Estimada
CL0093,2024-01-15,11.16,Real
CL0093,2024-01-16,11.88,Real
CL0093,2024-01-17,5.1,Real
CL0093,2024-01-18,15.63,Real
CL0093,2024-01-19,6.49,Real
CL0093,2024-01-20,20.01,Real
CL0093,2024-01-21,17.48,Real
CL0093,2024-01-22,11.04,Real
CL0093,2024-01-23,15.05,Real
CL0093,2024-01-24,14.52,Real
CL0093,2024-01-25,20.68,Real
CL0093,2024-01-26,12.76,Real
CL0093,2024-01-27,14.93,Real
CL0093,2024-01-28,23.06,Real
CL0093,2024-01-29,13.25,Real
CL0093,2024-01-30,18.61,Real
CL0093,2024-01-31,13.75,Real
CL0093,2024-02-01,11.87,Real
CL0093,2024-02-02,16.94,Estimada
CL0093,2024-02-03,18.9,Real
CL0093,2024-02-04,14.92,Real
CL0093,2024-02-05,10.92,Real
CL0093,2024-02-06,11.06,Real
CL0093,2024-02-07,18.05,Real
CL0093,2024-02-08,14.9,Real
CL0093,2024-02-09,8.36,Real
CL0093,2024-02-10,15.21,Real
CL0093,2024-02-11,17.31,Estimada
CL0093,2024-02-12,12.85,Real
CL0093,2024-02-13,9.38,Real
CL0093,2024-02-14,10.29,Real
CL0093,2024-02-15,6.04,Real
CL0093,2024-02-16,14.59,Real
CL0093,2024-02-17,16.44,Real
CL0093,2024-02-18,17.97,Real
CL0093,2024-02-19,11.12,Real
CL0093,2024-02-20,14.79,Real
CL0093,2024-02-21,8.24,Real
CL0093,2024-02-22,14.72,Real
CL0093,2024-02-23,7.51,Real
CL0093,2024-02-24,20.32,Real
CL0093,2024-02-25,15.94,Estimada
CL0093,2024-02-26,10.94,Real
CL0093,2024-02-27,7.42,Real
CL0093,2024-02-28,12.92,Real
CL0093,2024-02-29,12.73,Real
CL0093,2024-03-01,3.62,Estimada
CL0093,2024-03-02,13.9,Real
CL0093,2024-03-03,19.07,Real
CL0093,2024-03-04,5.72,Real
CL0093,2024-03-05,7.21,Real
CL0093,2024-03-06,11.64,Real
CL0093,2024-03-07,12.84,Real
CL0093,2024-03-08,7.89,Estimada
CL0093,2024-03-09,13.24,Real
CL0093,2024-03-10,18.96,Real
CL0093,2024-03-11,15.62,Real
CL0093,2024-03-12,8.32,Real
CL0093,2024-03-13,3.37,Real
CL0093,2024-03-14,10.92,Real
CL0093,2024-03-15,10.53,Real
CL0093,2024-03-16,18.18,Real
CL0093,2024-03-17,15.36,Estimada
CL0093,2024-03-18,9.42,Real
CL0093,2024-03-19,0.5,Real
CL0093,2024-03-20,6.19,Real
CL0093,2024-03-21,11.63,Real
CL0093,2024-03-22,10.24,Real
CL0093,2024-03-23,20.31,Real
CL0093,2024-03-24,22.5,Real
CL0093,2024-03-25,7.41,Real
CL0093,2024-03-26,8.21,Real
CL0093,2024-03-27,8.19,Estimada
CL0093,2024-03-28,13.92,Real
CL0093,2024-03-29,10.24,Real
CL0093,2024-03-30,15.93,Real
CL0093,2024-03-31,16.1,Real
CL0093,2024-04-01,12.07,Real
CL0093,2024-04-02,10.46,Real
CL0093,2024-04-03,5.09,Real
CL0093,2024-04-04,10.77,Real
CL0093,2024-04-05,14.6,Real
CL0093,2024-04-06,16.62,Real
CL0093,2024-04-07,16.4,Real
CL0093,2024-04-08,16.01,Real
CL0093,2024-04-09,4.33,Real
CL0093,2024-04-10,13.48,Real
CL0093,2024-04-11,14.14,Real
CL0093,2024-04-12,8.27,Real
CL0093,2024-04-13,16.1,Real
CL0093,2024-04-14,7.76,Real
CL0093,2024-04-15,15.54,Real
CL0093,2024-04-16,14.33,Real
CL0093,2024-04-17,13.45,Estimada
CL0093,2024-04-18,11.69,Real
CL0093,2024-04-19,8.4,Real
CL0093,2024-04-20,11.5,Real
CL0093,2024-04-21,17.93,Real
CL0093,2024-04-22,11.8,Real
CL0093,2024-04-23,8.46,Real
CL0093,2024-04-24,9.48,Real
CL0093,2024-04-25,16.68,Real
CL0093,2024-04-26,13.78,Real
CL0093,2024-04-27,11.22,Real
CL0093,2024-04-28,20.35,Estimada
CL0093,2024-04-29,5.1,Real
CL0093,2024-04-30,8.42,Real
CL0093,2024-05-01,14.6,Real
CL0093,2024-05-02,16.7,Real
CL0093,2024-05-03,15.78,Real
CL0093,2024-05-04,14.6,Real
CL0093,2024-05-05,22.17,Real
CL0093,2024-05-06,13.19,Estimada
CL0093,2024-05-07,18.65,Real
CL0093,2024-05-08,13.53,Real
CL0093,2024-05-09,11.98,Real
CL0093,2024-05-10,10.92,Real
CL0093,2024-05-11,7.71,Real
CL0093,2024-05-12,19.23,Real
CL0093,2024-05-13,10.0,Real
CL0093,2024-05-14,16.67,Real
CL0093,2024-05-15,14.34,Real
CL0093,2024-05-16,17.05,Real
CL0093,2024-05-17,12.75,Real
CL0093,2024-05-18,19.73,Real
CL0093,2024-05-19,25.16,Real
CL0093,2024-05-20,8.04,Real
CL0093,2024-05-21,11.75,Real
CL0093,2024-05-22,9.83,Real
CL0093,2024-05-23,17.82,Real
CL0093,2024-05-24,11.07,Real
CL0093,2024-05-25,14.1,Real
CL0093,2024-05-26,18.84,Estimada
CL0093,2024-05-27,7.81,Real
CL0093,2024-05-28,5.4,Real
CL0093,2024-05-29,15.87,Real
CL0093,2024-05-30,13.59,Real
CL0093,2024-05-31,7.6,Real
CL0093,2024-06-01,22.44,Real
CL0093,2024-06-02,19.95,Real
CL0093,2024-06-03,17.86,Estimada
CL0093,2024-06-04,14.9,Real
CL0093,2024-06-05,9.74,Real
CL0093,2024-06-06,17.32,Estimada
CL0093,2024-06-07,20.92,Real
CL0093,2024-06-08,22.54,Real
CL0093,2024-06-09,20.59,Real
CL0093,2024-06-10,18.33,Real
CL0093,2024-06-11,9.93,Real
CL0093,2024-06-12,14.77,Real
CL0093,2024-06-13,12.34,Real
CL0093,2024-06-14,17.65,Real
CL0093,2024-06-15,18.25,Real
CL0093,2024-06-16,19.29,Real
CL0093,2024-06-17,7.18,Real
CL0093,2024-06-18,6.91,Real
CL0093,2024-06-19,15.41,Real
CL0093,2024-06-20,12.31,Real
CL0093,2024-06-21,11.52,Real
CL0093,2024-06-22,19.63,Real
CL0093,2024-06-23,25.96,Real
CL0093,2024-06-24,14.14,Real
CL0093,2024-06-25,17.82,Estimada
CL0093,2024-06-26,16.85,Real
CL0093,2024-06-27,14.62,Real
CL0093,2024-06-28,11.58,Real
CL0094,2024-01-01,91.3,Real
CL0094,2024-01-02,74.44,Real
CL0094,2024-01-03,84.0,Real
CL0094,2024-01-04,117.39,Real
CL0094,2024-01-05,94.26,Real
CL0094,2024-01-06,35.99,Real
CL0094,2024-01-07,87.36,Real
CL0094,2024-01-08,105.5,Real
CL0094,2024-01-09,96.73,Real
CL0094,2024-01-10,71.38,Real
CL0094,2024-01-11,86.92,Real
CL0094,2024-01-12,75.55,Estimada
CL0094,2024-01-13,31.83,Real
CL0094,2024-01-14,58.82,Real
CL0094,2024-01-15,82.9,Real
CL0094,2024-01-16,52.17,Real
CL0094,2024-01-17,81.97,Real
CL0094,2024-01-18,66.33,Real
CL0094,2024-01-19,82.26,Real
CL0094,2024-01-20,67.38,Real
CL0094,2024-01-21,64.29,Real
CL0094,2024-01-22,88.88,Estimada
CL0094,2024-01-23,89.84,Real
CL0094,2024-01-24,81.21,Real
CL0094,2024-01-25,92.21,Estimada
CL0094,2024-01-26,75.93,Real
CL0094,2024-01-27,54.7,Estimada
CL0094,2024-01-28,87.28,Real
CL0094,2024-01-29,63.25,Real
CL0094,2024-01-30,105.73,Real
CL0094,2024-01-31,66.91,Real
CL0094,2024-02-01,72.7,Real
CL0094,2024-02-02,35.54,Real
CL0094,2024-02-03,60.37,Real
CL0094,2024-02-04,66.76,Estimada
CL0094,2024-02-05,46.25,Real
CL0094,2024-02-06,94.97,Real
CL0094,2024-02-07,81.2,Real
CL0094,2024-02-08,70.59,Real
CL0094,2024-02-09,38.59,Real
CL0094,2024-02-10,51.64,Estimada
CL0094,2024-02-11,85.9,Real
CL0094,2024-02-12,60.9,Real
CL0094,2024-02-13,59.36,Real
CL0094,2024-02-14,80.97,Real
CL0094,2024-02-15,106.16,Real
CL0094,2024-02-16,76.84,Real
CL0094,2024-02-17,74.56,Estimada
CL0094,2024-02-18,30.44,Real
CL0094,2024-02-19,74.32,Real
CL0094,2024-02-20,50.99,Real
CL0094,2024-02-21,46.47,Estimada
CL0094,2024-02-22,65.65,Real
CL0094,2024-02-23,95.98,Real
CL0094,2024-02-24,16.18,Real
CL0094,2024-02-25,54.69,Real
CL0094,2024-02-26,70.98,Real
CL0094,2024-02-27,66.08,Real
CL0094,2024-02-28,88.8,Real
CL0094,2024-02-29,18.5,Real
CL0094,2024-03-01,70.64,Estimada
CL0094,2024-03-02,50.16,Real
CL0094,2024-03-03,59.97,Real
CL0094,2024-03-04,101.29,Estimada
CL0094,2024-03-05,60.17,Real
CL0094,2024-03-06,32.35,Real
CL0094,2024-03-07,72.23,Real
CL0094,2024-03-08,53.09,Real
CL0094,2024-03-09,46.29,Real
CL0094,2024-03-10,51.05,Real
CL0094,2024-03-11,60.0,Real
CL0094,2024-03-12,61.37,Real
CL0094,2024-03-13,71.94,Real
CL0094,2024-03-14,91.77,Real
CL0094,2024-03-15,81.75,Real
CL0094,2024-03-16,38.28,Real
CL0094,2024-03-17,52.15,Real
CL0094,2024-03-18,49.8,Real
CL0094,2024-03-19,84.42,Estimada
CL0094,2024-03-20,43.13,Estimada
CL0094,2024-03-21,66.75,Real
CL0094,2024-03-22,55.56,Real
CL0094,2024-03-23,57.75,Real
CL0094,2024-03-24,48.13,Real
CL0094,2024-03-25,66.57,Real
CL0094,2024-03-26,76.67,Real
CL0094,2024-03-27,53.38,Real
CL0094,2024-03-28,25.14,Real
CL0094,2024-03-29,74.33,Real
CL0094,2024-03-30,61.4,Real
CL0094,2024-03-31,60.55,Real
CL0094,2024-04-01,58.76,Real
CL0094,2024-04-02,73.11,Real
CL0094,2024-04-03,45.49,Real
CL0094,2024-04-04,70.7,Real
CL0094,2024-04-05,65.75,Real
CL0094,2024-04-06,52.36,Real
CL0094,2024-04-07,54.04,Real
CL0094,2024-04-08,95.79,Real
CL0094,2024-04-09,96.51,Real
CL0094,2024-04-10,91.83,Real
CL0094,2024-04-11,80.59,Real
CL0094,2024-04-12,22.22,Real
CL0094,2024-04-13,58.46,Real
CL0094,2024-04-14,30.91,Real
CL0094,2024-04-15,64.41,Real
CL0094,2024-04-16,34.35,Real
CL0094,2024-04-17,67.36,Real
CL0094,2024-04-18,83.01,Real
CL0094,2024-04-19,32.39,Real
CL0094,2024-04-20,30.55,Real
CL0094,2024-04-21,33.3,Real
CL0094,2024-04-22,56.19,Real
CL0094,2024-04-23,66.72,Real
CL0094,2024-04-24,18.0,Real
CL0094,2024-04-25,73.84,Real
CL0094,2024-04-26,47.74,Estimada
CL0094,2024-04-27,49.46,Real
CL0094,2024-04-28,24.14,Real
CL0094,2024-04-29,76.56,Real
CL0094,2024-04-30,58.84,Real
CL0094,2024-05-01,75.05,Real
CL0094,2024-05-02,75.86,Real
CL0094,2024-05-03,58.39,Real
CL0094,2024-05-04,43.62,Real
CL0094,2024-05-05,37.04,Real
CL0094,2024-05-06,46.35,Real
CL0094,2024-05-07,107.76,Real
CL0094,2024-05-08,85.58,Real
CL0094,2024-05-09,79.47,Real
CL0094,2024-05-10,84.56,Real
CL0094,2024-05-11,76.82,Estimada
CL0094,2024-05-12,32.21,Real
CL0094,2024-05-13,83.87,Estimada
CL0094,2024-05-14,78.89,Real
CL0094,2024-05-15,29.93,Real
CL0094,2024-05-16,82.74,Real
CL0094,2024-05-17,89.98,Real
CL0094,2024-05-18,67.95,Real
CL0094,2024-05-19,82.08,Real
CL0094,2024-05-20,89.75,Real
CL0094,2024-05-21,31.0,Real
CL0094,2024-05-22,88.5,Real
CL0094,2024-05-23,63.49,Real
CL0094,2024-05-24,91.42,Real
CL0094,2024-05-25,58.64,Real
CL0094,2024-05-26,61.72,Real
CL0094,2024-05-27,79.1,Real
CL0094,2024-05-28,61.48,Real
CL0094,2024-05-29,53.11,Real
CL0094,2024-05-30,62.5,Real
CL0094,2024-05-31,56.54,Real
CL0094,2024-06-01,64.88,Real
CL0094,2024-06-02,44.83,Real
CL0094,2024-06-03,85.12,Real
CL0094,2024-06-04,87.26,Real
CL0094,2024-06-05,79.73,Real
CL0094,2024-06-06,71.4,Real
CL0094,2024-06-07,77.61,Real
CL0094,2024-06-08,53.22,Real
CL0094,2024-06-09,74.03,Real
CL0094,2024-06-10,99.95,Real
CL0094,2024-06-11,77.73,Real
CL0094,2024-06-12,93.9,Real
CL0094,2024-06-13,129.92,Real
CL0094,2024-06-14,113.42,Real
CL0094,2024-06-15,82.78,Real
CL0094,2024-06-16,64.28,Real
CL0094,2024-06-17,104.49,Real
CL0094,2024-06-18,98.51,Real
CL0094,2024-06-19,128.04,Real
CL0094,2024-06-20,95.22,Real
CL0094,2024-06-21,90.43,Real
CL0094,2024-06-22,71.68,Real
CL0094,2024-06-23,38.1,Real
CL0094,2024-06-24,110.7,Real
CL0094,2024-06-25,118.32,Real
CL0094,2024-06-26,67.98,Real
CL0094,2024-06-27,100.77,Estimada
CL0094,2024-06-28,80.19,Real
CL0095,2024-01-01,33.85,Real
CL0095,2024-01-02,47.13,Real
CL0095,2024-01-03,36.91,Real
CL0095,2024-01-04,23.78,Estimada
CL0095,2024-01-05,45.85,Real
CL0095,2024-01-06,33.89,Real
CL0095,2024-01-07,30.16,Real
CL0095,2024-01-08,24.31,Real
CL0095,2024-01-09,27.92,Real
CL0095,2024-01-10,36.34,Real
CL0095,2024-01-11,42.27,Real
CL0095,2024-01-12,23.49,Real
CL0095,2024-01-13,24.74,Real
CL0095,2024-01-14,20.46,Real
CL0095,2024-01-15,34.15,Real
CL0095,2024-01-16,51.68,Real
CL0095,2024-01-17,33.11,Real
CL0095,2024-01-18,30.22,Real
CL0095,2024-01-19,37.6,Real
CL0095,2024-01-20,32.23,Real
CL0095,2024-01-21,19.43,Estimada
CL0095,2024-01-22,34.7,Real
CL0095,2024-01-23,41.59,Real
CL0095,2024-01-24,37.38,Real
CL0095,2024-01-25,49.14,Real
CL0095,2024-01-26,39.64,Real
CL0095,2024-01-27,32.14,Real
CL0095,2024-01-28,25.85,Real
CL0095,2024-01-29,33.79,Estimada
CL0095,2024-01-30,34.03,Real
CL0095,2024-01-31,32.04,Real
CL0095,2024-02-01,34.61,Real
CL0095,2024-02-02,31.0,Real
CL0095,2024-02-03,30.7,Real
CL0095,2024-02-04,16.81,Estimada
CL0095,2024-02-05,46.0,Real
CL0095,2024-02-06,39.62,Real
CL0095,2024-02-07,32.68,Real
CL0095,2024-02-08,36.46,Estimada
CL0095,2024-02-09,29.63,Real
CL0095,2024-02-10,30.74,Real
CL0095,2024-02-11,11.35,Real
CL0095,2024-02-12,11.78,Real
CL0095,2024-02-13,32.99,Real
CL0095,2024-02-14,39.65,Real
CL0095,2024-02-15,32.64,Real
CL0095,2024-02-16,24.59,Real
CL0095,2024-02-17,39.25,Estimada
CL0095,2024-02-18,16.54,Estimada
CL0095,2024-02-19,26.97,Real
CL0095,2024-02-20,9.13,Real
CL0095,2024-02-21,43.41,Real
CL0095,2024-02-22,27.86,Real
CL0095,2024-02-23,35.82,Real
CL0095,2024-02-24,16.05,Real
CL0095,2024-02-25,33.91,Real
CL0095,2024-02-26,18.73,Real
CL0095,2024-02-27,29.0,Real
CL0095,2024-02-28,23.67,Real
CL0095,2024-02-29,24.12,Real
CL0095,2024-03-01,26.9,Real
CL0095,2024-03-02,14.93,Estimada
CL0095,2024-03-03,35.05,Real
CL0095,2024-03-04,31.63,Real
CL0095,2024-03-05,22.94,Real
CL0095,2024-03-06,41.03,Real
CL0095,2024-03-07,28.1,Real
CL0095,2024-03-08,25.36,Real
CL0095,2024-03-09,34.9,Real
CL0095,2024-03-10,28.99,Estimada
CL0095,2024-03-11,35.64,Real
CL0095,2024-03-12,27.86,Real
CL0095,2024-03-13,34.29,Real
CL0095,2024-03-14,30.37,Real
CL0095,2024-03-15,43.84,Real
CL0095,2024-03-16,23.93,Real
CL0095,2024-03-17,18.59,Real
CL0095,2024-03-18,16.46,Real
CL0095,2024-03-19,37.36,Real
CL0095,2024-03-20,31.59,Real
CL0095,2024-03-21,31.49,Real
CL0095,2024-03-22,41.74,Estimada
CL0095,2024-03-23,11.99,Real
CL0095,2024-03-24,30.23,Real
CL0095,2024-03-25,8.31,Real
CL0095,2024-03-26,43.0,Real
CL0095,2024-03-27,26.46,Real
CL0095,2024-03-28,34.52,Real
CL0095,2024-03-29,33.75,Real
CL0095,2024-03-30,19.3,Estimada
CL0095,2024-03-31,35.68,Real
CL0095,2024-04-01,31.18,Real
CL0095,2024-04-02,32.87,Real
CL0095,2024-04-03,32.11,Estimada
CL0095,2024-04-04,43.8,Real
CL0095,2024-04-05,31.88,Real
CL0095,2024-04-06,20.13,Real
CL0095,2024-04-07,31.07,Real
CL0095,2024-04-08,32.15,Real
CL0095,2024-04-09,32.04,Real
CL0095,2024-04-10,22.68,Real
CL0095,2024-04-11,24.3,Estimada
CL0095,2024-04-12,28.94,Real
CL0095,2024-04-13,32.87,Real
CL0095,2024-04-14,19.32,Real
CL0095,2024-04-15,47.55,Real
CL0095,2024-04-16,55.37,Real
CL0095,2024-04-17,29.3,Real
CL0095,2024-04-18,25.15,Real
CL0095,2024-04-19,20.56,Real
CL0095,2024-04-20,30.64,Real
CL0095,2024-04-21,24.43,Real
CL0095,2024-04-22,39.48,Real
CL0095,2024-04-23,20.02,Real
CL0095,2024-04-24,22.03,Real
CL0095,2024-04-25,40.12,Real
CL0095,2024-04-26,33.07,Real
CL0095,2024-04-27,36.88,Real
CL0095,2024-04-28,10.43,Real
CL0095,2024-04-29,28.94,Real
CL0095,2024-04-30,30.05,Real
CL0095,2024-05-01,25.69,Real
CL0095,2024-05-02,32.55,Real
CL0095,2024-05-03,41.73,Real
CL0095,2024-05-04,13.8,Real
CL0095,2024-05-05,33.63,Real
CL0095,2024-05-06,57.54,Real
CL0095,2024-05-07,34.98,Real
CL0095,2024-05-08,36.84,Real
CL0095,2024-05-09,55.65,Real
CL0095,2024-05-10,42.94,Real
CL0095,2024-05-11,20.95,Real
CL0095,2024-05-12,29.23,Real
CL0095,2024-05-13,16.74,Real
CL0095,2024-05-14,43.6,Real
CL0095,2024-05-15,42.39,Real
CL0095,2024-05-16,38.3,Real
CL0095,2024-05-17,33.33,Real
CL0095,2024-05-18,33.51,Real
CL0095,2024-05-19,33.37,Estimada
CL0095,2024-05-20,33.87,Real
CL0095,2024-05-21,38.3,Real
CL0095,2024-05-22,17.2,Real
CL0095,2024-05-23,43.21,Real
CL0095,2024-05-24,61.91,Real
CL0095,2024-05-25,37.15,Real
CL0095,2024-05-26,23.08,Real
CL0095,2024-05-27,51.65,Real
CL0095,2024-05-28,48.68,Real
CL0095,2024-05-29,50.12,Real
CL0095,2024-05-30,45.87,Real
CL0095,2024-05-31,41.76,Real
CL0095,2024-06-01,32.13,Real
CL0095,2024-06-02,33.68,Real
CL0095,2024-06-03,42.74,Real
CL0095,2024-06-04,55.42,Real
CL0095,2024-06-05,46.96,Real
CL0095,2024-06-06,47.22,Real
CL0095,2024-06-07,44.1,Real
CL0095,2024-06-08,31.67,Estimada
CL0095,2024-06-09,41.19,Real
CL0095,2024-06-10,46.53,Real
CL0095,2024-06-11,42.62,Real
CL0095,2024-06-12,47.73,Real
CL0095,2024-06-13,40.76,Real
CL0095,2024-06-14,56.11,Real
CL0095,2024-06-15,40.15,Real
CL0095,2024-06-16,34.77,Real
CL0095,2024-06-17,38.38,Real
CL0095,2024-06-18,37.56,Real
CL0095,2024-06-19,42.53,Real
CL0095,2024-06-20,23.37,Real
CL0095,2024-06-21,45.55,Real
CL0095,2024-06-22,36.11,Real
CL0095,2024-06-23,40.47,Real
CL0095,2024-06-24,40.24,Real
CL0095,2024-06-25,49.26,Real
CL0095,2024-06-26,47.84,Real
CL0095,2024-06-27,52.21,Real
CL0095,2024-06-28,53.31,Real
CL0096,2024-01-01,84.63,Real
CL0096,2024-01-02,83.87,Real
CL0096,2024-01-03,68.2,Real
CL0096,2024-01-04,80.75,Real
CL0096,2024-01-05,54.19,Real
CL0096,2024-01-06,49.98,Real
CL0096,2024-01-07,41.02,Real
CL0096,2024-01-08,66.45,Real
CL0096,2024-01-09,92.27,Estimada
CL0096,2024-01-10,79.7,Real
CL0096,2024-01-11,89.08,Real
CL0096,2024-01-12,60.81,Real
CL0096,2024-01-13,37.85,Real
CL0096,2024-01-14,41.98,Real
CL0096,2024-01-15,64.57,Real
CL0096,2024-01-16,80.87,Real
CL0096,2024-01-17,84.27,Real
CL0096,2024-01-18,75.86,Real
CL0096,2024-01-19,55.65,Real
CL0096,2024-01-20,60.04,Real
CL0096,2024-01-21,52.9,Real
CL0096,2024-01-22,87.93,Real
CL0096,2024-01-23,93.84,Real
CL0096,2024-01-24,78.83,Real
CL0096,2024-01-25,69.35,Real
CL0096,2024-01-26,63.46,Real
CL0096,2024-01-27,48.79,Real
CL0096,2024-01-28,70.29,Real
CL0096,2024-01-29,58.65,Real
CL0096,2024-01-30,73.79,Real
CL0096,2024-01-31,55.88,Estimada
CL0096,2024-02-01,59.04,Real
CL0096,2024-02-02,76.5,Real
CL0096,2024-02-03,49.65,Real
CL0096,2024-02-04,35.86,Real
CL0096,2024-02-05,73.04,Real
CL0096,2024-02-06,65.35,Real
CL0096,2024-02-07,56.13,Real
CL0096,2024-02-08,38.98,Real
CL0096,2024-02-09,48.48,Estimada
CL0096,2024-02-10,21.79,Real
CL0096,2024-02-11,69.27,Real
CL0096,2024-02-12,73.84,Real
CL0096,2024-02-13,104.45,Real
CL0096,2024-02-14,53.41,Real
CL0096,2024-02-15,46.73,Real
CL0096,2024-02-16,57.33,Real
CL0096,2024-02-17,20.64,Real
CL0096,2024-02-18,42.05,Real
CL0096,2024-02-19,50.83,Real
CL0096,2024-02-20,84.57,Estimada
CL0096,2024-02-21,53.05,Real
CL0096,2024-02-22,56.67,Real
CL0096,2024-02-23,57.47,Real
CL0096,2024-02-24,63.89,Real
CL0096,2024-02-25,64.35,Real
CL0096,2024-02-26,26.96,Estimada
CL0096,2024-02-27,66.46,Real
CL0096,2024-02-28,49.69,Real
CL0096,2024-02-29,54.63,Real
CL0096,2024-03-01,54.95,Real
CL0096,2024-03-02,32.85,Real
CL0096,2024-03-03,43.35,Real
CL0096,2024-03-04,66.8,Real
CL0096,2024-03-05,64.71,Real
CL0096,2024-03-06,39.32,Real
CL0096,2024-03-07,56.03,Real
CL0096,2024-03-08,52.07,Real
CL0096,2024-03-09,40.26,Real
CL0096,2024-03-10,42.28,Real
CL0096,2024-03-11,36.63,Real
CL0096,2024-03-12,52.38,Estimada
CL0096,2024-03-13,69.58,Real
CL0096,2024-03-14,51.24,Real
CL0096,2024-03-15,51.1,Estimada
CL0096,2024-03-16,21.79,Real
CL0096,2024-03-17,48.75,Real
CL0096,2024-03-18,52.19,Real
CL0096,2024-03-19,35.87,Estimada
CL0096,2024-03-20,58.65,Real
CL0096,2024-03-21,60.7,Real
CL0096,2024-03-22,77.15,Real
CL0096,2024-03-23,12.64,Real
CL0096,2024-03-24,44.97,Real
CL0096,2024-03-25,38.46,Real
CL0096,2024-03-26,47.45,Real
CL0096,2024-03-27,57.97,Real
CL0096,2024-03-28,79.7,Real
CL0096,2024-03-29,76.71,Real
CL0096,2024-03-30,20.7,Real
CL0096,2024-03-31,55.96,Real
CL0096,2024-04-01,68.67,Real
CL0096,2024-04-02,48.56,Real
CL0096,2024-04-03,62.5,Real
CL0096,2024-04-04,72.23,Real
CL0096,2024-04-05,88.55,Estimada
CL0096,2024-04-06,33.45,Real
CL0096,2024-04-07,30.43,Real
CL0096,2024-04-08,78.47,Real
CL0096,2024-04-09,70.25,Real
CL0096,2024-04-10,86.92,Estimada
CL0096,2024-04-11,76.75,Real
CL0096,2024-04-12,58.64,Real
CL0096,2024-04-13,35.03,Real
CL0096,2024-04-14,45.42,Real
CL0096,2024-04-15,59.27,Real
CL0096,2024-04-16,72.36,Real
CL0096,2024-04-17,50.39,Real
CL0096,2024-04-18,53.29,Real
CL0096,2024-04-19,52.16,Real
CL0096,2024-04-20,42.05,Real
CL0096,2024-04-21,14.28,Real
CL0096,2024-04-22,61.35,Estimada
CL0096,2024-04-23,81.34,Real
CL0096,2024-04-24,71.26,Real
CL0096,2024-04-25,58.08,Real
CL0096,2024-04-26,80.26,Estimada
CL0096,2024-04-27,24.76,Real
CL0096,2024-04-28,38.58,Real
CL0096,2024-04-29,81.48,Real
CL0096,2024-04-30,42.72,Real
CL0096,2024-05-01,21.56,Real
CL0096,2024-05-02,66.31,Real
CL0096,2024-05-03,80.42,Real
CL0096,2024-05-04,27.17,Real
CL0096,2024-05-05,73.55,Real
CL0096,2024-05-06,99.46,Real
CL0096,2024-05-07,102.05,Real
CL0096,2024-05-08,79.28,Real
CL0096,2024-05-09,78.37,Real
CL0096,2024-05-10,100.2,Real
CL0096,2024-05-11,29.26,Real
CL0096,2024-05-12,34.27,Real
CL0096,2024-05-13,77.33,Real
CL0096,2024-05-14,61.92,Real
CL0096,2024-05-15,41.26,Estimada
CL0096,2024-05-16,58.04,Real
CL0096,2024-05-17,77.96,Estimada
CL0096,2024-05-18,62.97,Real
CL0096,2024-05-19,27.68,Real
CL0096,2024-05-20,51.63,Real
CL0096,2024-05-21,41.42,Real
CL0096,2024-05-22,32.33,Real
CL0096,2024-05-23,37.1,Real
CL0096,2024-05-24,31.45,Real
CL0096,2024-05-25,37.56,Real
CL0096,2024-05-26,13.5,Real
CL0096,2024-05-27,85.09,Real
CL0096,2024-05-28,67.97,Real
CL0096,2024-05-29,79.29,Real
CL0096,2024-05-30,46.33,Real
CL0096,2024-05-31,70.93,Estimada
CL0096,2024-06-01,66.81,Real
CL0096,2024-06-02,59.09,Real
CL0096,2024-06-03,84.38,Real
CL0096,2024-06-04,41.76,Real
CL0096,2024-06-05,76.17,Real
CL0096,2024-06-06,97.95,Real
CL0096,2024-06-07,97.08,Estimada
CL0096,2024-06-08,60.93,Real
CL0096,2024-06-09,29.99,Real
CL0096,2024-06-10,96.94,Real
CL0096,2024-06-11,81.0,Real
CL0096,2024-06-12,90.41,Real
CL0096,2024-06-13,94.92,Real
CL0096,2024-06-14,82.0,Real
CL0096,2024-06-15,57.33,Real
CL0096,2024-06-16,79.38,Real
CL0096,2024-06-17,86.95,Real
CL0096,2024-06-18,69.75,Real
CL0096,2024-06-19,64.91,Real
CL0096,2024-06-20,94.05,Real
CL0096,2024-06-21,94.47,Real
CL0096,2024-06-22,71.78,Real
CL0096,2024-06-23,59.06,Real
CL0096,2024-06-24,92.32,Real
CL0096,2024-06-25,112.82,Real
CL0096,2024-06-26,112.51,Real
CL0096,2024-06-27,110.63,Real
CL0096,2024-06-28,92.12,Real
CL0097,2024-01-01,199.56,Real
CL0097,2024-01-02,246.61,Real
CL0097,2024-01-03,315.73,Real
CL0097,2024-01-04,208.77,Real
CL0097,2024-01-05,245.69,Real
CL0097,2024-01-06,170.73,Real
CL0097,2024-01-07,235.61,Real
CL0097,2024-01-08,217.28,Real
CL0097,2024-01-09,225.16,Real
CL0097,2024-01-10,305.82,Real
CL0097,2024-01-11,199.0,Real
CL0097,2024-01-12,202.02,Real
CL0097,2024-01-13,198.53,Estimada
CL0097,2024-01-14,153.32,Real
CL0097,2024-01-15,246.03,Real
CL0097,2024-01-16,257.44,Real
CL0097,2024-01-17,229.71,Real
CL0097,2024-01-18,206.58,Real
CL0097,2024-01-19,228.97,Estimada
CL0097,2024-01-20,154.41,Real
CL0097,2024-01-21,297.78,Real
CL0097,2024-01-22,220.81,Real
CL0097,2024-01-23,266.82,Real
CL0097,2024-01-24,283.9,Real
CL0097,2024-01-25,214.51,Real
CL0097,2024-01-26,248.99,Real
CL0097,2024-01-27,211.11,Real
CL0097,2024-01-28,163.2,Real
CL0097,2024-01-29,319.09,Real
CL0097,2024-01-30,351.61,Real
CL0097,2024-01-31,300.72,Real
CL0097,2024-02-01,210.39,Real
CL0097,2024-02-02,216.19,Real
CL0097,2024-02-03,124.0,Real
CL0097,2024-02-04,165.3,Real
CL0097,2024-02-05,96.22,Estimada
CL0097,2024-02-06,212.56,Real
CL0097,2024-02-07,269.08,Real
CL0097,2024-02-08,210.43,Real
CL0097,2024-02-09,256.8,Real
CL0097,2024-02-10,130.8,Estimada
CL0097,2024-02-11,99.07,Real
CL0097,2024-02-12,271.52,Real
CL0097,2024-02-13,227.65,Real
CL0097,2024-02-14,239.47,Real
CL0097,2024-02-15,146.18,Real
CL0097,2024-02-16,193.78,Real
CL0097,2024-02-17,107.33,Real
CL0097,2024-02-18,153.97,Real
CL0097,2024-02-19,197.9,Real
CL0097,2024-02-20,139.32,Real
CL0097,2024-02-21,218.28,Real
CL0097,2024-02-22,221.94,Estimada
CL0097,2024-02-23,227.4,Real
CL0097,2024-02-24,17.42,Real
CL0097,2024-02-25,118.91,Real
CL0097,2024-02-26,205.71,Real
CL0097,2024-02-27,288.65,Estimada
CL0097,2024-02-28,194.99,Real
CL0097,2024-02-29,190.7,Real
CL0097,2024-03-01,257.72,Real
CL0097,2024-03-02,197.53,Estimada
CL0097,2024-03-03,141.6,Real
CL0097,2024-03-04,264.58,Real
CL0097,2024-03-05,238.31,Real
CL0097,2024-03-06,171.19,Real
CL0097,2024-03-07,231.33,Real
CL0097,2024-03-08,218.0,Real
CL0097,2024-03-09,203.82,Real
CL0097,2024-03-10,144.9,Real
CL0097,2024-03-11,103.17,Real
CL0097,2024-03-12,168.37,Real
CL0097,2024-03-13,108.12,Real
CL0097,2024-03-14,243.09,Real
CL0097,2024-03-15,278.42,Real
CL0097,2024-03-16,128.23,Real
CL0097,2024-03-17,125.88,Real
CL0097,2024-03-18,79.94,Real
CL0097,2024-03-19,190.3,Real
CL0097,2024-03-20,206.2,Real
CL0097,2024-03-21,192.99,Real
CL0097,2024-03-22,210.86,Estimada
CL0097,2024-03-23,87.49,Real
CL0097,2024-03-24,170.27,Real
CL0097,2024-03-25,131.91,Real
CL0097,2024-03-26,141.7,Real
CL0097,2024-03-27,208.2,Real
CL0097,2024-03-28,223.22,Real
CL0097,2024-03-29,191.15,Real
CL0097,2024-03-30,147.05,Real
CL0097,2024-03-31,174.39,Estimada
CL0097,2024-04-01,88.48,Real
CL0097,2024-04-02,194.96,Real
CL0097,2024-04-03,157.87,Real
CL0097,2024-04-04,226.8,Estimada
CL0097,2024-04-05,247.77,Real
CL0097,2024-04-06,187.75,Real
CL0097,2024-04-07,129.14,Real
CL0097,2024-04-08,185.68,Real
CL0097,2024-04-09,219.1,Real
CL0097,2024-04-10,188.61,Real
CL0097,2024-04-11,279.44,Real
CL0097,2024-04-12,185.6,Real
CL0097,2024-04-13,177.96,Real
CL0097,2024-04-14,223.43,Real
CL0097,2024-04-15,246.73,Real
CL0097,2024-04-16,80.54,Real
CL0097,2024-04-17,197.63,Real
CL0097,2024-04-18,114.07,Real
CL0097,2024-04-19,214.55,Estimada
CL0097,2024-04-20,128.18,Estimada
CL0097,2024-04-21,226.54,Real
CL0097,2024-04-22,111.87,Real
CL0097,2024-04-23,118.92,Estimada
CL0097,2024-04-24,119.1,Real
CL0097,2024-04-25,148.21,Real
CL0097,2024-04-26,180.15,Real
CL0097,2024-04-27,48.1,Real
CL0097,2024-04-28,165.91,Real
CL0097,2024-04-29,189.73,Real
CL0097,2024-04-30,204.63,Real
CL0097,2024-05-01,229.49,Real
CL0097,2024-05-02,248.42,Real
CL0097,2024-05-03,156.84,Real
CL0097,2024-05-04,92.13,Real
CL0097,2024-05-05,328.45,Real
CL0097,2024-05-06,146.16,Real
CL0097,2024-05-07,192.94,Real
CL0097,2024-05-08,169.21,Real
CL0097,2024-05-09,146.43,Real
CL0097,2024-05-10,331.38,Real
CL0097,2024-05-11,219.58,Real
CL0097,2024-05-12,201.66,Real
CL0097,2024-05-13,147.42,Real
CL0097,2024-05-14,310.87,Real
CL0097,2024-05-15,193.03,Real
CL0097,2024-05-16,114.1,Real
CL0097,2024-05-17,272.98,Estimada
CL0097,2024-05-18,233.88,Estimada
CL0097,2024-05-19,183.99,Real
CL0097,2024-05-20,272.85,Real
CL0097,2024-05-21,127.33,Real
CL0097,2024-05-22,265.63,Real
CL0097,2024-05-23,150.19,Real
CL0097,2024-05-24,218.57,Estimada
CL0097,2024-05-25,180.93,Estimada
CL0097,2024-05-26,209.97,Real
CL0097,2024-05-27,270.12,Real
CL0097,2024-05-28,265.49,Estimada
CL0097,2024-05-29,204.87,Real
CL0097,2024-05-30,153.01,Real
CL0097,2024-05-31,166.46,Real
CL0097,2024-06-01,236.8,Real
CL0097,2024-06-02,170.97,Real
CL0097,2024-06-03,263.02,Real
CL0097,2024-06-04,327.95,Real
CL0097,2024-06-05,150.5,Real
CL0097,2024-06-06,272.43,Real
CL0097,2024-06-07,337.4,Real
CL0097,2024-06-08,216.62,Real
CL0097,2024-06-09,244.52,Real
CL0097,2024-06-10,249.26,Real
CL0097,2024-06-11,406.22,Real
CL0097,2024-06-12,251.11,Real
CL0097,2024-06-13,239.1,Real
CL0097,2024-06-14,280.9,Real
CL0097,2024-06-15,242.6,Real
CL0097,2024-06-16,250.84,Real
CL0097,2024-06-17,225.56,Real
CL0097,2024-06-18,164.73,Real
CL0097,2024-06-19,381.77,Real
CL0097,2024-06-20,359.75,Real
CL0097,2024-06-21,327.64,Real
CL0097,2024-06-22,187.98,Real
CL0097,2024-06-23,198.24,Real
CL0097,2024-06-24,249.5,Real
CL0097,2024-06-25,341.1,Estimada
CL0097,2024-06-26,248.03,Real
CL0097,2024-06-27,193.35,Real
CL0097,2024-06-28,259.77,Real
CL0098,2024-01-01,53.21,Real
CL0098,2024-01-02,58.83,Real
CL0098,2024-01-03,58.75,Real
CL0098,2024-01-04,40.89,Real
CL0098,2024-01-05,64.28,Real
CL0098,2024-01-06,44.66,Real
CL0098,2024-01-07,54.23,Real
CL0098,2024-01-08,72.02,Real
CL0098,2024-01-09,70.11,Real
CL0098,2024-01-10,58.8,Estimada
CL0098,2024-01-11,48.94,Real
CL0098,2024-01-12,57.23,Real
CL0098,2024-01-13,37.53,Real
CL0098,2024-01-14,62.8,Real
CL0098,2024-01-15,64.24,Real
CL0098,2024-01-16,48.14,Real
CL0098,2024-01-17,53.24,Estimada
CL0098,2024-01-18,75.99,Real
CL0098,2024-01-19,85.04,Real
CL0098,2024-01-20,47.71,Real
CL0098,2024-01-21,33.75,Real
CL0098,2024-01-22,82.75,Estimada
CL0098,2024-01-23,64.71,Estimada
CL0098,2024-01-24,61.4,Real
CL0098,2024-01-25,50.03,Estimada
CL0098,2024-01-26,66.29,Real
CL0098,2024-01-27,46.8,Real
CL0098,2024-01-28,47.7,Real
CL0098,2024-01-29,73.26,Real
CL0098,2024-01-30,70.2,Real
CL0098,2024-01-31,65.06,Real
CL0098,2024-02-01,80.59,Real
CL0098,2024-02-02,43.07,Real
CL0098,2024-02-03,23.21,Real
CL0098,2024-02-04,55.71,Real
CL0098,2024-02-05,48.76,Real
CL0098,2024-02-06,47.44,Real
CL0098,2024-02-07,37.23,Real
CL0098,2024-02-08,66.36,Real
CL0098,2024-02-09,63.89,Real
CL0098,2024-02-10,41.15,Real
CL0098,2024-02-11,27.4,Real
CL0098,2024-02-12,57.38,Real
CL0098,2024-02-13,48.1,Real
CL0098,2024-02-14,42.37,Real
CL0098,2024-02-15,32.2,Estimada
CL0098,2024-02-16,46.78,Real
CL0098,2024-02-17,43.09,Real
CL0098,2024-02-18,25.36,Real
CL0098,2024-02-19,52.28,Real
CL0098,2024-02-20,45.59,Real
CL0098,2024-02-21,33.55,Real
CL0098,2024-02-22,61.54,Real
CL0098,2024-02-23,77.93,Estimada
CL0098,2024-02-24,39.26,Real
CL0098,2024-02-25,51.06,Real
CL0098,2024-02-26,25.89,Real
CL0098,2024-02-27,41.05,Estimada
CL0098,2024-02-28,60.38,Real
CL0098,2024-02-29,21.88,Real
CL0098,2024-03-01,58.03,Estimada
CL0098,2024-03-02,27.98,Real
CL0098,2024-03-03,43.74,Estimada
CL0098,2024-03-04,68.24,Real
CL0098,2024-03-05,55.94,Real
CL0098,2024-03-06,33.12,Real
CL0098,2024-03-07,41.04,Real
CL0098,2024-03-08,65.65,Real
CL0098,2024-03-09,47.19,Real
CL0098,2024-03-10,33.03,Real
CL0098,2024-03-11,58.54,Real
CL0098,2024-03-12,47.48,Real
CL0098,2024-03-13,62.65,Real
CL0098,2024-03-14,69.25,Real
CL0098,2024-03-15,87.67,Real
CL0098,2024-03-16,36.04,Real
CL0098,2024-03-17,33.27,Real
CL0098,2024-03-18,59.83,Estimada
CL0098,2024-03-19,52.65,Estimada
CL0098,2024-03-20,62.93,Real
CL0098,2024-03-21,43.01,Real
CL0098,2024-03-22,54.25,Real
CL0098,2024-03-23,32.64,Real
CL0098,2024-03-24,11.9,Real
CL0098,2024-03-25,58.59,Real
CL0098,2024-03-26,51.4,Real
CL0098,2024-03-27,51.34,Real
CL0098,2024-03-28,60.19,Real
CL0098,2024-03-29,51.28,Estimada
CL0098,2024-03-30,13.72,Real
CL0098,2024-03-31,5.89,Real
CL0098,2024-04-01,39.35,Real
CL0098,2024-04-02,63.81,Real
CL0098,2024-04-03,23.55,Real
CL0098,2024-04-04,41.26,Real
CL0098,2024-04-05,57.55,Real
CL0098,2024-04-06,43.72,Real
CL0098,2024-04-07,18.69,Real
CL0098,2024-04-08,60.93,Real
CL0098,2024-04-09,64.97,Real
CL0098,2024-04-10,59.66,Real
CL0098,2024-04-11,55.62,Real
CL0098,2024-04-12,72.93,Real
CL0098,2024-04-13,45.67,Estimada
CL0098,2024-04-14,29.26,Estimada
CL0098,2024-04-15,11.32,Real
CL0098,2024-04-16,59.27,Estimada
CL0098,2024-04-17,32.65,Real
CL0098,2024-04-18,43.07,Real
CL0098,2024-04-19,61.11,Real
CL0098,2024-04-20,48.34,Real
CL0098,2024-04-21,69.03,Real
CL0098,2024-04-22,74.4,Real
CL0098,2024-04-23,68.15,Real
CL0098,2024-04-24,68.07,Real
CL0098,2024-04-25,61.82,Real
CL0098,2024-04-26,42.2,Real
CL0098,2024-04-27,26.82,Real
CL0098,2024-04-28,38.9,Real
CL0098,2024-04-29,30.97,Real
CL0098,2024-04-30,72.04,Real
CL0098,2024-05-01,49.66,Estimada
CL0098,2024-05-02,23.06,Real
CL0098,2024-05-03,49.11,Real
CL0098,2024-05-04,46.99,Estimada
CL0098,2024-05-05,54.66,Real
CL0098,2024-05-06,53.5,Real
CL0098,2024-05-07,96.95,Real
CL0098,2024-05-08,64.66,Real
CL0098,2024-05-09,67.49,Real
CL0098,2024-05-10,67.62,Real
CL0098,2024-05-11,7.88,Real
CL0098,2024-05-12,55.5,Estimada
CL0098,2024-05-13,85.0,Real
CL0098,2024-05-14,63.96,Real
CL0098,2024-05-15,59.74,Real
CL0098,2024-05-16,90.24,Real
CL0098,2024-05-17,85.09,Real
CL0098,2024-05-18,50.88,Real
CL0098,2024-05-19,61.35,Real
CL0098,2024-05-20,56.21,Real
CL0098,2024-05-21,25.94,Real
CL0098,2024-05-22,73.14,Real
CL0098,2024-05-23,57.58,Real
CL0098,2024-05-24,55.05,Real
CL0098,2024-05-25,51.3,Real
CL0098,2024-05-26,41.11,Real
CL0098,2024-05-27,41.09,Real
CL0098,2024-05-28,48.27,Real
CL0098,2024-05-29,62.22,Real
CL0098,2024-05-30,43.04,Estimada
CL0098,2024-05-31,56.0,Estimada
CL0098,2024-06-01,62.62,Real
CL0098,2024-06-02,35.06,Real
CL0098,2024-06-03,69.15,Real
CL0098,2024-06-04,68.47,Real
CL0098,2024-06-05,83.48,Real
CL0098,2024-06-06,82.55,Real
CL0098,2024-06-07,106.72,Real
CL0098,2024-06-08,79.49,Real
CL0098,2024-06-09,62.12,Real
CL0098,2024-06-10,52.46,Real
CL0098,2024-06-11,81.37,Real
CL0098,2024-06-12,69.13,Real
CL0098,2024-06-13,79.41,Real
CL0098,2024-06-14,96.27,Real
CL0098,2024-06-15,84.57,Real
CL0098,2024-06-16,68.59,Real
CL0098,2024-06-17,90.24,Real
CL0098,2024-06-18,61.53,Real
CL0098,2024-06-19,92.76,Real
CL0098,2024-06-20,121.56,Real
CL0098,2024-06-21,83.98,Real
CL0098,2024-06-22,63.16,Real
CL0098,2024-06-23,47.92,Estimada
CL0098,2024-06-24,76.27,Real
CL0098,2024-06-25,78.78,Estimada
CL0098,2024-06-26,90.7,Real
CL0098,2024-06-27,70.96,Real
CL0098,2024-06-28,56.81,Real
CL0099,2024-01-01,88.35,Real
CL0099,2024-01-02,52.42,Real
CL0099,2024-01-03,57.55,Real
CL0099,2024-01-04,50.17,Estimada
CL0099,2024-01-05,59.2,Real
CL0099,2024-01-06,40.65,Real
CL0099,2024-01-07,32.48,Real
CL0099,2024-01-08,55.79,Real
CL0099,2024-01-09,64.86,Estimada
CL0099,2024-01-10,65.32,Real
CL0099,2024-01-11,50.13,Real
CL0099,2024-01-12,52.72,Estimada
CL0099,2024-01-13,32.99,Real
CL0099,2024-01-14,16.53,Real
CL0099,2024-01-15,60.22,Estimada
CL0099,2024-01-16,60.92,Estimada
CL0099,2024-01-17,42.93,Real
CL0099,2024-01-18,74.86,Real
CL0099,2024-01-19,43.43,Real
CL0099,2024-01-20,32.71,Real
CL0099,2024-01-21,25.88,Real
CL0099,2024-01-22,60.05,Real
CL0099,2024-01-23,48.38,Real
CL0099,2024-01-24,82.58,Real
CL0099,2024-01-25,69.75,Real
CL0099,2024-01-26,75.26,Real
CL0099,2024-01-27,34.8,Real
CL0099,2024-01-28,32.57,Real
CL0099,2024-01-29,53.12,Real
CL0099,2024-01-30,56.45,Real
CL0099,2024-01-31,74.17,Real
CL0099,2024-02-01,51.03,Real
CL0099,2024-02-02,49.3,Estimada
CL0099,2024-02-03,16.62,Real
CL0099,2024-02-04,55.45,Real
CL0099,2024-02-05,29.45,Real
CL0099,2024-02-06,53.01,Real
CL0099,2024-02-07,42.12,Real
CL0099,2024-02-08,51.36,Real
CL0099,2024-02-09,51.63,Estimada
CL0099,2024-02-10,33.03,Real
CL0099,2024-02-11,52.51,Real
CL0099,2024-02-12,29.25,Real
CL0099,2024-02-13,46.65,Real
CL0099,2024-02-14,77.35,Real
CL0099,2024-02-15,81.49,Real
CL0099,2024-02-16,41.62,Real
CL0099,2024-02-17,34.71,Real
CL0099,2024-02-18,39.36,Real
CL0099,2024-02-19,66.13,Real
CL0099,2024-02-20,28.99,Real
CL0099,2024-02-21,40.8,Real
CL0099,2024-02-22,39.3,Real
CL0099,2024-02-23,63.79,Real
CL0099,2024-02-24,52.23,Real
CL0099,2024-02-25,62.81,Estimada
CL0099,2024-02-26,38.43,Real
CL0099,2024-02-27,56.75,Real
CL0099,2024-02-28,35.15,Real
CL0099,2024-02-29,39.74,Real
CL0099,2024-03-01,68.49,Real
CL0099,2024-03-02,28.89,Real
CL0099,2024-03-03,49.73,Real
CL0099,2024-03-04,54.47,Estimada
CL0099,2024-03-05,37.77,Real
CL0099,2024-03-06,58.72,Real
CL0099,2024-03-07,41.75,Estimada
CL0099,2024-03-08,38.19,Real
CL0099,2024-03-09,15.28,Real
CL0099,2024-03-10,38.18,Real
CL0099,2024-03-11,48.86,Real
CL0099,2024-03-12,52.89,Real
CL0099,2024-03-13,50.95,Real
CL0099,2024-03-14,48.18,Real
CL0099,2024-03-15,14.93,Real
CL0099,2024-03-16,57.73,Real
CL0099,2024-03-17,16.73,Real
CL0099,2024-03-18,45.69,Real
CL0099,2024-03-19,33.9,Real
CL0099,2024-03-20,38.47,Real
CL0099,2024-03-21,55.29,Real
CL0099,2024-03-22,33.79,Real
CL0099,2024-03-23,44.16,Real
CL0099,2024-03-24,15.94,Real
CL0099,2024-03-25,51.29,Real
CL0099,2024-03-26,50.34,Real
CL0099,2024-03-27,47.09,Real
CL0099,2024-03-28,28.7,Estimada
CL0099,2024-03-29,50.84,Estimada
CL0099,2024-03-30,38.62,Real
CL0099,2024-03-31,31.39,Real
CL0099,2024-04-01,37.86,Real
CL0099,2024-04-02,44.32,Real
CL0099,2024-04-03,40.95,Real
CL0099,2024-04-04,65.81,Real
CL0099,2024-04-05,56.1,Real
CL0099,2024-04-06,24.1,Real
CL0099,2024-04-07,37.48,Real
CL0099,2024-04-08,72.0,Real
CL0099,2024-04-09,65.02,Estimada
CL0099,2024-04-10,30.08,Real
CL0099,2024-04-11,52.32,Real
CL0099,2024-04-12,69.74,Real
CL0099,2024-04-13,10.61,Estimada
CL0099,2024-04-14,28.95,Real
CL0099,2024-04-15,62.42,Real
CL0099,2024-04-16,61.27,Real
CL0099,2024-04-17,57.09,Real
CL0099,2024-04-18,31.45,Real
CL0099,2024-04-19,15.59,Estimada
CL0099,2024-04-20,2.3,Real
CL0099,2024-04-21,54.68,Real
CL0099,2024-04-22,52.17,Real
CL0099,2024-04-23,51.01,Real
CL0099,2024-04-24,50.91,Real
CL0099,2024-04-25,37.33,Real
CL0099,2024-04-26,63.55,Real
CL0099,2024-04-27,48.96,Real
CL0099,2024-04-28,34.72,Real
CL0099,2024-04-29,63.93,Real
CL0099,2024-04-30,88.75,Real
CL0099,2024-05-01,48.15,Real
CL0099,2024-05-02,83.44,Real
CL0099,2024-05-03,59.38,Real
CL0099,2024-05-04,39.39,Real
CL0099,2024-05-05,38.11,Real
CL0099,2024-05-06,52.82,Real
CL0099,2024-05-07,51.99,Real
CL0099,2024-05-08,69.74,Real
CL0099,2024-05-09,46.92,Estimada
CL0099,2024-05-10,78.97,Real
CL0099,2024-05-11,32.48,Real
CL0099,2024-05-12,62.85,Real
CL0099,2024-05-13,52.59,Real
CL0099,2024-05-14,65.46,Real
CL0099,2024-05-15,68.86,Real
CL0099,2024-05-16,38.93,Real
CL0099,2024-05-17,84.49,Real
CL0099,2024-05-18,37.62,Real
CL0099,2024-05-19,44.26,Real
CL0099,2024-05-20,55.7,Real
CL0099,2024-05-21,58.57,Real
CL0099,2024-05-22,42.48,Real
CL0099,2024-05-23,30.01,Real
CL0099,2024-05-24,52.16,Real
CL0099,2024-05-25,47.9,Real
CL0099,2024-05-26,29.03,Real
CL0099,2024-05-27,54.5,Real
CL0099,2024-05-28,90.18,Real
CL0099,2024-05-29,52.37,Real
CL0099,2024-05-30,58.34,Real
CL0099,2024-05-31,70.6,Real
CL0099,2024-06-01,58.43,Real
CL0099,2024-06-02,71.19,Real
CL0099,2024-06-03,58.7,Real
CL0099,2024-06-04,79.05,Real
CL0099,2024-06-05,79.61,Real
CL0099,2024-06-06,60.68,Real
CL0099,2024-06-07,84.43,Real
CL0099,2024-06-08,70.0,Real
CL0099,2024-06-09,50.6,Real
CL0099,2024-06-10,61.05,Real
CL0099,2024-06-11,72.5,Real
CL0099,2024-06-12,94.28,Real
CL0099,2024-06-13,60.97,Estimada
CL0099,2024-06-14,56.56,Real
CL0099,2024-06-15,62.68,Real
CL0099,2024-06-16,55.8,Real
CL0099,2024-06-17,49.45,Real
CL0099,2024-06-18,83.38,Real
CL0099,2024-06-19,65.56,Real
CL0099,2024-06-20,81.85,Real
CL0099,2024-06-21,69.89,Real
CL0099,2024-06-22,75.49,Real
CL0099,2024-06-23,50.57,Real
CL0099,2024-06-24,74.33,Real
CL0099,2024-06-25,61.5,Real
CL0099,2024-06-26,61.16,Real
CL0099,2024-06-27,88.03,Real
CL0099,2024-06-28,39.9,Estimada
CL0100,2024-01-01,72.56,Real
CL0100,2024-01-02,43.96,Real
CL0100,2024-01-03,70.38,Real
CL0100,2024-01-04,75.23,Real
CL0100,2024-01-05,8.83,Real
CL0100,2024-01-06,45.43,Real
CL0100,2024-01-07,41.55,Real
CL0100,2024-01-08,64.45,Real
CL0100,2024-01-09,34.61,Real
CL0100,2024-01-10,67.07,Real
CL0100,2024-01-11,55.32,Real
CL0100,2024-01-12,63.07,Real
CL0100,2024-01-13,47.66,Real
CL0100,2024-01-14,50.5,Real
CL0100,2024-01-15,62.13,Real
CL0100,2024-01-16,56.5,Real
CL0100,2024-01-17,71.44,Real
CL0100,2024-01-18,37.03,Real
CL0100,2024-01-19,62.08,Real
CL0100,2024-01-20,53.3,Real
CL0100,2024-01-21,41.52,Real
CL0100,2024-01-22,34.12,Real
CL0100,2024-01-23,61.11,Real
CL0100,2024-01-24,57.86,Real
CL0100,2024-01-25,50.66,Real
CL0100,2024-01-26,71.77,Real
CL0100,2024-01-27,45.63,Real
CL0100,2024-01-28,41.01,Real
CL0100,2024-01-29,69.95,Real
CL0100,2024-01-30,45.21,Real
CL0100,2024-01-31,54.58,Real
CL0100,2024-02-01,70.82,Real
CL0100,2024-02-02,51.74,Real
CL0100,2024-02-03,59.3,Real
CL0100,2024-02-04,55.15,Real
CL0100,2024-02-05,54.11,Real
CL0100,2024-02-06,78.68,Real
CL0100,2024-02-07,45.59,Real
CL0100,2024-02-08,38.97,Real
CL0100,2024-02-09,54.6,Real
CL0100,2024-02-10,33.71,Real
CL0100,2024-02-11,29.44,Real
CL0100,2024-02-12,30.8,Real
CL0100,2024-02-13,45.34,Real
CL0100,2024-02-14,34.66,Real
CL0100,2024-02-15,56.92,Real
CL0100,2024-02-16,55.71,Real
CL0100,2024-02-17,43.13,Real
CL0100,2024-02-18,43.74,Real
CL0100,2024-02-19,21.93,Real
CL0100,2024-02-20,41.71,Real
CL0100,2024-02-21,62.29,Real
CL0100,2024-02-22,54.22,Real
CL0100,2024-02-23,53.58,Estimada
CL0100,2024-02-24,7.48,Estimada
CL0100,2024-02-25,42.45,Real
CL0100,2024-02-26,50.54,Real
CL0100,2024-02-27,33.76,Real
CL0100,2024-02-28,53.35,Real
CL0100,2024-02-29,55.01,Real
CL0100,2024-03-01,45.59,Real
CL0100,2024-03-02,30.35,Real
CL0100,2024-03-03,47.98,Real
CL0100,2024-03-04,78.67,Real
CL0100,2024-03-05,19.29,Real
CL0100,2024-03-06,49.84,Real
CL0100,2024-03-07,26.81,Real
CL0100,2024-03-08,40.9,Real
CL0100,2024-03-09,19.47,Real
CL0100,2024-03-10,46.88,Real
CL0100,2024-03-11,51.2,Real
CL0100,2024-03-12,46.17,Real
CL0100,2024-03-13,49.79,Real
CL0100,2024-03-14,41.44,Real
CL0100,2024-03-15,68.37,Real
CL0100,2024-03-16,22.06,Real
CL0100,2024-03-17,51.05,Real
CL0100,2024-03-18,74.96,Real
CL0100,2024-03-19,56.01,Real
CL0100,2024-03-20,75.89,Real
CL0100,2024-03-21,71.97,Real
CL0100,2024-03-22,27.46,Real
CL0100,2024-03-23,29.59,Real
CL0100,2024-03-24,18.65,Real
CL0100,2024-03-25,20.88,Real
CL0100,2024-03-26,41.96,Real
CL0100,2024-03-27,37.39,Estimada
CL0100,2024-03-28,45.33,Real
CL0100,2024-03-29,45.56,Real
CL0100,2024-03-30,31.65,Estimada
CL0100,2024-03-31,12.84,Real
CL0100,2024-04-01,71.49,Real
CL0100,2024-04-02,50.24,Real
CL0100,2024-04-03,48.55,Real
CL0100,2024-04-04,51.2,Real
CL0100,2024-04-05,59.98,Real
CL0100,2024-04-06,50.06,Real
CL0100,2024-04-07,28.94,Real
CL0100,2024-04-08,49.73,Real
CL0100,2024-04-09,57.94,Real
CL0100,2024-04-10,54.89,Real
CL0100,2024-04-11,48.8,Real
CL0100,2024-04-12,51.54,Real
CL0100,2024-04-13,51.04,Real
CL0100,2024-04-14,26.08,Real
CL0100,2024-04-15,51.97,Real
CL0100,2024-04-16,16.95,Real
CL0100,2024-04-17,47.33,Estimada
CL0100,2024-04-18,48.62,Real
CL0100,2024-04-19,53.69,Real
CL0100,2024-04-20,18.36,Estimada
CL0100,2024-04-21,26.17,Real
CL0100,2024-04-22,68.96,Real
CL0100,2024-04-23,38.95,Real
CL0100,2024-04-24,49.42,Real
CL0100,2024-04-25,42.35,Real
CL0100,2024-04-26,59.28,Estimada
CL0100,2024-04-27,23.46,Real
CL0100,2024-04-28,47.51,Real
CL0100,2024-04-29,58.28,Real
CL0100,2024-04-30,30.69,Real
CL0100,2024-05-01,71.7,Real
CL0100,2024-05-02,54.58,Real
CL0100,2024-05-03,93.71,Real
CL0100,2024-05-04,14.28,Real
CL0100,2024-05-05,46.79,Real
CL0100,2024-05-06,67.11,Real
CL0100,2024-05-07,58.91,Real
CL0100,2024-05-08,52.52,Real
CL0100,2024-05-09,46.76,Real
CL0100,2024-05-10,60.84,Real
CL0100,2024-05-11,36.08,Real
CL0100,2024-05-12,42.63,Real
CL0100,2024-05-13,58.91,Real
CL0100,2024-05-14,67.03,Estimada
CL0100,2024-05-15,44.12,Real
CL0100,2024-05-16,60.42,Real
CL0100,2024-05-17,39.04,Real
CL0100,2024-05-18,57.23,Real
CL0100,2024-05-19,22.04,Real
CL0100,2024-05-20,22.01,Real
CL0100,2024-05-21,45.54,Real
CL0100,2024-05-22,53.85,Real
CL0100,2024-05-23,42.91,Real
CL0100,2024-05-24,43.2,Real
CL0100,2024-05-25,28.39,Real
CL0100,2024-05-26,28.78,Real
CL0100,2024-05-27,60.45,Real
CL0100,2024-05-28,65.71,Real
CL0100,2024-05-29,83.36,Real
CL0100,2024-05-30,45.01,Real
CL0100,2024-05-31,52.11,Estimada
CL0100,2024-06-01,56.82,Real
CL0100,2024-06-02,42.86,Real
CL0100,2024-06-03,66.25,Real
CL0100,2024-06-04,67.84,Real
CL0100,2024-06-05,71.76,Real
CL0100,2024-06-06,62.32,Real
CL0100,2024-06-07,80.58,Real
CL0100,2024-06-08,53.59,Real
CL0100,2024-06-09,37.09,Real
CL0100,2024-06-10,87.97,Real
CL0100,2024-06-11,66.99,Real
CL0100,2024-06-12,90.29,Real
CL0100,2024-06-13,71.82,Real
CL0100,2024-06-14,72.53,Real
CL0100,2024-06-15,61.62,Real
CL0100,2024-06-16,30.49,Real
CL0100,2024-06-17,58.84,Estimada
CL0100,2024-06-18,63.79,Real
CL0100,2024-06-19,78.45,Real
CL0100,2024-06-20,64.42,Real
CL0100,2024-06-21,83.73,Real
CL0100,2024-06-22,45.25,Real
CL0100,2024-06-23,50.02,Real
CL0100,2024-06-24,62.46,Real
CL0100,2024-06-25,80.85,Real
CL0100,2024-06-26,53.4,Real
CL0100,2024-06-27,66.11,Real
CL0100,2024-06-28,72.53,Real
CL0101,2024-01-01,3.67,Real
CL0101,2024-01-02,6.15,Real
CL0101,2024-01-03,7.81,Real
CL0101,2024-01-04,6.01,Real
CL0101,2024-01-05,4.94,Real
CL0101,2024-01-06,10.58,Estimada
CL0101,2024-01-07,9.65,Real
CL0101,2024-01-08,5.25,Real
CL0101,2024-01-09,6.94,Real
CL0101,2024-01-10,7.12,Real
CL0101,2024-01-11,5.89,Real
CL0101,2024-01-12,5.77,Real
CL0101,2024-01-13,13.92,Real
CL0101,2024-01-14,10.44,Real
CL0101,2024-01-15,4.28,Real
CL0101,2024-01-16,6.44,Real
CL0101,2024-01-17,7.02,Real
CL0101,2024-01-18,9.53,Real
CL0101,2024-01-19,10.53,Real
CL0101,2024-01-20,9.18,Real
CL0101,2024-01-21,8.54,Real
CL0101,2024-01-22,6.71,Real
CL0101,2024-01-23,10.61,Real
CL0101,2024-01-24,8.33,Real
CL0101,2024-01-25,7.94,Real
CL0101,2024-01-26,5.63,Estimada
CL0101,2024-01-27,9.8,Real
CL0101,2024-01-28,9.66,Real
CL0101,2024-01-29,6.41,Real
CL0101,2024-01-30,5.67,Real
CL0101,2024-01-31,7.37,Real
CL0101,2024-02-01,6.65,Estimada
CL0101,2024-02-02,4.79,Real
CL0101,2024-02-03,6.68,Real
CL0101,2024-02-04,7.14,Estimada
CL0101,2024-02-05,7.93,Real
CL0101,2024-02-06,6.92,Real
CL0101,2024-02-07,4.76,Real
CL0101,2024-02-08,6.97,Real
CL0101,2024-02-09,3.83,Estimada
CL0101,2024-02-10,8.14,Estimada
CL0101,2024-02-11,6.3,Real
CL0101,2024-02-12,5.91,Real
CL0101,2024-02-13,7.82,Real
CL0101,2024-02-14,4.87,Real
CL0101,2024-02-15,7.42,Real
CL0101,2024-02-16,7.23,Estimada
CL0101,2024-02-17,7.22,Real
CL0101,2024-02-18,10.27,Estimada
CL0101,2024-02-19,2.49,Real
CL0101,2024-02-20,5.82,Real
CL0101,2024-02-21,2.63,Real
CL0101,2024-02-22,6.39,Real
CL0101,2024-02-23,6.46,Real
CL0101,2024-02-24,7.66,Real
CL0101,2024-02-25,11.73,Real
CL0101,2024-02-26,4.8,Real
CL0101,2024-02-27,3.48,Real
CL0101,2024-02-28,4.57,Real
CL0101,2024-02-29,6.25,Real
CL0101,2024-03-01,7.39,Real
CL0101,2024-03-02,7.87,Estimada
CL0101,2024-03-03,9.11,Real
CL0101,2024-03-04,5.65,Real
CL0101,2024-03-05,9.55,Real
CL0101,2024-03-06,8.21,Real
CL0101,2024-03-07,5.94,Real
CL0101,2024-03-08,7.33,Estimada
CL0101,2024-03-09,9.42,Real
CL0101,2024-03-10,6.31,Real
CL0101,2024-03-11,7.4,Real
CL0101,2024-03-12,5.62,Real
CL0101,2024-03-13,5.58,Real
CL0101,2024-03-14,2.53,Real
CL0101,2024-03-15,5.71,Real
CL0101,2024-03-16,9.08,Real
CL0101,2024-03-17,7.73,Real
CL0101,2024-03-18,2.13,Real
CL0101,2024-03-19,4.16,Real
CL0101,2024-03-20,4.77,Real
CL0101,2024-03-21,5.5,Real
CL0101,2024-03-22,7.61,Real
CL0101,2024-03-23,8.99,Real
CL0101,2024-03-24,10.33,Real
CL0101,2024-03-25,7.47,Real
CL0101,2024-03-26,5.69,Real
CL0101,2024-03-27,5.23,Real
CL0101,2024-03-28,5.64,Real
CL0101,2024-03-29,6.07,Real
CL0101,2024-03-30,6.49,Real
CL0101,2024-03-31,5.74,Real
CL0101,2024-04-01,5.14,Estimada
CL0101,2024-04-02,4.67,Real
CL0101,2024-04-03,7.66,Real
CL0101,2024-04-04,6.54,Estimada
CL0101,2024-04-05,5.84,Real
CL0101,2024-04-06,6.4,Real
CL0101,2024-04-07,7.21,Real
CL0101,2024-04-08,4.52,Real
CL0101,2024-04-09,3.71,Real
CL0101,2024-04-10,6.59,Real
CL0101,2024-04-11,7.19,Real
CL0101,2024-04-12,6.49,Real
CL0101,2024-04-13,5.59,Real
CL0101,2024-04-14,5.77,Real
CL0101,2024-04-15,5.28,Estimada
CL0101,2024-04-16,7.01,Real
CL0101,2024-04-17,5.23,Real
CL0101,2024-04-18,5.0,Real
CL0101,2024-04-19,4.17,Estimada
CL0101,2024-04-20,8.37,Real
CL0101,2024-04-21,10.2,Real
CL0101,2024-04-22,4.97,Real
CL0101,2024-04-23,3.42,Real
CL0101,2024-04-24,10.09,Real
CL0101,2024-04-25,8.25,Real
CL0101,2024-04-26,4.12,Real
CL0101,2024-04-27,9.54,Real
CL0101,2024-04-28,7.74,Real
CL0101,2024-04-29,5.88,Real
CL0101,2024-04-30,4.99,Real
CL0101,2024-05-01,8.86,Real
CL0101,2024-05-02,8.41,Real
CL0101,2024-05-03,5.53,Real
CL0101,2024-05-04,9.73,Real
CL0101,2024-05-05,8.9,Real
CL0101,2024-05-06,7.21,Real
CL0101,2024-05-07,1.99,Real
CL0101,2024-05-08,2.29,Real
CL0101,2024-05-09,5.57,Real
CL0101,2024-05-10,3.39,Real
CL0101,2024-05-11,13.36,Real
CL0101,2024-05-12,5.85,Real
CL0101,2024-05-13,9.1,Real
CL0101,2024-05-14,6.76,Real
CL0101,2024-05-15,6.88,Real
CL0101,2024-05-16,8.76,Real
CL0101,2024-05-17,6.92,Real
CL0101,2024-05-18,9.67,Real
CL0101,2024-05-19,12.09,Real
CL0101,2024-05-20,4.72,Real
CL0101,2024-05-21,4.13,Real
CL0101,2024-05-22,5.53,Real
CL0101,2024-05-23,6.87,Real
CL0101,2024-05-24,7.13,Real
CL0101,2024-05-25,10.72,Real
CL0101,2024-05-26,10.51,Real
CL0101,2024-05-27,1.9,Real
CL0101,2024-05-28,11.79,Real
CL0101,2024-05-29,4.27,Real
CL0101,2024-05-30,5.91,Real
CL0101,2024-05-31,8.86,Real
CL0101,2024-06-01,10.1,Real
CL0101,2024-06-02,10.04,Real
CL0101,2024-06-03,6.51,Real
CL0101,2024-06-04,8.56,Estimada
CL0101,2024-06-05,9.68,Real
CL0101,2024-06-06,9.75,Real
CL0101,2024-06-07,11.87,Real
CL0101,2024-06-08,10.85,Real
CL0101,2024-06-09,9.67,Real
CL0101,2024-06-10,6.13,Real
CL0101,2024-06-11,8.19,Real
CL0101,2024-06-12,8.16,Real
CL0101,2024-06-13,9.0,Real
CL0101,2024-06-14,9.52,Real
CL0101,2024-06-15,10.21,Real
CL0101,2024-06-16,12.86,Real
CL0101,2024-06-17,6.75,Real
CL0101,2024-06-18,9.56,Real
CL0101,2024-06-19,5.22,Real
CL0101,2024-06-20,5.86,Real
CL0101,2024-06-21,9.07,Real
CL0101,2024-06-22,14.67,Real
CL0101,2024-06-23,13.28,Real
CL0101,2024-06-24,7.75,Real
CL0101,2024-06-25,8.81,Real
CL0101,2024-06-26,8.3,Real
CL0101,2024-06-27,5.39,Real
CL0101,2024-06-28,9.1,Real
CL0102,2024-01-01,8.08,Real
CL0102,2024-01-02,12.16,Real
CL0102,2024-01-03,17.31,Real
CL0102,2024-01-04,5.98,Real
CL0102,2024-01-05,13.14,Real
CL0102,2024-01-06,17.25,Real
CL0102,2024-01-07,19.38,Real
CL0102,2024-01-08,15.55,Real
CL0102,2024-01-09,8.54,Estimada
CL0102,2024-01-10,12.51,Real
CL0102,2024-01-11,13.76,Real
CL0102,2024-01-12,13.49,Estimada
CL0102,2024-01-13,13.83,Real
CL0102,2024-01-14,20.53,Real
CL0102,2024-01-15,15.22,Real
CL0102,2024-01-16,19.76,Real
CL0102,2024-01-17,12.44,Real
CL0102,2024-01-18,15.37,Real
CL0102,2024-01-19,12.7,Real
CL0102,2024-01-20,16.88,Real
CL0102,2024-01-21,19.49,Real
CL0102,2024-01-22,9.95,Real
CL0102,2024-01-23,12.77,Estimada
CL0102,2024-01-24,9.68,Real
CL0102,2024-01-25,12.92,Real
CL0102,2024-01-26,15.69,Real
CL0102,2024-01-27,20.59,Real
CL0102,2024-01-28,20.08,Real
CL0102,2024-01-29,16.0,Real
CL0102,2024-01-30,13.57,Real
CL0102,2024-01-31,14.92,Real
CL0102,2024-02-01,5.29,Real
CL0102,2024-02-02,12.75,Real
CL0102,2024-02-03,12.47,Real
CL0102,2024-02-04,8.64,Real
CL0102,2024-02-05,10.8,Estimada
CL0102,2024-02-06,10.18,Real
CL0102,2024-02-07,12.72,Estimada
CL0102,2024-02-08,8.62,Real
CL0102,2024-02-09,5.92,Real
CL0102,2024-02-10,15.16,Real
CL0102,2024-02-11,21.72,Real
CL0102,2024-02-12,13.07,Real
CL0102,2024-02-13,5.12,Real
CL0102,2024-02-14,12.1,Real
CL0102,2024-02-15,16.96,Real
CL0102,2024-02-16,10.13,Real
CL0102,2024-02-17,12.14,Real
CL0102,2024-02-18,9.52,Real
CL0102,2024-02-19,9.62,Real
CL0102,2024-02-20,13.05,Real
CL0102,2024-02-21,9.08,Real
CL0102,2024-02-22,10.91,Real
CL0102,2024-02-23,6.48,Real
CL0102,2024-02-24,12.39,Real
CL0102,2024-02-25,21.3,Real
CL0102,2024-02-26,6.41,Real
CL0102,2024-02-27,12.89,Real
CL0102,2024-02-28,13.89,Real
CL0102,2024-02-29,7.25,Real
CL0102,2024-03-01,4.55,Real
CL0102,2024-03-02,17.12,Real
CL0102,2024-03-03,15.34,Real
CL0102,2024-03-04,10.43,Real
CL0102,2024-03-05,6.17,Real
CL0102,2024-03-06,8.81,Real
CL0102,2024-03-07,9.19,Real
CL0102,2024-03-08,9.32,Real
CL0102,2024-03-09,17.14,Real
CL0102,2024-03-10,8.72,Real
CL0102,2024-03-11,7.36,Real
CL0102,2024-03-12,11.46,Real
CL0102,2024-03-13,8.63,Real
CL0102,2024-03-14,5.2,Real
CL0102,2024-03-15,11.13,Real
CL0102,2024-03-16,11.23,Real
CL0102,2024-03-17,21.72,Real
CL0102,2024-03-18,7.89,Real
CL0102,2024-03-19,5.69,Real
CL0102,2024-03-20,11.36,Real
CL0102,2024-03-21,3.09,Real
CL0102,2024-03-22,9.99,Real
CL0102,2024-03-23,6.48,Real
CL0102,2024-03-24,5.95,Estimada
CL0102,2024-03-25,10.26,Real
CL0102,2024-03-26,11.63,Real
CL0102,2024-03-27,12.13,Real
CL0102,2024-03-28,10.79,Estimada
CL0102,2024-03-29,10.63,Real
CL0102,2024-03-30,10.65,Real
CL0102,2024-03-31,15.76,Real
CL0102,2024-04-01,13.79,Real
CL0102,2024-04-02,8.57,Real
CL0102,2024-04-03,13.96,Real
CL0102,2024-04-04,10.97,Real
CL0102,2024-04-05,7.78,Real
CL0102,2024-04-06,15.71,Real
CL0102,2024-04-07,18.14,Real
CL0102,2024-04-08,10.67,Real
CL0102,2024-04-09,9.16,Real
CL0102,2024-04-10,8.79,Real
CL0102,2024-04-11,5.16,Real
CL0102,2024-04-12,10.51,Real
CL0102,2024-04-13,13.54,Real
CL0102,2024-04-14,19.66,Real
CL0102,2024-04-15,12.76,Real
CL0102,2024-04-16,8.88,Real
CL0102,2024-04-17,9.88,Real
CL0102,2024-04-18,12.22,Real
CL0102,2024-04-19,6.91,Real
CL0102,2024-04-20,8.98,Real
CL0102,2024-04-21,14.22,Real
CL0102,2024-04-22,4.47,Real
CL0102,2024-04-23,13.37,Real
CL0102,2024-04-24,13.8,Real
CL0102,2024-04-25,9.95,Real
CL0102,2024-04-26,0.89,Real
CL0102,2024-04-27,15.14,Estimada
CL0102,2024-04-28,12.12,Real
CL0102,2024-04-29,10.6,Real
CL0102,2024-04-30,9.12,Real
CL0102,2024-05-01,11.72,Real
CL0102,2024-05-02,7.17,Real
CL0102,2024-05-03,7.55,Real
CL0102,2024-05-04,19.52,Real
CL0102,2024-05-05,16.22,Real
CL0102,2024-05-06,7.74,Real
CL0102,2024-05-07,12.95,Real
CL0102,2024-05-08,13.08,Real
CL0102,2024-05-09,17.79,Real
CL0102,2024-05-10,21.67,Real
CL0102,2024-05-11,15.29,Real
CL0102,2024-05-12,23.95,Real
CL0102,2024-05-13,9.47,Real
CL0102,2024-05-14,7.52,Real
CL0102,2024-05-15,13.09,Real
CL0102,2024-05-16,10.8,Estimada
CL0102,2024-05-17,15.43,Real
CL0102,2024-05-18,22.15,Real
CL0102,2024-05-19,22.13,Real
CL0102,2024-05-20,14.63,Real
CL0102,2024-05-21,13.23,Estimada
CL0102,2024-05-22,12.58,Real
CL0102,2024-05-23,12.46,Real
CL0102,2024-05-24,11.6,Estimada
CL0102,2024-05-25,20.58,Real
CL0102,2024-05-26,22.01,Real
CL0102,2024-05-27,9.69,Real
CL0102,2024-05-28,16.05,Real
CL0102,2024-05-29,11.23,Real
CL0102,2024-05-30,7.59,Real
CL0102,2024-05-31,11.91,Real
CL0102,2024-06-01,28.15,Real
CL0102,2024-06-02,29.11,Real
CL0102,2024-06-03,22.51,Real
CL0102,2024-06-04,13.5,Real
CL0102,2024-06-05,9.37,Real
CL0102,2024-06-06,18.72,Real
CL0102,2024-06-07,14.75,Real
CL0102,2024-06-08,17.34,Real
CL0102,2024-06-09,25.27,Real
CL0102,2024-06-10,18.19,Real
CL0102,2024-06-11,15.43,Real
CL0102,2024-06-12,17.93,Real
CL0102,2024-06-13,14.7,Estimada
CL0102,2024-06-14,12.02,Real
CL0102,2024-06-15,19.73,Real
CL0102,2024-06-16,18.34,Real
CL0102,2024-06-17,16.16,Real
CL0102,2024-06-18,18.6,Real
CL0102,2024-06-19,18.78,Real
CL0102,2024-06-20,16.89,Real
CL0102,2024-06-21,12.27,Real
CL0102,2024-06-22,26.41,Real
CL0102,2024-06-23,20.75,Real
CL0102,2024-06-24,16.24,Real
CL0102,2024-06-25,13.7,Real
CL0102,2024-06-26,11.4,Real
CL0102,2024-06-27,13.96,Real
CL0102,2024-06-28,23.17,Estimada
CL0103,2024-01-01,16.9,Real
CL0103,2024-01-02,18.21,Real
CL0103,2024-01-03,11.42,Estimada
CL0103,2024-01-04,15.79,Real
CL0103,2024-01-05,17.57,Real
CL0103,2024-01-06,22.74,Real
CL0103,2024-01-07,22.75,Real
CL0103,2024-01-08,9.74,Real
CL0103,2024-01-09,14.83,Real
CL0103,2024-01-10,16.26,Real
CL0103,2024-01-11,11.11,Real
CL0103,2024-01-12,10.48,Real
CL0103,2024-01-13,22.48,Real
CL0103,2024-01-14,24.21,Real
CL0103,2024-01-15,18.53,Real
CL0103,2024-01-16,22.63,Real
CL0103,2024-01-17,22.67,Real
CL0103,2024-01-18,16.2,Estimada
CL0103,2024-01-19,18.45,Real
CL0103,2024-01-20,22.0,Real
CL0103,2024-01-21,22.13,Real
CL0103,2024-01-22,11.34,Real
CL0103,2024-01-23,14.45,Real
CL0103,2024-01-24,19.44,Real
CL0103,2024-01-25,17.52,Real
CL0103,2024-01-26,14.09,Real
CL0103,2024-01-27,23.73,Real
CL0103,2024-01-28,24.51,Real
CL0103,2024-01-29,9.46,Real
CL0103,2024-01-30,18.51,Real
CL0103,2024-01-31,23.73,Real
CL0103,2024-02-01,15.02,Real
CL0103,2024-02-02,14.79,Real
CL0103,2024-02-03,22.57,Real
CL0103,2024-02-04,20.65,Real
CL0103,2024-02-05,14.67,Real
CL0103,2024-02-06,7.02,Real
CL0103,2024-02-07,13.83,Real
CL0103,2024-02-08,22.29,Estimada
CL0103,2024-02-09,15.11,Real
CL0103,2024-02-10,19.39,Real
CL0103,2024-02-11,21.33,Real
CL0103,2024-02-12,15.3,Real
CL0103,2024-02-13,6.15,Estimada
CL0103,2024-02-14,8.35,Estimada
CL0103,2024-02-15,14.6,Real
CL0103,2024-02-16,13.01,Real
CL0103,2024-02-17,20.61,Real
CL0103,2024-02-18,8.82,Estimada
CL0103,2024-02-19,16.92,Estimada
CL0103,2024-02-20,18.4,Real
CL0103,2024-02-21,15.25,Real
CL0103,2024-02-22,12.05,Real
CL0103,2024-02-23,8.45,Real
CL0103,2024-02-24,17.18,Real
CL0103,2024-02-25,20.28,Real
CL0103,2024-02-26,10.99,Estimada
CL0103,2024-02-27,19.02,Real
CL0103,2024-02-28,11.3,Real
CL0103,2024-02-29,6.53,Real
CL0103,2024-03-01,10.16,Real
CL0103,2024-03-02,12.4,Real
CL0103,2024-03-03,13.32,Real
CL0103,2024-03-04,7.96,Real
CL0103,2024-03-05,14.09,Real
CL0103,2024-03-06,8.38,Estimada
CL0103,2024-03-07,12.73,Real
CL0103,2024-03-08,9.88,Real
CL0103,2024-03-09,22.09,Real
CL0103,2024-03-10,10.82,Real
CL0103,2024-03-11,12.99,Real
CL0103,2024-03-12,15.87,Real
CL0103,2024-03-13,17.0,Real
CL0103,2024-03-14,5.22,Real
CL0103,2024-03-15,16.25,Real
CL0103,2024-03-16,10.41,Real
CL0103,2024-03-17,16.89,Real
CL0103,2024-03-18,14.89,Real
CL0103,2024-03-19,10.38,Estimada
CL0103,2024-03-20,17.5,Real
CL0103,2024-03-21,14.53,Real
CL0103,2024-03-22,13.73,Real
CL0103,2024-03-23,17.34,Real
CL0103,2024-03-24,16.21,Real
CL0103,2024-03-25,8.51,Real
CL0103,2024-03-26,6.73,Real
CL0103,2024-03-27,5.95,Real
CL0103,2024-03-28,12.44,Real
CL0103,2024-03-29,13.23,Real
CL0103,2024-03-30,18.5,Real
CL0103,2024-03-31,20.83,Real
CL0103,2024-04-01,10.5,Real
CL0103,2024-04-02,16.43,Real
CL0103,2024-04-03,9.93,Estimada
CL0103,2024-04-04,14.79,Real
CL0103,2024-04-05,14.66,Real
CL0103,2024-04-06,21.12,Real
CL0103,2024-04-07,14.27,Real
CL0103,2024-04-08,10.41,Real
CL0103,2024-04-09,6.55,Estimada
CL0103,2024-04-10,4.97,Real
CL0103,2024-04-11,13.83,Real
CL0103,2024-04-12,10.67,Real
CL0103,2024-04-13,18.03,Real
CL0103,2024-04-14,20.25,Real
CL0103,2024-04-15,20.91,Real
CL0103,2024-04-16,9.15,Real
CL0103,2024-04-17,8.93,Real
CL0103,2024-04-18,15.31,Real
CL0103,2024-04-19,23.17,Real
CL0103,2024-04-20,15.21,Real
CL0103,2024-04-21,18.0,Real
CL0103,2024-04-22,2.99,Real
CL0103,2024-04-23,11.04,Real
CL0103,2024-04-24,15.81,Real
CL0103,2024-04-25,12.08,Estimada
CL0103,2024-04-26,16.6,Real
CL0103,2024-04-27,15.52,Real
CL0103,2024-04-28,16.46,Real
CL0103,2024-04-29,10.1,Real
CL0103,2024-04-30,11.2,Real
CL0103,2024-05-01,16.7,Real
CL0103,2024-05-02,23.7,Real
CL0103,2024-05-03,20.29,Real
CL0103,2024-05-04,6.44,Real
CL0103,2024-05-05,21.4,Real
CL0103,2024-05-06,18.12,Real
CL0103,2024-05-07,6.21,Estimada
CL0103,2024-05-08,13.09,Real
CL0103,2024-05-09,22.82,Real
CL0103,2024-05-10,18.04,Real
CL0103,2024-05-11,18.96,Real
CL0103,2024-05-12,28.27,Real
CL0103,2024-05-13,17.96,Estimada
CL0103,2024-05-14,21.54,Real
CL0103,2024-05-15,15.68,Real
CL0103,2024-05-16,13.79,Real
CL0103,2024-05-17,26.41,Real
CL0103,2024-05-18,21.87,Real
CL0103,2024-05-19,6.5,Estimada
CL0103,2024-05-20,11.91,Real
CL0103,2024-05-21,9.27,Real
CL0103,2024-05-22,17.31,Real
CL0103,2024-05-23,5.08,Real
CL0103,2024-05-24,21.83,Real
CL0103,2024-05-25,20.92,Real
CL0103,2024-05-26,24.71,Real
CL0103,2024-05-27,17.0,Real
CL0103,2024-05-28,12.65,Real
CL0103,2024-05-29,18.49,Estimada
CL0103,2024-05-30,16.63,Estimada
CL0103,2024-05-31,11.84,Real
CL0103,2024-06-01,20.21,Real
CL0103,2024-06-02,25.8,Real
CL0103,2024-06-03,17.0,Real
CL0103,2024-06-04,19.4,Real
CL0103,2024-06-05,17.05,Real
CL0103,2024-06-06,19.39,Real
CL0103,2024-06-07,24.98,Real
CL0103,2024-06-08,20.68,Real
CL0103,2024-06-09,26.47,Real
CL0103,2024-06-10,27.3,Real
CL0103,2024-06-11,18.03,Real
CL0103,2024-06-12,18.17,Real
CL0103,2024-06-13,13.01,Real
CL0103,2024-06-14,14.91,Real
CL0103,2024-06-15,26.11,Real
CL0103,2024-06-16,28.35,Real
CL0103,2024-06-17,15.62,Real
CL0103,2024-06-18,18.31,Real
CL0103,2024-06-19,22.93,Real
CL0103,2024-06-20,21.89,Real
CL0103,2024-06-21,20.51,Real
CL0103,2024-06-22,33.04,Real
CL0103,2024-06-23,24.95,Real
CL0103,2024-06-24,12.65,Estimada
CL0103,2024-06-25,21.5,Real
CL0103,2024-06-26,22.67,Real
CL0103,2024-06-27,23.44,Real
CL0103,2024-06-28,19.46,Estimada
CL0104,2024-01-01,7.57,Real
CL0104,2024-01-02,5.71,Real
CL0104,2024-01-03,5.48,Real
CL0104,2024-01-04,7.5,Real
CL0104,2024-01-05,8.75,Real
CL0104,2024-01-06,8.66,Real
CL0104,2024-01-07,9.53,Real
CL0104,2024-01-08,6.48,Real
CL0104,2024-01-09,7.82,Real
CL0104,2024-01-10,6.47,Real
CL0104,2024-01-11,8.76,Real
CL0104,2024-01-12,5.89,Real
CL0104,2024-01-13,6.86,Real
CL0104,2024-01-14,9.54,Real
CL0104,2024-01-15,4.38,Real
CL0104,2024-01-16,8.26,Real
CL0104,2024-01-17,4.84,Real
CL0104,2024-01-18,4.05,Real
CL0104,2024-01-19,4.73,Real
CL0104,2024-01-20,7.07,Real
CL0104,2024-01-21,8.97,Real
CL0104,2024-01-22,5.24,Real
CL0104,2024-01-23,5.96,Estimada
CL0104,2024-01-24,7.38,Estimada
CL0104,2024-01-25,3.64,Real
CL0104,2024-01-26,5.38,Real
CL0104,2024-01-27,8.11,Real
CL0104,2024-01-28,9.87,Real
CL0104,2024-01-29,7.37,Real
CL0104,2024-01-30,8.79,Real
CL0104,2024-01-31,5.19,Real
CL0104,2024-02-01,5.26,Real
CL0104,2024-02-02,8.01,Real
CL0104,2024-02-03,10.06,Real
CL0104,2024-02-04,7.19,Estimada
CL0104,2024-02-05,2.96,Real
CL0104,2024-02-06,5.55,Real
CL0104,2024-02-07,4.13,Real
CL0104,2024-02-08,5.95,Real
CL0104,2024-02-09,4.72,Real
CL0104,2024-02-10,7.47,Real
CL0104,2024-02-11,9.85,Real
CL0104,2024-02-12,9.52,Real
CL0104,2024-02-13,4.98,Real
CL0104,2024-02-14,4.46,Estimada
CL0104,2024-02-15,5.85,Real
CL0104,2024-02-16,1.99,Estimada
CL0104,2024-02-17,8.65,Real
CL0104,2024-02-18,8.8,Real
CL0104,2024-02-19,8.55,Estimada
CL0104,2024-02-20,5.66,Real
CL0104,2024-02-21,6.74,Real
CL0104,2024-02-22,6.65,Estimada
CL0104,2024-02-23,5.32,Real
CL0104,2024-02-24,8.78,Real
CL0104,2024-02-25,9.39,Real
CL0104,2024-02-26,5.55,Estimada
CL0104,2024-02-27,4.54,Real
CL0104,2024-02-28,7.08,Real
CL0104,2024-02-29,4.26,Real
CL0104,2024-03-01,5.64,Real
CL0104,2024-03-02,9.77,Real
CL0104,2024-03-03,1.47,Real
CL0104,2024-03-04,2.35,Real
CL0104,2024-03-05,6.29,Real
CL0104,2024-03-06,4.29,Real
CL0104,2024-03-07,3.95,Estimada
CL0104,2024-03-08,6.79,Real
CL0104,2024-03-09,7.48,Real
CL0104,2024-03-10,7.65,Real
CL0104,2024-03-11,7.13,Real
CL0104,2024-03-12,4.13,Real
CL0104,2024-03-13,5.29,Real
CL0104,2024-03-14,3.57,Real
CL0104,2024-03-15,4.73,Real
CL0104,2024-03-16,8.51,Real
CL0104,2024-03-17,6.67,Real
CL0104,2024-03-18,4.25,Real
CL0104,2024-03-19,5.77,Real
CL0104,2024-03-20,4.99,Real
CL0104,2024-03-21,4.8,Real
CL0104,2024-03-22,6.02,Real
CL0104,2024-03-23,7.57,Real
CL0104,2024-03-24,7.38,Real
CL0104,2024-03-25,5.21,Real
CL0104,2024-03-26,7.3,Real
CL0104,2024-03-27,8.09,Real
CL0104,2024-03-28,6.03,Real
CL0104,2024-03-29,7.15,Real
CL0104,2024-03-30,9.09,Real
CL0104,2024-03-31,8.67,Real
CL0104,2024-04-01,6.04,Real
CL0104,2024-04-02,6.76,Real
CL0104,2024-04-03,7.64,Estimada
CL0104,2024-04-04,6.23,Real
CL0104,2024-04-05,4.91,Real
CL0104,2024-04-06,9.59,Real
CL0104,2024-04-07,7.23,Real
CL0104,2024-04-08,7.85,Real
CL0104,2024-04-09,4.11,Real
CL0104,2024-04-10,4.05,Real
CL0104,2024-04-11,5.26,Real
CL0104,2024-04-12,8.45,Real
CL0104,2024-04-13,7.19,Real
CL0104,2024-04-14,9.89,Real
CL0104,2024-04-15,4.97,Real
CL0104,2024-04-16,6.18,Real
CL0104,2024-04-17,6.09,Estimada
CL0104,2024-04-18,3.23,Real
CL0104,2024-04-19,8.29,Real
CL0104,2024-04-20,11.79,Real
CL0104,2024-04-21,4.73,Real
CL0104,2024-04-22,6.24,Real
CL0104,2024-04-23,3.1,Real
CL0104,2024-04-24,3.69,Estimada
CL0104,2024-04-25,6.83,Real
CL0104,2024-04-26,6.44,Real
CL0104,2024-04-27,9.96,Real
CL0104,2024-04-28,10.23,Real
CL0104,2024-04-29,5.3,Estimada
CL0104,2024-04-30,7.9,Real
CL0104,2024-05-01,6.71,Real
CL0104,2024-05-02,6.64,Real
CL0104,2024-05-03,2.06,Real
CL0104,2024-05-04,8.92,Estimada
CL0104,2024-05-05,9.76,Real
CL0104,2024-05-06,6.0,Real
CL0104,2024-05-07,8.62,Real
CL0104,2024-05-08,9.56,Real
CL0104,2024-05-09,4.63,Real
CL0104,2024-05-10,6.26,Real
CL0104,2024-05-11,8.08,Real
CL0104,2024-05-12,9.58,Real
CL0104,2024-05-13,5.64,Real
CL0104,2024-05-14,7.83,Real
CL0104,2024-05-15,4.65,Real
CL0104,2024-05-16,5.64,Real
CL0104,2024-05-17,8.33,Real
CL0104,2024-05-18,7.21,Real
CL0104,2024-05-19,7.68,Real
CL0104,2024-05-20,4.64,Real
CL0104,2024-05-21,4.76,Real
CL0104,2024-05-22,3.65,Real
CL0104,2024-05-23,6.12,Estimada
CL0104,2024-05-24,8.78,Real
CL0104,2024-05-25,10.21,Real
CL0104,2024-05-26,9.73,Real
CL0104,2024-05-27,6.43,Real
CL0104,2024-05-28,8.01,Real
CL0104,2024-05-29,6.05,Estimada
CL0104,2024-05-30,8.46,Real
CL0104,2024-05-31,6.21,Real
CL0104,2024-06-01,13.2,Real
CL0104,2024-06-02,12.05,Real
CL0104,2024-06-03,8.24,Real
CL0104,2024-06-04,6.36,Real
CL0104,2024-06-05,9.2,Real
CL0104,2024-06-06,5.8,Real
CL0104,2024-06-07,10.26,Real
CL0104,2024-06-08,10.22,Real
CL0104,2024-06-09,12.31,Real
CL0104,2024-06-10,6.67,Real
CL0104,2024-06-11,8.65,Real
CL0104,2024-06-12,5.72,Real
CL0104,2024-06-13,9.13,Real
CL0104,2024-06-14,5.48,Real
CL0104,2024-06-15,10.81,Estimada
CL0104,2024-06-16,11.96,Estimada
CL0104,2024-06-17,7.19,Real
CL0104,2024-06-18,5.86,Real
CL0104,2024-06-19,6.72,Real
CL0104,2024-06-20,7.79,Real
CL0104,2024-06-21,7.65,Real
CL0104,2024-06-22,10.81,Real
CL0104,2024-06-23,13.4,Real
CL0104,2024-06-24,5.86,Real
CL0104,2024-06-25,7.86,Real
CL0104,2024-06-26,8.27,Estimada
CL0104,2024-06-27,7.0,Real
CL0104,2024-06-28,6.87,Real
CL0105,2024-01-01,14.51,Real
CL0105,2024-01-02,12.95,Real
CL0105,2024-01-03,18.3,Real
CL0105,2024-01-04,12.78,Real
CL0105,2024-01-05,14.04,Real
CL0105,2024-01-06,19.48,Real
CL0105,2024-01-07,18.73,Real
CL0105,2024-01-08,13.52,Real
CL0105,2024-01-09,10.9,Real
CL0105,2024-01-10,14.8,Real
CL0105,2024-01-11,17.29,Real
CL0105,2024-01-12,11.43,Real
CL0105,2024-01-13,16.68,Real
CL0105,2024-01-14,16.83,Real
CL0105,2024-01-15,17.86,Real
CL0105,2024-01-16,14.63,Real
CL0105,2024-01-17,15.3,Real
CL0105,2024-01-18,15.38,Real
CL0105,2024-01-19,15.77,Real
CL0105,2024-01-20,28.13,Real
CL0105,2024-01-21,26.04,Real
CL0105,2024-01-22,8.64,Real
CL0105,2024-01-23,15.88,Real
CL0105,2024-01-24,19.83,Real
CL0105,2024-01-25,21.52,Real
CL0105,2024-01-26,16.47,Real
CL0105,2024-01-27,24.1,Estimada
CL0105,2024-01-28,15.24,Real
CL0105,2024-01-29,7.95,Real
CL0105,2024-01-30,13.31,Estimada
CL0105,2024-01-31,10.35,Real
CL0105,2024-02-01,10.88,Real
CL0105,2024-02-02,10.15,Real
CL0105,2024-02-03,15.78,Real
CL0105,2024-02-04,12.81,Real
CL0105,2024-02-05,5.15,Real
CL0105,2024-02-06,7.78,Real
CL0105,2024-02-07,6.88,Real
CL0105,2024-02-08,14.35,Real
CL0105,2024-02-09,11.33,Real
CL0105,2024-02-10,16.34,Real
CL0105,2024-02-11,9.44,Real
CL0105,2024-02-12,12.19,Real
CL0105,2024-02-13,9.23,Real
CL0105,2024-02-14,7.96,Real
CL0105,2024-02-15,18.11,Real
CL0105,2024-02-16,15.9,Real
CL0105,2024-02-17,10.58,Real
CL0105,2024-02-18,22.6,Real
CL0105,2024-02-19,6.63,Real
CL0105,2024-02-20,15.17,Real
CL0105,2024-02-21,8.27,Real
CL0105,2024-02-22,17.49,Real
CL0105,2024-02-23,6.3,Real
CL0105,2024-02-24,23.3,Real
CL0105,2024-02-25,22.9,Real
CL0105,2024-02-26,10.28,Real
CL0105,2024-02-27,12.58,Estimada
CL0105,2024-02-28,12.7,Real
CL0105,2024-02-29,12.87,Real
CL0105,2024-03-01,13.36,Real
CL0105,2024-03-02,20.49,Real
CL0105,2024-03-03,16.06,Real
CL0105,2024-03-04,12.1,Real
CL0105,2024-03-05,16.94,Real
CL0105,2024-03-06,3.87,Real
CL0105,2024-03-07,7.93,Real
CL0105,2024-03-08,6.5,Real
CL0105,2024-03-09,11.75,Real
CL0105,2024-03-10,14.74,Real
CL0105,2024-03-11,14.22,Estimada
CL0105,2024-03-12,10.44,Estimada
CL0105,2024-03-13,14.35,Real
CL0105,2024-03-14,18.8,Real
CL0105,2024-03-15,13.68,Real
CL0105,2024-03-16,21.7,Real
CL0105,2024-03-17,16.77,Real
CL0105,2024-03-18,12.88,Real
CL0105,2024-03-19,14.57,Real
CL0105,2024-03-20,10.28,Real
CL0105,2024-03-21,17.44,Real
CL0105,2024-03-22,6.78,Real
CL0105,2024-03-23,7.48,Real
CL0105,2024-03-24,17.53,Real
CL0105,2024-03-25,7.18,Estimada
CL0105,2024-03-26,14.59,Real
CL0105,2024-03-27,7.76,Real
CL0105,2024-03-28,9.53,Real
CL0105,2024-03-29,3.44,Real
CL0105,2024-03-30,9.83,Real
CL0105,2024-03-31,11.46,Real
CL0105,2024-04-01,10.95,Real
CL0105,2024-04-02,10.09,Estimada
CL0105,2024-04-03,10.86,Real
CL0105,2024-04-04,15.82,Real
CL0105,2024-04-05,13.95,Real
CL0105,2024-04-06,20.98,Real
CL0105,2024-04-07,5.97,Real
CL0105,2024-04-08,13.89,Real
CL0105,2024-04-09,8.17,Real
CL0105,2024-04-10,16.35,Real
CL0105,2024-04-11,5.05,Real
CL0105,2024-04-12,7.43,Real
CL0105,2024-04-13,17.02,Real
CL0105,2024-04-14,18.74,Estimada
CL0105,2024-04-15,10.03,Real
CL0105,2024-04-16,10.17,Real
CL0105,2024-04-17,12.84,Real
CL0105,2024-04-18,10.97,Real
CL0105,2024-04-19,11.01,Real
CL0105,2024-04-20,19.34,Real
CL0105,2024-04-21,17.35,Real
CL0105,2024-04-22,13.11,Real
CL0105,2024-04-23,13.6,Real
CL0105,2024-04-24,17.69,Real
CL0105,2024-04-25,20.35,Real
CL0105,2024-04-26,16.87,Real
CL0105,2024-04-27,9.16,Real
CL0105,2024-04-28,8.46,Real
CL0105,2024-04-29,5.82,Estimada
CL0105,2024-04-30,5.47,Real
CL0105,2024-05-01,12.9,Real
CL0105,2024-05-02,10.77,Real
CL0105,2024-05-03,9.99,Real
CL0105,2024-05-04,23.44,Real
CL0105,2024-05-05,15.18,Real
CL0105,2024-05-06,11.19,Real
CL0105,2024-05-07,10.09,Real
CL0105,2024-05-08,7.41,Real
CL0105,2024-05-09,15.25,Real
CL0105,2024-05-10,5.76,Real
CL0105,2024-05-11,20.52,Real
CL0105,2024-05-12,11.76,Real
CL0105,2024-05-13,16.52,Real
CL0105,2024-05-14,2.63,Real
CL0105,2024-05-15,10.69,Real
CL0105,2024-05-16,11.91,Real
CL0105,2024-05-17,7.34,Real
CL0105,2024-05-18,21.82,Real
CL0105,2024-05-19,14.25,Real
CL0105,2024-05-20,6.96,Real
CL0105,2024-05-21,13.35,Estimada
CL0105,2024-05-22,6.92,Real
CL0105,2024-05-23,13.22,Real
CL0105,2024-05-24,6.56,Real
CL0105,2024-05-25,25.03,Real
CL0105,2024-05-26,20.6,Real
CL0105,2024-05-27,3.4,Real
CL0105,2024-05-28,11.37,Real
CL0105,2024-05-29,12.77,Real
CL0105,2024-05-30,11.87,Real
CL0105,2024-05-31,13.59,Real
CL0105,2024-06-01,15.95,Real
CL0105,2024-06-02,18.42,Real
CL0105,2024-06-03,9.39,Real
CL0105,2024-06-04,14.42,Real
CL0105,2024-06-05,16.26,Estimada
CL0105,2024-06-06,20.45,Real
CL0105,2024-06-07,16.09,Estimada
CL0105,2024-06-08,21.61,Real
CL0105,2024-06-09,25.52,Real
CL0105,2024-06-10,17.69,Real
CL0105,2024-06-11,17.67,Real
CL0105,2024-06-12,15.17,Real
CL0105,2024-06-13,12.18,Real
CL0105,2024-06-14,10.28,Real
CL0105,2024-06-15,27.12,Real
CL0105,2024-06-16,26.37,Real
CL0105,2024-06-17,17.06,Real
CL0105,2024-06-18,19.15,Real
CL0105,2024-06-19,11.67,Real
CL0105,2024-06-20,16.73,Real
CL0105,2024-06-21,13.63,Real
CL0105,2024-06-22,27.06,Estimada
CL0105,2024-06-23,28.32,Real
CL0105,2024-06-24,16.95,Real
CL0105,2024-06-25,15.12,Real
CL0105,2024-06-26,16.61,Real
CL0105,2024-06-27,16.56,Real
CL0105,2024-06-28,19.42,Real
CL0106,2024-01-01,16.61,Real
CL0106,2024-01-02,9.3,Real
CL0106,2024-01-03,9.68,Real
CL0106,2024-01-04,8.39,Real
CL0106,2024-01-05,10.75,Real
CL0106,2024-01-06,9.12,Estimada
CL0106,2024-01-07,14.45,Real
CL0106,2024-01-08,9.87,Real
CL0106,2024-01-09,11.43,Real
CL0106,2024-01-10,9.9,Real
CL0106,2024-01-11,7.23,Real
CL0106,2024-01-12,10.77,Real
CL0106,2024-01-13,17.66,Real
CL0106,2024-01-14,10.61,Real
CL0106,2024-01-15,9.84,Real
CL0106,2024-01-16,9.12,Real
CL0106,2024-01-17,15.56,Real
CL0106,2024-01-18,10.48,Real
CL0106,2024-01-19,6.27,Real
CL0106,2024-01-20,13.08,Real
CL0106,2024-01-21,15.38,Real
CL0106,2024-01-22,7.36,Real
CL0106,2024-01-23,9.53,Real
CL0106,2024-01-24,7.47,Real
CL0106,2024-01-25,8.75,Real
CL0106,2024-01-26,9.55,Real
CL0106,2024-01-27,12.3,Real
CL0106,2024-01-28,9.66,Real
CL0106,2024-01-29,11.16,Real
CL0106,2024-01-30,7.92,Real
CL0106,2024-01-31,6.87,Estimada
CL0106,2024-02-01,8.39,Estimada
CL0106,2024-02-02,9.23,Real
CL0106,2024-02-03,10.47,Real
CL0106,2024-02-04,9.93,Real
CL0106,2024-02-05,5.34,Real
CL0106,2024-02-06,8.8,Real
CL0106,2024-02-07,12.39,Estimada
CL0106,2024-02-08,9.42,Real
CL0106,2024-02-09,5.17,Real
CL0106,2024-02-10,13.95,Real
CL0106,2024-02-11,13.1,Real
CL0106,2024-02-12,12.2,Real
CL0106,2024-02-13,9.26,Real
CL0106,2024-02-14,8.23,Real
CL0106,2024-02-15,4.41,Real
CL0106,2024-02-16,6.84,Real
CL0106,2024-02-17,9.49,Real
CL0106,2024-02-18,9.91,Estimada
CL0106,2024-02-19,4.29,Real
CL0106,2024-02-20,4.61,Real
CL0106,2024-02-21,6.63,Real
CL0106,2024-02-22,6.1,Real
CL0106,2024-02-23,10.46,Real
CL0106,2024-02-24,9.69,Real
CL0106,2024-02-25,12.9,Real
CL0106,2024-02-26,9.07,Real
CL0106,2024-02-27,7.76,Real
CL0106,2024-02-28,8.98,Estimada
CL0106,2024-02-29,4.93,Real
CL0106,2024-03-01,7.09,Real
CL0106,2024-03-02,10.96,Real
CL0106,2024-03-03,7.08,Real
CL0106,2024-03-04,3.68,Real
CL0106,2024-03-05,7.38,Real
CL0106,2024-03-06,6.61,Estimada
CL0106,2024-03-07,9.47,Real
CL0106,2024-03-08,5.79,Real
CL0106,2024-03-09,15.17,Real
CL0106,2024-03-10,5.84,Real
CL0106,2024-03-11,6.55,Real
CL0106,2024-03-12,10.36,Real
CL0106,2024-03-13,7.53,Real
CL0106,2024-03-14,4.97,Real
CL0106,2024-03-15,4.64,Real
CL0106,2024-03-16,12.92,Real
CL0106,2024-03-17,11.56,Estimada
CL0106,2024-03-18,3.56,Real
CL0106,2024-03-19,5.29,Real
CL0106,2024-03-20,10.4,Real
CL0106,2024-03-21,9.04,Real
CL0106,2024-03-22,5.09,Real
CL0106,2024-03-23,12.78,Real
CL0106,2024-03-24,10.11,Real
CL0106,2024-03-25,7.48,Real
CL0106,2024-03-26,4.68,Real
CL0106,2024-03-27,10.08,Real
CL0106,2024-03-28,9.77,Real
CL0106,2024-03-29,0.5,Real
CL0106,2024-03-30,13.31,Real
CL0106,2024-03-31,6.81,Real
CL0106,2024-04-01,7.87,Real
CL0106,2024-04-02,10.03,Estimada
CL0106,2024-04-03,5.61,Estimada
CL0106,2024-04-04,14.33,Real
CL0106,2024-04-05,10.8,Estimada
CL0106,2024-04-06,10.67,Real
CL0106,2024-04-07,8.94,Estimada
CL0106,2024-04-08,5.87,Real
CL0106,2024-04-09,7.58,Real
CL0106,2024-04-10,9.56,Real
CL0106,2024-04-11,8.03,Real
CL0106,2024-04-12,3.23,Real
CL0106,2024-04-13,16.58,Real
CL0106,2024-04-14,12.59,Real
CL0106,2024-04-15,9.27,Real
CL0106,2024-04-16,8.0,Estimada
CL0106,2024-04-17,8.73,Estimada
CL0106,2024-04-18,2.75,Estimada
CL0106,2024-04-19,8.69,Real
CL0106,2024-04-20,12.08,Estimada
CL0106,2024-04-21,13.56,Real
CL0106,2024-04-22,7.36,Real
CL0106,2024-04-23,8.71,Real
CL0106,2024-04-24,6.26,Real
CL0106,2024-04-25,4.25,Real
CL0106,2024-04-26,8.43,Real
CL0106,2024-04-27,8.37,Real
CL0106,2024-04-28,10.47,Real
CL0106,2024-04-29,5.16,Real
CL0106,2024-04-30,8.82,Real
CL0106,2024-05-01,9.85,Real
CL0106,2024-05-02,8.63,Real
CL0106,2024-05-03,6.01,Real
CL0106,2024-05-04,11.53,Real
CL0106,2024-05-05,17.29,Real
CL0106,2024-05-06,8.69,Real
CL0106,2024-05-07,8.11,Estimada
CL0106,2024-05-08,6.95,Estimada
CL0106,2024-05-09,9.51,Real
CL0106,2024-05-10,13.01,Real
CL0106,2024-05-11,7.02,Real
CL0106,2024-05-12,13.46,Real
CL0106,2024-05-13,10.9,Real
CL0106,2024-05-14,9.58,Real
CL0106,2024-05-15,10.98,Real
CL0106,2024-05-16,10.37,Real
CL0106,2024-05-17,9.42,Real
CL0106,2024-05-18,12.08,Real
CL0106,2024-05-19,12.2,Real
CL0106,2024-05-20,7.15,Real
CL0106,2024-05-21,9.55,Real
CL0106,2024-05-22,7.82,Real
CL0106,2024-05-23,10.03,Real
CL0106,2024-05-24,9.7,Real
CL0106,2024-05-25,14.06,Real
CL0106,2024-05-26,13.05,Real
CL0106,2024-05-27,11.7,Real
CL0106,2024-05-28,9.6,Real
CL0106,2024-05-29,3.55,Real
CL0106,2024-05-30,13.95,Real
CL0106,2024-05-31,7.75,Real
CL0106,2024-06-01,13.97,Real
CL0106,2024-06-02,11.2,Real
CL0106,2024-06-03,7.75,Real
CL0106,2024-06-04,7.73,Real
CL0106,2024-06-05,11.28,Real
CL0106,2024-06-06,11.3,Real
CL0106,2024-06-07,14.4,Real
CL0106,2024-06-08,16.32,Real
CL0106,2024-06-09,18.05,Estimada
CL0106,2024-06-10,8.6,Estimada
CL0106,2024-06-11,11.41,Estimada
CL0106,2024-06-12,10.67,Real
CL0106,2024-06-13,13.86,Real
CL0106,2024-06-14,8.92,Real
CL0106,2024-06-15,19.76,Real
CL0106,2024-06-16,21.15,Real
CL0106,2024-06-17,4.85,Real
CL0106,2024-06-18,13.85,Real
CL0106,2024-06-19,17.71,Real
CL0106,2024-06-20,11.17,Real
CL0106,2024-06-21,6.99,Real
CL0106,2024-06-22,11.77,Real
CL0106,2024-06-23,16.37,Real
CL0106,2024-06-24,11.77,Real
CL0106,2024-06-25,9.82,Real
CL0106,2024-06-26,17.05,Real
CL0106,2024-06-27,12.09,Real
CL0106,2024-06-28,9.9,Real
CL0107,2024-01-01,14.47,Real
CL0107,2024-01-02,8.72,Real
CL0107,2024-01-03,10.35,Real
CL0107,2024-01-04,14.52,Real
CL0107,2024-01-05,15.69,Real
CL0107,2024-01-06,17.93,Real
CL0107,2024-01-07,14.61,Real
CL0107,2024-01-08,13.19,Real
CL0107,2024-01-09,16.89,Real
CL0107,2024-01-10,11.94,Real
CL0107,2024-01-11,8.33,Real
CL0107,2024-01-12,12.74,Estimada
CL0107,2024-01-13,25.42,Real
CL0107,2024-01-14,17.03,Estimada
CL0107,2024-01-15,12.03,Real
CL0107,2024-01-16,13.0,Real
CL0107,2024-01-17,8.02,Real
CL0107,2024-01-18,7.15,Real
CL0107,2024-01-19,13.05,Real
CL0107,2024-01-20,24.96,Real
CL0107,2024-01-21,16.26,Real
CL0107,2024-01-22,11.01,Real
CL0107,2024-01-23,15.17,Real
CL0107,2024-01-24,19.1,Real
CL0107,2024-01-25,6.89,Real
CL0107,2024-01-26,11.56,Real
CL0107,2024-01-27,13.65,Real
CL0107,2024-01-28,18.89,Real
CL0107,2024-01-29,15.34,Real
CL0107,2024-01-30,12.1,Real
CL0107,2024-01-31,10.42,Real
CL0107,2024-02-01,11.84,Real
CL0107,2024-02-02,7.16,Real
CL0107,2024-02-03,13.59,Real
CL0107,2024-02-04,16.85,Estimada
CL0107,2024-02-05,4.54,Real
CL0107,2024-02-06,9.35,Estimada
CL0107,2024-02-07,12.03,Real
CL0107,2024-02-08,9.43,Real
CL0107,2024-02-09,6.33,Real
CL0107,2024-02-10,18.17,Real
CL0107,2024-02-11,7.69,Real
CL0107,2024-02-12,5.22,Real
CL0107,2024-02-13,13.84,Real
CL0107,2024-02-14,7.6,Real
CL0107,2024-02-15,9.32,Real
CL0107,2024-02-16,12.98,Real
CL0107,2024-02-17,15.21,Real
CL0107,2024-02-18,10.89,Real
CL0107,2024-02-19,11.25,Real
CL0107,2024-02-20,13.29,Real
CL0107,2024-02-21,7.35,Real
CL0107,2024-02-22,15.75,Real
CL0107,2024-02-23,14.82,Real
CL0107,2024-02-24,8.54,Real
CL0107,2024-02-25,16.34,Estimada
CL0107,2024-02-26,11.08,Real
CL0107,2024-02-27,17.89,Real
CL0107,2024-02-28,10.11,Real
CL0107,2024-02-29,16.15,Real
CL0107,2024-03-01,10.94,Real
CL0107,2024-03-02,15.97,Real
CL0107,2024-03-03,13.73,Real
CL0107,2024-03-04,17.04,Real
CL0107,2024-03-05,13.26,Real
CL0107,2024-03-06,10.8,Real
CL0107,2024-03-07,14.87,Estimada
CL0107,2024-03-08,10.2,Real
CL0107,2024-03-09,11.96,Real
CL0107,2024-03-10,17.44,Real
CL0107,2024-03-11,12.17,Real
CL0107,2024-03-12,19.14,Real
CL0107,2024-03-13,6.63,Real
CL0107,2024-03-14,7.1,Real
CL0107,2024-03-15,7.69,Real
CL0107,2024-03-16,14.47,Estimada
CL0107,2024-03-17,15.3,Real
CL0107,2024-03-18,8.86,Estimada
CL0107,2024-03-19,5.84,Real
CL0107,2024-03-20,13.21,Real
CL0107,2024-03-21,11.23,Real
CL0107,2024-03-22,15.92,Real
CL0107,2024-03-23,14.59,Real
CL0107,2024-03-24,15.76,Real
CL0107,2024-03-25,8.6,Real
CL0107,2024-03-26,16.36,Real
CL0107,2024-03-27,10.73,Real
CL0107,2024-03-28,16.4,Real
CL0107,2024-03-29,13.4,Estimada
CL0107,2024-03-30,10.7,Real
CL0107,2024-03-31,16.27,Real
CL0107,2024-04-01,16.4,Real
CL0107,2024-04-02,9.2,Real
CL0107,2024-04-03,8.67,Real
CL0107,2024-04-04,6.97,Real
CL0107,2024-04-05,13.16,Real
CL0107,2024-04-06,16.51,Real
CL0107,2024-04-07,16.74,Real
CL0107,2024-04-08,8.45,Real
CL0107,2024-04-09,5.68,Real
CL0107,2024-04-10,10.0,Real
CL0107,2024-04-11,10.04,Real
CL0107,2024-04-12,9.05,Real
CL0107,2024-04-13,17.95,Real
CL0107,2024-04-14,13.91,Real
CL0107,2024-04-15,12.46,Real
CL0107,2024-04-16,9.81,Real
CL0107,2024-04-17,4.85,Real
CL0107,2024-04-18,7.4,Real
CL0107,2024-04-19,12.37,Real
CL0107,2024-04-20,14.96,Real
CL0107,2024-04-21,11.04,Real
CL0107,2024-04-22,9.47,Real
CL0107,2024-04-23,4.22,Real
CL0107,2024-04-24,9.77,Estimada
CL0107,2024-04-25,9.54,Real
CL0107,2024-04-26,8.56,Real
CL0107,2024-04-27,13.71,Real
CL0107,2024-04-28,16.68,Real
CL0107,2024-04-29,8.01,Real
CL0107,2024-04-30,10.18,Real
CL0107,2024-05-01,13.73,Real
CL0107,2024-05-02,8.22,Real
CL0107,2024-05-03,11.43,Estimada
CL0107,2024-05-04,18.08,Real
CL0107,2024-05-05,17.47,Real
CL0107,2024-05-06,10.45,Real
CL0107,2024-05-07,16.67,Real
CL0107,2024-05-08,2.02,Real
CL0107,2024-05-09,21.2,Real
CL0107,2024-05-10,17.0,Real
CL0107,2024-05-11,16.31,Real
CL0107,2024-05-12,18.36,Real
CL0107,2024-05-13,16.92,Real
CL0107,2024-05-14,11.13,Real
CL0107,2024-05-15,14.74,Real
CL0107,2024-05-16,18.85,Real
CL0107,2024-05-17,15.97,Real
CL0107,2024-05-18,8.48,Real
CL0107,2024-05-19,18.27,Real
CL0107,2024-05-20,14.71,Real
CL0107,2024-05-21,13.87,Real
CL0107,2024-05-22,10.09,Real
CL0107,2024-05-23,7.73,Real
CL0107,2024-05-24,12.06,Real
CL0107,2024-05-25,15.86,Real
CL0107,2024-05-26,21.73,Real
CL0107,2024-05-27,12.17,Real
CL0107,2024-05-28,12.47,Real
CL0107,2024-05-29,6.15,Real
CL0107,2024-05-30,14.18,Real
CL0107,2024-05-31,19.36,Estimada
CL0107,2024-06-01,20.62,Real
CL0107,2024-06-02,22.34,Real
CL0107,2024-06-03,9.77,Real
CL0107,2024-06-04,14.58,Real
CL0107,2024-06-05,14.19,Real
CL0107,2024-06-06,17.61,Real
CL0107,2024-06-07,14.45,Real
CL0107,2024-06-08,18.63,Real
CL0107,2024-06-09,20.64,Real
CL0107,2024-06-10,17.4,Real
CL0107,2024-06-11,18.43,Real
CL0107,2024-06-12,18.78,Real
CL0107,2024-06-13,16.73,Real
CL0107,2024-06-14,8.3,Real
CL0107,2024-06-15,24.49,Real
CL0107,2024-06-16,19.59,Real
CL0107,2024-06-17,15.65,Real
CL0107,2024-06-18,13.73,Real
CL0107,2024-06-19,11.37,Estimada
CL0107,2024-06-20,16.9,Real
CL0107,2024-06-21,14.26,Estimada
CL0107,2024-06-22,26.04,Real
CL0107,2024-06-23,17.62,Real
CL0107,2024-06-24,16.78,Real
CL0107,2024-06-25,16.28,Real
CL0107,2024-06-26,17.49,Real
CL0107,2024-06-27,19.48,Real
CL0107,2024-06-28,12.2,Real
CL0108,2024-01-01,158.63,Real
CL0108,2024-01-02,181.44,Real
CL0108,2024-01-03,225.17,Real
CL0108,2024-01-04,181.45,Real
CL0108,2024-01-05,279.21,Real
CL0108,2024-01-06,132.44,Real
CL0108,2024-01-07,168.67,Real
CL0108,2024-01-08,117.36,Real
CL0108,2024-01-09,164.27,Real
CL0108,2024-01-10,148.71,Real
CL0108,2024-01-11,268.29,Real
CL0108,2024-01-12,297.43,Estimada
CL0108,2024-01-13,169.91,Real
CL0108,2024-01-14,176.52,Estimada
CL0108,2024-01-15,163.86,Real
CL0108,2024-01-16,226.33,Real
CL0108,2024-01-17,150.78,Real
CL0108,2024-01-18,200.09,Real
CL0108,2024-01-19,204.19,Real
CL0108,2024-01-20,162.09,Real
CL0108,2024-01-21,133.6,Estimada
CL0108,2024-01-22,215.34,Real
CL0108,2024-01-23,210.24,Real
CL0108,2024-01-24,199.99,Real
CL0108,2024-01-25,203.91,Real
CL0108,2024-01-26,215.39,Estimada
CL0108,2024-01-27,82.63,Real
CL0108,2024-01-28,61.09,Real
CL0108,2024-01-29,69.33,Real
CL0108,2024-01-30,138.86,Estimada
CL0108,2024-01-31,171.16,Estimada
CL0108,2024-02-01,170.87,Real
CL0108,2024-02-02,159.97,Real
CL0108,2024-02-03,73.59,Real
CL0108,2024-02-04,129.79,Real
CL0108,2024-02-05,163.85,Estimada
CL0108,2024-02-06,205.21,Real
CL0108,2024-02-07,193.68,Real
CL0108,2024-02-08,210.46,Real
CL0108,2024-02-09,160.35,Real
CL0108,2024-02-10,161.3,Real
CL0108,2024-02-11,111.61,Real
CL0108,2024-02-12,175.18,Real
CL0108,2024-02-13,188.65,Real
CL0108,2024-02-14,110.67,Real
CL0108,2024-02-15,182.69,Estimada
CL0108,2024-02-16,150.93,Real
CL0108,2024-02-17,81.49,Real
CL0108,2024-02-18,201.42,Real
CL0108,2024-02-19,220.17,Real
CL0108,2024-02-20,110.34,Real
CL0108,2024-02-21,160.0,Real
CL0108,2024-02-22,147.65,Real
CL0108,2024-02-23,139.64,Real
CL0108,2024-02-24,137.11,Real
CL0108,2024-02-25,151.11,Real
CL0108,2024-02-26,97.99,Real
CL0108,2024-02-27,84.82,Real
CL0108,2024-02-28,100.87,Real
CL0108,2024-02-29,66.19,Real
CL0108,2024-03-01,114.05,Real
CL0108,2024-03-02,91.29,Real
CL0108,2024-03-03,220.06,Real
CL0108,2024-03-04,150.92,Real
CL0108,2024-03-05,188.46,Real
CL0108,2024-03-06,157.42,Estimada
CL0108,2024-03-07,128.84,Real
CL0108,2024-03-08,183.81,Real
CL0108,2024-03-09,138.3,Real
CL0108,2024-03-10,162.73,Real
CL0108,2024-03-11,175.89,Real
CL0108,2024-03-12,135.23,Real
CL0108,2024-03-13,116.37,Real
CL0108,2024-03-14,163.91,Real
CL0108,2024-03-15,99.9,Real
CL0108,2024-03-16,139.65,Estimada
CL0108,2024-03-17,91.44,Real
CL0108,2024-03-18,226.53,Real
CL0108,2024-03-19,87.29,Real
CL0108,2024-03-20,142.13,Real
CL0108,2024-03-21,227.11,Estimada
CL0108,2024-03-22,149.78,Real
CL0108,2024-03-23,48.26,Real
CL0108,2024-03-24,153.28,Real
CL0108,2024-03-25,180.27,Real
CL0108,2024-03-26,202.54,Real
CL0108,2024-03-27,132.37,Real
CL0108,2024-03-28,192.69,Real
CL0108,2024-03-29,184.87,Real
CL0108,2024-03-30,105.78,Real
CL0108,2024-03-31,62.53,Real
CL0108,2024-04-01,214.61,Real
CL0108,2024-04-02,203.03,Real
CL0108,2024-04-03,182.55,Real
CL0108,2024-04-04,78.58,Real
CL0108,2024-04-05,106.03,Estimada
CL0108,2024-04-06,136.59,Real
CL0108,2024-04-07,142.58,Real
CL0108,2024-04-08,252.53,Real
CL0108,2024-04-09,212.04,Real
CL0108,2024-04-10,218.73,Real
CL0108,2024-04-11,105.18,Real
CL0108,2024-04-12,199.63,Real
CL0108,2024-04-13,41.93,Estimada
CL0108,2024-04-14,212.95,Estimada
CL0108,2024-04-15,131.32,Real
CL0108,2024-04-16,179.58,Real
CL0108,2024-04-17,180.12,Real
CL0108,2024-04-18,186.5,Real
CL0108,2024-04-19,198.92,Real
CL0108,2024-04-20,203.35,Real
CL0108,2024-04-21,235.82,Real
CL0108,2024-04-22,168.8,Real
CL0108,2024-04-23,204.29,Real
CL0108,2024-04-24,166.97,Real
CL0108,2024-04-25,104.72,Real
CL0108,2024-04-26,191.99,Real
CL0108,2024-04-27,54.49,Real
CL0108,2024-04-28,138.8,Real
CL0108,2024-04-29,159.38,Real
CL0108,2024-04-30,181.08,Real
CL0108,2024-05-01,211.83,Real
CL0108,2024-05-02,193.74,Real
CL0108,2024-05-03,154.77,Real
CL0108,2024-05-04,96.28,Real
CL0108,2024-05-05,92.62,Real
CL0108,2024-05-06,214.56,Real
CL0108,2024-05-07,223.72,Real
CL0108,2024-05-08,190.91,Estimada
CL0108,2024-05-09,133.46,Real
CL0108,2024-05-10,187.93,Real
CL0108,2024-05-11,190.97,Real
CL0108,2024-05-12,157.78,Real
CL0108,2024-05-13,149.65,Real
CL0108,2024-05-14,194.36,Real
CL0108,2024-05-15,59.86,Real
CL0108,2024-05-16,227.77,Real
CL0108,2024-05-17,192.13,Real
CL0108,2024-05-18,119.17,Real
CL0108,2024-05-19,139.78,Real
CL0108,2024-05-20,204.48,Real
CL0108,2024-05-21,260.74,Real
CL0108,2024-05-22,227.48,Real
CL0108,2024-05-23,262.42,Real
CL0108,2024-05-24,202.45,Real
CL0108,2024-05-25,150.77,Estimada
CL0108,2024-05-26,193.42,Real
CL0108,2024-05-27,242.05,Real
CL0108,2024-05-28,153.31,Real
CL0108,2024-05-29,183.43,Real
CL0108,2024-05-30,172.57,Real
CL0108,2024-05-31,198.81,Real
CL0108,2024-06-01,196.38,Estimada
CL0108,2024-06-02,150.86,Real
CL0108,2024-06-03,257.74,Real
CL0108,2024-06-04,286.72,Real
CL0108,2024-06-05,207.43,Real
CL0108,2024-06-06,243.37,Real
CL0108,2024-06-07,311.29,Real
CL0108,2024-06-08,112.31,Real
CL0108,2024-06-09,148.34,Estimada
CL0108,2024-06-10,235.0,Estimada
CL0108,2024-06-11,169.24,Real
CL0108,2024-06-12,325.61,Real
CL0108,2024-06-13,141.07,Real
CL0108,2024-06-14,252.2,Real
CL0108,2024-06-15,148.75,Real
CL0108,2024-06-16,141.08,Real
CL0108,2024-06-17,273.84,Real
CL0108,2024-06-18,237.39,Real
CL0108,2024-06-19,229.09,Real
CL0108,2024-06-20,268.89,Real
CL0108,2024-06-21,178.96,Real
CL0108,2024-06-22,157.72,Estimada
CL0108,2024-06-23,168.7,Estimada
CL0108,2024-06-24,249.15,Real
CL0108,2024-06-25,201.74,Real
CL0108,2024-06-26,256.09,Real
CL0108,2024-06-27,323.95,Real
CL0108,2024-06-28,250.16,Real
CL0109,2024-01-01,61.95,Real
CL0109,2024-01-02,74.94,Real
CL0109,2024-01-03,54.47,Real
CL0109,2024-01-04,43.17,Real
CL0109,2024-01-05,66.0,Real
CL0109,2024-01-06,46.26,Real
CL0109,2024-01-07,53.58,Real
CL0109,2024-01-08,67.89,Estimada
CL0109,2024-01-09,37.27,Estimada
CL0109,2024-01-10,71.43,Real
CL0109,2024-01-11,61.62,Real
CL0109,2024-01-12,52.73,Real
CL0109,2024-01-13,50.54,Real
CL0109,2024-01-14,57.1,Estimada
CL0109,2024-01-15,87.4,Real
CL0109,2024-01-16,74.94,Real
CL0109,2024-01-17,55.81,Real
CL0109,2024-01-18,72.32,Real
CL0109,2024-01-19,51.56,Real
CL0109,2024-01-20,52.7,Estimada
CL0109,2024-01-21,51.69,Real
CL0109,2024-01-22,60.28,Real
CL0109,2024-01-23,62.82,Real
CL0109,2024-01-24,94.24,Real
CL0109,2024-01-25,49.65,Real
CL0109,2024-01-26,69.64,Real
CL0109,2024-01-27,32.77,Real
CL0109,2024-01-28,49.56,Real
CL0109,2024-01-29,100.41,Real
CL0109,2024-01-30,53.54,Real
CL0109,2024-01-31,41.25,Real
CL0109,2024-02-01,55.47,Real
CL0109,2024-02-02,58.31,Real
CL0109,2024-02-03,30.86,Real
CL0109,2024-02-04,42.85,Real
CL0109,2024-02-05,43.4,Real
CL0109,2024-02-06,25.38,Estimada
CL0109,2024-02-07,66.09,Real
CL0109,2024-02-08,71.34,Real
CL0109,2024-02-09,55.64,Real
CL0109,2024-02-10,38.53,Real
CL0109,2024-02-11,56.51,Real
CL0109,2024-02-12,49.42,Estimada
CL0109,2024-02-13,69.71,Real
CL0109,2024-02-14,57.43,Real
CL0109,2024-02-15,69.39,Real
CL0109,2024-02-16,69.31,Real
CL0109,2024-02-17,55.97,Real
CL0109,2024-02-18,33.36,Real
CL0109,2024-02-19,74.03,Real
CL0109,2024-02-20,72.5,Real
CL0109,2024-02-21,80.51,Real
CL0109,2024-02-22,81.31,Real
CL0109,2024-02-23,57.77,Real
CL0109,2024-02-24,34.77,Real
CL0109,2024-02-25,41.2,Real
CL0109,2024-02-26,15.17,Real
CL0109,2024-02-27,25.12,Estimada
CL0109,2024-02-28,48.88,Estimada
CL0109,2024-02-29,51.05,Real
CL0109,2024-03-01,45.79,Real
CL0109,2024-03-02,56.61,Real
CL0109,2024-03-03,33.03,Real
CL0109,2024-03-04,41.63,Estimada
CL0109,2024-03-05,44.85,Real
CL0109,2024-03-06,65.58,Real
CL0109,2024-03-07,46.63,Real
CL0109,2024-03-08,23.16,Real
CL0109,2024-03-09,37.52,Real
CL0109,2024-03-10,36.44,Estimada
CL0109,2024-03-11,62.07,Real
CL0109,2024-03-12,54.13,Real
CL0109,2024-03-13,27.57,Real
CL0109,2024-03-14,26.42,Real
CL0109,2024-03-15,32.8,Real
CL0109,2024-03-16,53.31,Real
CL0109,2024-03-17,47.09,Real
CL0109,2024-03-18,52.57,Real
CL0109,2024-03-19,45.01,Real
CL0109,2024-03-20,49.49,Estimada
CL0109,2024-03-21,94.57,Real
CL0109,2024-03-22,60.76,Real
CL0109,2024-03-23,31.44,Real
CL0109,2024-03-24,30.59,Real
CL0109,2024-03-25,37.82,Real
CL0109,2024-03-26,26.27,Real
CL0109,2024-03-27,49.62,Real
CL0109,2024-03-28,56.84,Real
CL0109,2024-03-29,44.9,Real
CL0109,2024-03-30,7.99,Real
CL0109,2024-03-31,39.8,Real
CL0109,2024-04-01,41.22,Real
CL0109,2024-04-02,81.89,Real
CL0109,2024-04-03,55.68,Real
CL0109,2024-04-04,53.27,Real
CL0109,2024-04-05,60.36,Real
CL0109,2024-04-06,24.39,Real
CL0109,2024-04-07,58.41,Real
CL0109,2024-04-08,78.29,Real
CL0109,2024-04-09,50.85,Real
CL0109,2024-04-10,54.94,Real
CL0109,2024-04-11,69.65,Real
CL0109,2024-04-12,74.47,Real
CL0109,2024-04-13,28.25,Real
CL0109,2024-04-14,49.21,Real
CL0109,2024-04-15,53.55,Estimada
CL0109,2024-04-16,90.32,Real
CL0109,2024-04-17,55.65,Real
CL0109,2024-04-18,45.26,Real
CL0109,2024-04-19,38.4,Real
CL0109,2024-04-20,37.83,Real
CL0109,2024-04-21,47.44,Real
CL0109,2024-04-22,84.63,Real
CL0109,2024-04-23,43.67,Real
CL0109,2024-04-24,28.99,Real
CL0109,2024-04-25,65.21,Real
CL0109,2024-04-26,75.39,Real
CL0109,2024-04-27,54.26,Real
CL0109,2024-04-28,24.64,Real
CL0109,2024-04-29,69.84,Real
CL0109,2024-04-30,56.79,Real
CL0109,2024-05-01,48.88,Real
CL0109,2024-05-02,67.49,Real
CL0109,2024-05-03,81.05,Real
CL0109,2024-05-04,46.34,Real
CL0109,2024-05-05,58.79,Real
CL0109,2024-05-06,21.68,Real
CL0109,2024-05-07,38.55,Real
CL0109,2024-05-08,74.18,Real
CL0109,2024-05-09,68.91,Real
CL0109,2024-05-10,43.5,Real
CL0109,2024-05-11,41.71,Real
CL0109,2024-05-12,65.79,Real
CL0109,2024-05-13,26.81,Real
CL0109,2024-05-14,70.84,Real
CL0109,2024-05-15,94.35,Real
CL0109,2024-05-16,62.19,Real
CL0109,2024-05-17,50.86,Real
CL0109,2024-05-18,63.47,Real
CL0109,2024-05-19,72.1,Real
CL0109,2024-05-20,66.5,Real
CL0109,2024-05-21,65.67,Real
CL0109,2024-05-22,67.82,Real
CL0109,2024-05-23,35.01,Real
CL0109,2024-05-24,66.39,Real
CL0109,2024-05-25,35.51,Estimada
CL0109,2024-05-26,41.48,Real
CL0109,2024-05-27,54.34,Real
CL0109,2024-05-28,54.98,Real
CL0109,2024-05-29,47.66,Real
CL0109,2024-05-30,77.59,Real
CL0109,2024-05-31,79.78,Real
CL0109,2024-06-01,62.54,Real
CL0109,2024-06-02,37.5,Real
CL0109,2024-06-03,71.97,Real
CL0109,2024-06-04,71.05,Real
CL0109,2024-06-05,76.76,Real
CL0109,2024-06-06,93.31,Estimada
CL0109,2024-06-07,76.08,Estimada
CL0109,2024-06-08,42.18,Real
CL0109,2024-06-09,58.24,Estimada
CL0109,2024-06-10,78.87,Estimada
CL0109,2024-06-11,73.49,Real
CL0109,2024-06-12,98.26,Real
CL0109,2024-06-13,76.15,Real
CL0109,2024-06-14,89.33,Real
CL0109,2024-06-15,88.38,Real
CL0109,2024-06-16,49.52,Real
CL0109,2024-06-17,79.81,Real
CL0109,2024-06-18,91.15,Estimada
CL0109,2024-06-19,100.87,Real
CL0109,2024-06-20,86.17,Real
CL0109,2024-06-21,61.75,Real
CL0109,2024-06-22,58.11,Real
CL0109,2024-06-23,76.92,Real
CL0109,2024-06-24,85.26,Real
CL0109,2024-06-25,78.91,Estimada
CL0109,2024-06-26,94.89,Real
CL0109,2024-06-27,74.89,Real
CL0109,2024-06-28,85.72,Real
CL0110,2024-01-01,13.39,Real
CL0110,2024-01-02,5.8,Real
CL0110,2024-01-03,8.78,Real
CL0110,2024-01-04,14.03,Real
CL0110,2024-01-05,11.0,Real
CL0110,2024-01-06,10.47,Real
CL0110,2024-01-07,12.51,Estimada
CL0110,2024-01-08,9.86,Real
CL0110,2024-01-09,10.19,Real
CL0110,2024-01-10,7.46,Real
CL0110,2024-01-11,11.38,Real
CL0110,2024-01-12,11.29,Real
CL0110,2024-01-13,10.84,Real
CL0110,2024-01-14,16.22,Real
CL0110,2024-01-15,16.33,Estimada
CL0110,2024-01-16,7.03,Real
CL0110,2024-01-17,10.13,Real
CL0110,2024-01-18,8.72,Real
CL0110,2024-01-19,12.43,Real
CL0110,2024-01-20,18.1,Real
CL0110,2024-01-21,14.61,Real
CL0110,2024-01-22,10.37,Real
CL0110,2024-01-23,8.23,Real
CL0110,2024-01-24,12.72,Real
CL0110,2024-01-25,13.61,Real
CL0110,2024-01-26,8.41,Estimada
CL0110,2024-01-27,13.54,Estimada
CL0110,2024-01-28,15.44,Real
CL0110,2024-01-29,10.27,Real
CL0110,2024-01-30,9.22,Real
CL0110,2024-01-31,11.82,Estimada
CL0110,2024-02-01,8.05,Real
CL0110,2024-02-02,9.29,Real
CL0110,2024-02-03,11.66,Real
CL0110,2024-02-04,14.0,Real
CL0110,2024-02-05,9.88,Real
CL0110,2024-02-06,6.81,Real
CL0110,2024-02-07,4.11,Real
CL0110,2024-02-08,7.4,Real
CL0110,2024-02-09,9.87,Estimada
CL0110,2024-02-10,13.47,Real
CL0110,2024-02-11,17.87,Real
CL0110,2024-02-12,8.99,Estimada
CL0110,2024-02-13,7.44,Real
CL0110,2024-02-14,2.14,Real
CL0110,2024-02-15,9.57,Real
CL0110,2024-02-16,7.01,Real
CL0110,2024-02-17,13.59,Real
CL0110,2024-02-18,12.68,Estimada
CL0110,2024-02-19,5.16,Estimada
CL0110,2024-02-20,10.94,Real
CL0110,2024-02-21,14.08,Real
CL0110,2024-02-22,12.44,Real
CL0110,2024-02-23,9.91,Real
CL0110,2024-02-24,14.27,Real
CL0110,2024-02-25,12.18,Real
CL0110,2024-02-26,8.04,Real
CL0110,2024-02-27,11.25,Real
CL0110,2024-02-28,2.28,Real
CL0110,2024-02-29,11.51,Real
CL0110,2024-03-01,8.76,Real
CL0110,2024-03-02,11.43,Real
CL0110,2024-03-03,15.38,Real
CL0110,2024-03-04,12.85,Real
CL0110,2024-03-05,5.39,Real
CL0110,2024-03-06,9.89,Real
CL0110,2024-03-07,4.61,Real
CL0110,2024-03-08,9.6,Real
CL0110,2024-03-09,10.38,Real
CL0110,2024-03-10,13.14,Real
CL0110,2024-03-11,6.07,Real
CL0110,2024-03-12,10.84,Real
CL0110,2024-03-13,6.91,Real
CL0110,2024-03-14,12.05,Real
CL0110,2024-03-15,8.5,Real
CL0110,2024-03-16,15.15,Real
CL0110,2024-03-17,13.36,Real
CL0110,2024-03-18,5.29,Real
CL0110,2024-03-19,5.54,Real
CL0110,2024-03-20,12.07,Real
CL0110,2024-03-21,9.38,Real
CL0110,2024-03-22,7.03,Real
CL0110,2024-03-23,13.95,Real
CL0110,2024-03-24,10.96,Real
CL0110,2024-03-25,5.06,Real
CL0110,2024-03-26,9.34,Real
CL0110,2024-03-27,11.75,Real
CL0110,2024-03-28,4.0,Real
CL0110,2024-03-29,3.55,Real
CL0110,2024-03-30,10.13,Real
CL0110,2024-03-31,14.6,Real
CL0110,2024-04-01,7.31,Real
CL0110,2024-04-02,0.58,Real
CL0110,2024-04-03,7.53,Real
CL0110,2024-04-04,11.05,Real
CL0110,2024-04-05,9.04,Estimada
CL0110,2024-04-06,12.31,Real
CL0110,2024-04-07,13.14,Real
CL0110,2024-04-08,12.79,Real
CL0110,2024-04-09,10.55,Real
CL0110,2024-04-10,4.67,Real
CL0110,2024-04-11,10.28,Real
CL0110,2024-04-12,5.94,Real
CL0110,2024-04-13,5.76,Estimada
CL0110,2024-04-14,11.39,Real
CL0110,2024-04-15,8.39,Real
CL0110,2024-04-16,3.37,Real
CL0110,2024-04-17,9.44,Real
CL0110,2024-04-18,10.09,Real
CL0110,2024-04-19,7.4,Real
CL0110,2024-04-20,18.62,Real
CL0110,2024-04-21,4.2,Real
CL0110,2024-04-22,9.08,Real
CL0110,2024-04-23,10.33,Real
CL0110,2024-04-24,7.11,Real
CL0110,2024-04-25,5.13,Real
CL0110,2024-04-26,6.73,Real
CL0110,2024-04-27,9.89,Estimada
CL0110,2024-04-28,13.33,Real
CL0110,2024-04-29,14.03,Real
CL0110,2024-04-30,11.97,Real
CL0110,2024-05-01,11.93,Real
CL0110,2024-05-02,13.61,Real
CL0110,2024-05-03,7.75,Real
CL0110,2024-05-04,9.74,Real
CL0110,2024-05-05,14.39,Real
CL0110,2024-05-06,10.74,Real
CL0110,2024-05-07,4.33,Real
CL0110,2024-05-08,5.22,Real
CL0110,2024-05-09,6.5,Real
CL0110,2024-05-10,13.67,Real
CL0110,2024-05-11,15.4,Real
CL0110,2024-05-12,18.18,Real
CL0110,2024-05-13,4.81,Real
CL0110,2024-05-14,12.33,Real
CL0110,2024-05-15,11.35,Real
CL0110,2024-05-16,10.5,Real
CL0110,2024-05-17,10.08,Real
CL0110,2024-05-18,13.89,Real
CL0110,2024-05-19,15.41,Real
CL0110,2024-05-20,9.46,Real
CL0110,2024-05-21,12.68,Estimada
CL0110,2024-05-22,8.96,Estimada
CL0110,2024-05-23,13.45,Real
CL0110,2024-05-24,6.87,Real
CL0110,2024-05-25,6.58,Real
CL0110,2024-05-26,11.04,Real
CL0110,2024-05-27,11.45,Real
CL0110,2024-05-28,10.85,Real
CL0110,2024-05-29,13.02,Real
CL0110,2024-05-30,12.61,Real
CL0110,2024-05-31,10.24,Real
CL0110,2024-06-01,15.16,Real
CL0110,2024-06-02,18.49,Real
CL0110,2024-06-03,11.92,Estimada
CL0110,2024-06-04,10.24,Real
CL0110,2024-06-05,7.77,Real
CL0110,2024-06-06,8.43,Real
CL0110,2024-06-07,9.46,Real
CL0110,2024-06-08,21.3,Real
CL0110,2024-06-09,12.8,Real
CL0110,2024-06-10,12.11,Real
CL0110,2024-06-11,11.94,Real
CL0110,2024-06-12,10.42,Real
CL0110,2024-06-13,10.38,Real
CL0110,2024-06-14,7.38,Real
CL0110,2024-06-15,17.08,Real
CL0110,2024-06-16,11.19,Real
CL0110,2024-06-17,14.62,Real
CL0110,2024-06-18,14.15,Real
CL0110,2024-06-19,8.04,Real
CL0110,2024-06-20,14.99,Estimada
CL0110,2024-06-21,14.68,Real
CL0110,2024-06-22,17.22,Real
CL0110,2024-06-23,19.96,Real
CL0110,2024-06-24,11.09,Real
CL0110,2024-06-25,10.64,Real
CL0110,2024-06-26,18.7,Real
CL0110,2024-06-27,8.96,Real
CL0110,2024-06-28,12.19,Real
CL0111,2024-01-01,9.84,Real
CL0111,2024-01-02,14.04,Real
CL0111,2024-01-03,7.37,Real
CL0111,2024-01-04,10.31,Real
CL0111,2024-01-05,12.96,Real
CL0111,2024-01-06,14.74,Real
CL0111,2024-01-07,22.0,Real
CL0111,2024-01-08,14.61,Real
CL0111,2024-01-09,17.52,Real
CL0111,2024-01-10,11.68,Real
CL0111,2024-01-11,12.74,Real
CL0111,2024-01-12,7.63,Real
CL0111,2024-01-13,23.77,Real
CL0111,2024-01-14,17.09,Real
CL0111,2024-01-15,14.66,Estimada
CL0111,2024-01-16,12.7,Real
CL0111,2024-01-17,12.07,Real
CL0111,2024-01-18,13.77,Estimada
CL0111,2024-01-19,13.81,Real
CL0111,2024-01-20,21.39,Real
CL0111,2024-01-21,22.43,Real
CL0111,2024-01-22,14.44,Real
CL0111,2024-01-23,13.17,Estimada
CL0111,2024-01-24,14.45,Real
CL0111,2024-01-25,9.31,Real
CL0111,2024-01-26,12.96,Estimada
CL0111,2024-01-27,17.67,Real
CL0111,2024-01-28,25.47,Real
CL0111,2024-01-29,13.53,Real
CL0111,2024-01-30,7.56,Real
CL0111,2024-01-31,11.19,Real
CL0111,2024-02-01,13.34,Real
CL0111,2024-02-02,8.67,Estimada
CL0111,2024-02-03,16.16,Real
CL0111,2024-02-04,15.65,Real
CL0111,2024-02-05,5.04,Real
CL0111,2024-02-06,12.92,Real
CL0111,2024-02-07,11.89,Real
CL0111,2024-02-08,12.22,Real
CL0111,2024-02-09,8.18,Real
CL0111,2024-02-10,18.37,Real
CL0111,2024-02-11,19.45,Real
CL0111,2024-02-12,5.41,Real
CL0111,2024-02-13,9.26,Real
CL0111,2024-02-14,17.14,Real
CL0111,2024-02-15,4.49,Real
CL0111,2024-02-16,8.58,Real
CL0111,2024-02-17,18.66,Real
CL0111,2024-02-18,8.72,Real
CL0111,2024-02-19,11.7,Real
CL0111,2024-02-20,13.97,Real
CL0111,2024-02-21,3.14,Real
CL0111,2024-02-22,6.41,Real
CL0111,2024-02-23,15.16,Real
CL0111,2024-02-24,20.19,Real
CL0111,2024-02-25,10.08,Real
CL0111,2024-02-26,14.58,Real
CL0111,2024-02-27,7.5,Real
CL0111,2024-02-28,4.05,Real
CL0111,2024-02-29,4.68,Real
CL0111,2024-03-01,8.94,Real
CL0111,2024-03-02,14.48,Real
CL0111,2024-03-03,14.37,Real
CL0111,2024-03-04,9.15,Real
CL0111,2024-03-05,11.25,Real
CL0111,2024-03-06,7.51,Real
CL0111,2024-03-07,8.96,Real
CL0111,2024-03-08,5.86,Real
CL0111,2024-03-09,14.46,Real
CL0111,2024-03-10,7.63,Real
CL0111,2024-03-11,12.87,Real
CL0111,2024-03-12,6.45,Real
CL0111,2024-03-13,16.34,Real
CL0111,2024-03-14,11.99,Real
CL0111,2024-03-15,10.77,Real
CL0111,2024-03-16,13.98,Real
CL0111,2024-03-17,14.15,Real
CL0111,2024-03-18,12.22,Real
CL0111,2024-03-19,4.55,Real
CL0111,2024-03-20,7.52,Real
CL0111,2024-03-21,14.51,Real
CL0111,2024-03-22,13.93,Real
CL0111,2024-03-23,13.29,Real
CL0111,2024-03-24,3.25,Real
CL0111,2024-03-25,8.38,Real
CL0111,2024-03-26,16.4,Real
CL0111,2024-03-27,11.95,Real
CL0111,2024-03-28,12.28,Real
CL0111,2024-03-29,10.07,Real
CL0111,2024-03-30,13.02,Real
CL0111,2024-03-31,12.4,Real
CL0111,2024-04-01,11.93,Real
CL0111,2024-04-02,16.81,Estimada
CL0111,2024-04-03,11.63,Real
CL0111,2024-04-04,10.34,Estimada
CL0111,2024-04-05,8.12,Real
CL0111,2024-04-06,12.59,Real
CL0111,2024-04-07,7.99,Real
CL0111,2024-04-08,11.43,Real
CL0111,2024-04-09,10.34,Real
CL0111,2024-04-10,6.85,Real
CL0111,2024-04-11,13.89,Real
CL0111,2024-04-12,11.86,Real
CL0111,2024-04-13,15.58,Real
CL0111,2024-04-14,4.63,Real
CL0111,2024-04-15,8.19,Real
CL0111,2024-04-16,7.68,Real
CL0111,2024-04-17,8.93,Real
CL0111,2024-04-18,14.11,Real
CL0111,2024-04-19,13.71,Real
CL0111,2024-04-20,19.03,Real
CL0111,2024-04-21,17.96,Real
CL0111,2024-04-22,7.86,Real
CL0111,2024-04-23,9.4,Real
CL0111,2024-04-24,9.72,Real
CL0111,2024-04-25,13.54,Real
CL0111,2024-04-26,11.08,Real
CL0111,2024-04-27,13.46,Real
CL0111,2024-04-28,13.72,Real
CL0111,2024-04-29,11.61,Estimada
CL0111,2024-04-30,11.05,Real
CL0111,2024-05-01,16.91,Estimada
CL0111,2024-05-02,7.16,Real
CL0111,2024-05-03,16.88,Real
CL0111,2024-05-04,15.59,Estimada
CL0111,2024-05-05,17.03,Real
CL0111,2024-05-06,5.18,Real
CL0111,2024-05-07,12.86,Real
CL0111,2024-05-08,4.48,Real
CL0111,2024-05-09,5.02,Real
CL0111,2024-05-10,12.72,Real
CL0111,2024-05-11,18.08,Real
CL0111,2024-05-12,21.78,Real
CL0111,2024-05-13,16.72,Real
CL0111,2024-05-14,10.25,Real
CL0111,2024-05-15,14.44,Estimada
CL0111,2024-05-16,12.32,Real
CL0111,2024-05-17,17.17,Real
CL0111,2024-05-18,19.84,Real
CL0111,2024-05-19,18.93,Real
CL0111,2024-05-20,5.19,Real
CL0111,2024-05-21,16.69,Real
CL0111,2024-05-22,14.92,Real
CL0111,2024-05-23,14.23,Real
CL0111,2024-05-24,15.36,Real
CL0111,2024-05-25,19.75,Real
CL0111,2024-05-26,16.05,Real
CL0111,2024-05-27,19.49,Real
CL0111,2024-05-28,11.74,Estimada
CL0111,2024-05-29,16.79,Real
CL0111,2024-05-30,18.14,Real
CL0111,2024-05-31,14.98,Real
CL0111,2024-06-01,18.75,Real
CL0111,2024-06-02,23.68,Real
CL0111,2024-06-03,15.69,Real
CL0111,2024-06-04,14.85,Real
CL0111,2024-06-05,15.69,Real
CL0111,2024-06-06,12.5,Real
CL0111,2024-06-07,14.45,Estimada
CL0111,2024-06-08,23.3,Real
CL0111,2024-06-09,24.9,Estimada
CL0111,2024-06-10,16.31,Real
CL0111,2024-06-11,15.27,Real
CL0111,2024-06-12,10.5,Real
CL0111,2024-06-13,17.9,Real
CL0111,2024-06-14,13.54,Real
CL0111,2024-06-15,26.05,Real
CL0111,2024-06-16,27.7,Real
CL0111,2024-06-17,11.35,Real
CL0111,2024-06-18,13.8,Real
CL0111,2024-06-19,12.85,Real
CL0111,2024-06-20,14.24,Real
CL0111,2024-06-21,16.08,Real
CL0111,2024-06-22,24.89,Real
CL0111,2024-06-23,21.12,Real
CL0111,2024-06-24,16.99,Real
CL0111,2024-06-25,9.15,Real
CL0111,2024-06-26,9.31,Real
CL0111,2024-06-27,13.89,Real
CL0111,2024-06-28,14.31,Real
CL0112,2024-01-01,9.99,Real
CL0112,2024-01-02,7.94,Real
CL0112,2024-01-03,9.96,Estimada
CL0112,2024-01-04,9.19,Real
CL0112,2024-01-05,8.24,Real
CL0112,2024-01-06,15.23,Real
CL0112,2024-01-07,17.79,Real
CL0112,2024-01-08,8.28,Estimada
CL0112,2024-01-09,13.68,Real
CL0112,2024-01-10,11.3,Real
CL0112,2024-01-11,6.68,Real
CL0112,2024-01-12,12.2,Real
CL0112,2024-01-13,18.49,Real
CL0112,2024-01-14,19.75,Real
CL0112,2024-01-15,8.8,Estimada
CL0112,2024-01-16,7.15,Real
CL0112,2024-01-17,9.07,Real
CL0112,2024-01-18,7.4,Estimada
CL0112,2024-01-19,10.69,Real
CL0112,2024-01-20,17.19,Real
CL0112,2024-01-21,12.59,Real
CL0112,2024-01-22,9.37,Real
CL0112,2024-01-23,11.6,Real
CL0112,2024-01-24,13.15,Real
CL0112,2024-01-25,7.41,Real
CL0112,2024-01-26,13.39,Real
CL0112,2024-01-27,11.39,Real
CL0112,2024-01-28,13.42,Real
CL0112,2024-01-29,14.66,Real
CL0112,2024-01-30,9.73,Real
CL0112,2024-01-31,6.49,Real
CL0112,2024-02-01,5.87,Estimada
CL0112,2024-02-02,5.18,Real
CL0112,2024-02-03,8.79,Estimada
CL0112,2024-02-04,10.46,Real
CL0112,2024-02-05,13.34,Real
CL0112,2024-02-06,9.09,Real
CL0112,2024-02-07,7.95,Real
CL0112,2024-02-08,8.08,Real
CL0112,2024-02-09,10.9,Real
CL0112,2024-02-10,11.97,Estimada
CL0112,2024-02-11,10.12,Estimada
CL0112,2024-02-12,10.01,Real
CL0112,2024-02-13,8.74,Real
CL0112,2024-02-14,9.59,Estimada
CL0112,2024-02-15,9.27,Real
CL0112,2024-02-16,8.22,Real
CL0112,2024-02-17,11.39,Real
CL0112,2024-02-18,7.29,Real
CL0112,2024-02-19,9.3,Real
CL0112,2024-02-20,7.4,Real
CL0112,2024-02-21,12.53,Real
CL0112,2024-02-22,8.26,Real
CL0112,2024-02-23,11.76,Real
CL0112,2024-02-24,14.81,Real
CL0112,2024-02-25,12.95,Real
CL0112,2024-02-26,11.11,Real
CL0112,2024-02-27,13.22,Real
CL0112,2024-02-28,6.47,Real
CL0112,2024-02-29,9.48,Real
CL0112,2024-03-01,9.37,Real
CL0112,2024-03-02,12.34,Real
CL0112,2024-03-03,10.28,Real
CL0112,2024-03-04,13.64,Real
CL0112,2024-03-05,8.92,Estimada
CL0112,2024-03-06,7.12,Real
CL0112,2024-03-07,7.98,Real
CL0112,2024-03-08,9.66,Real
CL0112,2024-03-09,11.83,Real
CL0112,2024-03-10,8.97,Real
CL0112,2024-03-11,6.13,Real
CL0112,2024-03-12,4.05,Real
CL0112,2024-03-13,7.27,Real
CL0112,2024-03-14,4.42,Real
CL0112,2024-03-15,7.79,Real
CL0112,2024-03-16,9.13,Real
CL0112,2024-03-17,6.21,Real
CL0112,2024-03-18,7.78,Real
CL0112,2024-03-19,5.96,Real
CL0112,2024-03-20,5.02,Real
CL0112,2024-03-21,4.68,Real
CL0112,2024-03-22,5.86,Real
CL0112,2024-03-23,7.78,Estimada
CL0112,2024-03-24,10.9,Estimada
CL0112,2024-03-25,7.8,Real
CL0112,2024-03-26,11.75,Real
CL0112,2024-03-27,6.95,Real
CL0112,2024-03-28,7.88,Real
CL0112,2024-03-29,8.6,Real
CL0112,2024-03-30,10.29,Real
CL0112,2024-03-31,11.43,Real
CL0112,2024-04-01,9.81,Real
CL0112,2024-04-02,7.91,Real
CL0112,2024-04-03,11.91,Real
CL0112,2024-04-04,11.19,Real
CL0112,2024-04-05,7.31,Real
CL0112,2024-04-06,14.39,Real
CL0112,2024-04-07,8.35,Real
CL0112,2024-04-08,8.67,Real
CL0112,2024-04-09,14.16,Real
CL0112,2024-04-10,5.61,Real
CL0112,2024-04-11,5.43,Real
CL0112,2024-04-12,6.58,Real
CL0112,2024-04-13,9.51,Real
CL0112,2024-04-14,9.25,Real
CL0112,2024-04-15,8.51,Estimada
CL0112,2024-04-16,7.76,Real
CL0112,2024-04-17,2.61,Real
CL0112,2024-04-18,10.62,Real
CL0112,2024-04-19,3.29,Estimada
CL0112,2024-04-20,13.99,Real
CL0112,2024-04-21,13.58,Real
CL0112,2024-04-22,4.97,Real
CL0112,2024-04-23,8.04,Real
CL0112,2024-04-24,5.75,Real
CL0112,2024-04-25,2.46,Estimada
CL0112,2024-04-26,7.13,Real
CL0112,2024-04-27,11.59,Real
CL0112,2024-04-28,10.21,Real
CL0112,2024-04-29,9.58,Real
CL0112,2024-04-30,9.2,Real
CL0112,2024-05-01,7.23,Real
CL0112,2024-05-02,11.22,Real
CL0112,2024-05-03,6.5,Real
CL0112,2024-05-04,15.3,Real
CL0112,2024-05-05,12.35,Real
CL0112,2024-05-06,10.47,Real
CL0112,2024-05-07,10.95,Real
CL0112,2024-05-08,9.92,Real
CL0112,2024-05-09,6.82,Real
CL0112,2024-05-10,7.0,Real
CL0112,2024-05-11,12.79,Real
CL0112,2024-05-12,12.22,Real
CL0112,2024-05-13,9.92,Real
CL0112,2024-05-14,14.2,Real
CL0112,2024-05-15,13.57,Estimada
CL0112,2024-05-16,11.22,Real
CL0112,2024-05-17,11.35,Real
CL0112,2024-05-18,10.59,Real
CL0112,2024-05-19,14.33,Real
CL0112,2024-05-20,7.65,Real
CL0112,2024-05-21,11.2,Real
CL0112,2024-05-22,3.56,Real
CL0112,2024-05-23,11.38,Real
CL0112,2024-05-24,4.34,Estimada
CL0112,2024-05-25,4.6,Real
CL0112,2024-05-26,14.65,Real
CL0112,2024-05-27,7.0,Estimada
CL0112,2024-05-28,7.69,Estimada
CL0112,2024-05-29,10.62,Real
CL0112,2024-05-30,9.65,Real
CL0112,2024-05-31,4.46,Real
CL0112,2024-06-01,18.07,Real
CL0112,2024-06-02,11.53,Real
CL0112,2024-06-03,12.62,Real
CL0112,2024-06-04,12.12,Real
CL0112,2024-06-05,14.73,Real
CL0112,2024-06-06,11.25,Real
CL0112,2024-06-07,10.57,Real
CL0112,2024-06-08,18.0,Real
CL0112,2024-06-09,16.96,Real
CL0112,2024-06-10,8.58,Real
CL0112,2024-06-11,14.5,Real
CL0112,2024-06-12,12.43,Real
CL0112,2024-06-13,13.99,Real
CL0112,2024-06-14,15.02,Real
CL0112,2024-06-15,16.05,Real
CL0112,2024-06-16,18.75,Real
CL0112,2024-06-17,13.53,Real
CL0112,2024-06-18,8.92,Real
CL0112,2024-06-19,10.89,Real
CL0112,2024-06-20,11.67,Real
CL0112,2024-06-21,11.47,Real
CL0112,2024-06-22,20.44,Real
CL0112,2024-06-23,15.89,Real
CL0112,2024-06-24,12.93,Real
CL0112,2024-06-25,14.03,Estimada
CL0112,2024-06-26,7.9,Real
CL0112,2024-06-27,11.53,Real
CL0112,2024-06-28,11.55,Real
CL0113,2024-01-01,8.08,Real
CL0113,2024-01-02,6.21,Real
CL0113,2024-01-03,9.8,Real
CL0113,2024-01-04,5.54,Real
CL0113,2024-01-05,7.39,Real
CL0113,2024-01-06,8.68,Real
CL0113,2024-01-07,11.16,Real
CL0113,2024-01-08,6.75,Real
CL0113,2024-01-09,7.32,Estimada
CL0113,2024-01-10,6.47,Real
CL0113,2024-01-11,5.63,Real
CL0113,2024-01-12,9.67,Real
CL0113,2024-01-13,9.97,Real
CL0113,2024-01-14,8.79,Real
CL0113,2024-01-15,6.38,Real
CL0113,2024-01-16,9.62,Real
CL0113,2024-01-17,7.16,Real
CL0113,2024-01-18,4.89,Real
CL0113,2024-01-19,5.65,Real
CL0113,2024-01-20,7.73,Real
CL0113,2024-01-21,11.49,Real
CL0113,2024-01-22,4.69,Real
CL0113,2024-01-23,5.18,Real
CL0113,2024-01-24,9.44,Real
CL0113,2024-01-25,7.08,Real
CL0113,2024-01-26,6.74,Real
CL0113,2024-01-27,10.72,Real
CL0113,2024-01-28,10.65,Real
CL0113,2024-01-29,9.35,Real
CL0113,2024-01-30,7.91,Real
CL0113,2024-01-31,9.05,Estimada
CL0113,2024-02-01,3.1,Real
CL0113,2024-02-02,9.21,Real
CL0113,2024-02-03,7.71,Real
CL0113,2024-02-04,9.59,Real
CL0113,2024-02-05,3.44,Real
CL0113,2024-02-06,4.79,Real
CL0113,2024-02-07,6.63,Real
CL0113,2024-02-08,6.17,Real
CL0113,2024-02-09,9.5,Real
CL0113,2024-02-10,10.34,Estimada
CL0113,2024-02-11,8.98,Real
CL0113,2024-02-12,8.38,Real
CL0113,2024-02-13,7.13,Real
CL0113,2024-02-14,6.46,Real
CL0113,2024-02-15,3.23,Real
CL0113,2024-02-16,6.27,Real
CL0113,2024-02-17,8.15,Real
CL0113,2024-02-18,9.78,Real
CL0113,2024-02-19,11.72,Estimada
CL0113,2024-02-20,4.56,Real
CL0113,2024-02-21,8.14,Estimada
CL0113,2024-02-22,6.98,Real
CL0113,2024-02-23,3.02,Real
CL0113,2024-02-24,9.05,Real
CL0113,2024-02-25,10.54,Real
CL0113,2024-02-26,5.57,Real
CL0113,2024-02-27,6.76,Real
CL0113,2024-02-28,7.73,Real
CL0113,2024-02-29,9.76,Real
CL0113,2024-03-01,6.02,Real
CL0113,2024-03-02,11.39,Real
CL0113,2024-03-03,8.61,Real
CL0113,2024-03-04,1.61,Real
CL0113,2024-03-05,7.01,Real
CL0113,2024-03-06,6.77,Estimada
CL0113,2024-03-07,5.3,Real
CL0113,2024-03-08,6.16,Real
CL0113,2024-03-09,4.12,Real
CL0113,2024-03-10,4.65,Real
CL0113,2024-03-11,7.01,Real
CL0113,2024-03-12,2.41,Real
CL0113,2024-03-13,2.13,Real
CL0113,2024-03-14,5.2,Real
CL0113,2024-03-15,6.34,Real
CL0113,2024-03-16,10.36,Real
CL0113,2024-03-17,8.83,Real
CL0113,2024-03-18,2.44,Real
CL0113,2024-03-19,6.74,Real
CL0113,2024-03-20,4.53,Real
CL0113,2024-03-21,6.2,Estimada
CL0113,2024-03-22,6.4,Real
CL0113,2024-03-23,8.0,Real
CL0113,2024-03-24,9.48,Estimada
CL0113,2024-03-25,4.05,Real
CL0113,2024-03-26,1.81,Real
CL0113,2024-03-27,4.07,Real
CL0113,2024-03-28,5.31,Real
CL0113,2024-03-29,1.64,Real
CL0113,2024-03-30,6.38,Real
CL0113,2024-03-31,8.82,Real
CL0113,2024-04-01,6.46,Real
CL0113,2024-04-02,5.94,Real
CL0113,2024-04-03,7.98,Real
CL0113,2024-04-04,4.62,Real
CL0113,2024-04-05,3.58,Real
CL0113,2024-04-06,9.74,Real
CL0113,2024-04-07,8.34,Real
CL0113,2024-04-08,3.9,Real
CL0113,2024-04-09,5.95,Real
CL0113,2024-04-10,5.73,Real
CL0113,2024-04-11,5.07,Real
CL0113,2024-04-12,2.52,Real
CL0113,2024-04-13,7.52,Real
CL0113,2024-04-14,5.47,Real
CL0113,2024-04-15,4.58,Real
CL0113,2024-04-16,2.64,Real
CL0113,2024-04-17,1.92,Real
CL0113,2024-04-18,3.82,Real
CL0113,2024-04-19,6.83,Real
CL0113,2024-04-20,6.45,Real
CL0113,2024-04-21,12.55,Real
CL0113,2024-04-22,4.81,Estimada
CL0113,2024-04-23,7.22,Real
CL0113,2024-04-24,6.39,Real
CL0113,2024-04-25,6.08,Real
CL0113,2024-04-26,8.15,Real
CL0113,2024-04-27,11.74,Estimada
CL0113,2024-04-28,9.09,Real
CL0113,2024-04-29,3.07,Real
CL0113,2024-04-30,5.74,Real
CL0113,2024-05-01,4.93,Real
CL0113,2024-05-02,8.45,Real
CL0113,2024-05-03,6.26,Real
CL0113,2024-05-04,10.31,Real
CL0113,2024-05-05,10.41,Real
CL0113,2024-05-06,7.84,Real
CL0113,2024-05-07,4.16,Estimada
CL0113,2024-05-08,5.23,Real
CL0113,2024-05-09,7.07,Real
CL0113,2024-05-10,4.1,Real
CL0113,2024-05-11,8.14,Real
CL0113,2024-05-12,14.4,Real
CL0113,2024-05-13,8.74,Estimada
CL0113,2024-05-14,5.92,Real
CL0113,2024-05-15,3.26,Real
CL0113,2024-05-16,7.8,Real
CL0113,2024-05-17,7.9,Real
CL0113,2024-05-18,7.44,Real
CL0113,2024-05-19,11.47,Real
CL0113,2024-05-20,5.87,Real
CL0113,2024-05-21,9.48,Real
CL0113,2024-05-22,6.62,Real
CL0113,2024-05-23,5.88,Real
CL0113,2024-05-24,5.49,Real
CL0113,2024-05-25,8.15,Real
CL0113,2024-05-26,7.8,Real
CL0113,2024-05-27,4.07,Real
CL0113,2024-05-28,6.46,Estimada
CL0113,2024-05-29,8.14,Real
CL0113,2024-05-30,9.95,Real
CL0113,2024-05-31,7.05,Real
CL0113,2024-06-01,12.19,Real
CL0113,2024-06-02,9.95,Real
CL0113,2024-06-03,5.87,Estimada
CL0113,2024-06-04,5.0,Real
CL0113,2024-06-05,6.31,Real
CL0113,2024-06-06,12.58,Real
CL0113,2024-06-07,7.66,Real
CL0113,2024-06-08,13.26,Estimada
CL0113,2024-06-09,13.97,Real
CL0113,2024-06-10,8.91,Real
CL0113,2024-06-11,7.66,Real
CL0113,2024-06-12,7.61,Real
CL0113,2024-06-13,7.6,Real
CL0113,2024-06-14,8.63,Real
CL0113,2024-06-15,14.15,Real
CL0113,2024-06-16,10.23,Real
CL0113,2024-06-17,10.57,Real
CL0113,2024-06-18,9.34,Real
CL0113,2024-06-19,9.3,Real
CL0113,2024-06-20,6.24,Real
CL0113,2024-06-21,11.76,Real
CL0113,2024-06-22,10.38,Real
CL0113,2024-06-23,12.09,Real
CL0113,2024-06-24,8.3,Real
CL0113,2024-06-25,9.69,Real
CL0113,2024-06-26,9.81,Real
CL0113,2024-06-27,8.85,Real
CL0113,2024-06-28,9.6,Real
CL0114,2024-01-01,53.99,Real
CL0114,2024-01-02,54.0,Real
CL0114,2024-01-03,41.26,Real
CL0114,2024-01-04,25.32,Real
CL0114,2024-01-05,58.97,Real
CL0114,2024-01-06,32.08,Real
CL0114,2024-01-07,28.56,Real
CL0114,2024-01-08,46.53,Real
CL0114,2024-01-09,48.27,Real
CL0114,2024-01-10,41.12,Real
CL0114,2024-01-11,43.95,Real
CL0114,2024-01-12,31.46,Real
CL0114,2024-01-13,39.5,Estimada
CL0114,2024-01-14,28.03,Real
CL0114,2024-01-15,46.98,Real
CL0114,2024-01-16,43.95,Real
CL0114,2024-01-17,39.31,Real
CL0114,2024-01-18,42.73,Real
CL0114,2024-01-19,45.8,Estimada
CL0114,2024-01-20,17.13,Real
CL0114,2024-01-21,38.89,Real
CL0114,2024-01-22,45.35,Real
CL0114,2024-01-23,44.13,Estimada
CL0114,2024-01-24,28.02,Real
CL0114,2024-01-25,50.29,Real
CL0114,2024-01-26,30.72,Real
CL0114,2024-01-27,50.06,Real
CL0114,2024-01-28,38.15,Real
CL0114,2024-01-29,44.77,Real
CL0114,2024-01-30,42.64,Real
CL0114,2024-01-31,58.82,Real
CL0114,2024-02-01,29.56,Real
CL0114,2024-02-02,36.51,Real
CL0114,2024-02-03,22.59,Real
CL0114,2024-02-04,3.6,Real
CL0114,2024-02-05,44.86,Real
CL0114,2024-02-06,36.99,Real
CL0114,2024-02-07,40.91,Real
CL0114,2024-02-08,60.0,Real
CL0114,2024-02-09,32.4,Estimada
CL0114,2024-02-10,32.52,Real
CL0114,2024-02-11,11.84,Real
CL0114,2024-02-12,28.94,Real
CL0114,2024-02-13,30.1,Real
CL0114,2024-02-14,37.69,Real
CL0114,2024-02-15,28.88,Real
CL0114,2024-02-16,35.21,Real
CL0114,2024-02-17,38.33,Real
CL0114,2024-02-18,35.68,Estimada
CL0114,2024-02-19,38.94,Real
CL0114,2024-02-20,27.15,Estimada
CL0114,2024-02-21,39.89,Real
CL0114,2024-02-22,52.99,Estimada
CL0114,2024-02-23,30.0,Estimada
CL0114,2024-02-24,19.27,Real
CL0114,2024-02-25,36.75,Real
CL0114,2024-02-26,48.08,Real
CL0114,2024-02-27,51.6,Real
CL0114,2024-02-28,39.36,Real
CL0114,2024-02-29,35.74,Real
CL0114,2024-03-01,28.81,Real
CL0114,2024-03-02,24.01,Real
CL0114,2024-03-03,16.46,Real
CL0114,2024-03-04,26.18,Real
CL0114,2024-03-05,32.57,Real
CL0114,2024-03-06,29.22,Real
CL0114,2024-03-07,25.21,Real
CL0114,2024-03-08,44.73,Real
CL0114,2024-03-09,33.83,Real
CL0114,2024-03-10,24.81,Real
CL0114,2024-03-11,44.78,Real
CL0114,2024-03-12,46.94,Real
CL0114,2024-03-13,42.12,Real
CL0114,2024-03-14,41.85,Real
CL0114,2024-03-15,46.57,Real
CL0114,2024-03-16,7.85,Real
CL0114,2024-03-17,26.48,Estimada
CL0114,2024-03-18,42.78,Real
CL0114,2024-03-19,14.32,Estimada
CL0114,2024-03-20,47.46,Real
CL0114,2024-03-21,43.65,Real
CL0114,2024-03-22,27.29,Real
CL0114,2024-03-23,0.9,Estimada
CL0114,2024-03-24,27.14,Real
CL0114,2024-03-25,42.51,Real
CL0114,2024-03-26,37.28,Real
CL0114,2024-03-27,32.91,Real
CL0114,2024-03-28,5.22,Real
CL0114,2024-03-29,37.08,Real
CL0114,2024-03-30,31.26,Real
CL0114,2024-03-31,23.98,Real
CL0114,2024-04-01,38.63,Real
CL0114,2024-04-02,27.92,Real
CL0114,2024-04-03,41.99,Real
CL0114,2024-04-04,27.58,Real
CL0114,2024-04-05,22.54,Real
CL0114,2024-04-06,33.61,Real
CL0114,2024-04-07,18.82,Real
CL0114,2024-04-08,35.41,Real
CL0114,2024-04-09,30.22,Real
CL0114,2024-04-10,33.1,Real
CL0114,2024-04-11,36.63,Real
CL0114,2024-04-12,33.77,Estimada
CL0114,2024-04-13,43.62,Real
CL0114,2024-04-14,22.63,Real
CL0114,2024-04-15,24.79,Real
CL0114,2024-04-16,38.13,Real
CL0114,2024-04-17,39.32,Real
CL0114,2024-04-18,43.16,Real
CL0114,2024-04-19,37.92,Real
CL0114,2024-04-20,22.42,Real
CL0114,2024-04-21,26.32,Real
CL0114,2024-04-22,27.75,Real
CL0114,2024-04-23,30.59,Real
CL0114,2024-04-24,22.1,Real
CL0114,2024-04-25,24.72,Estimada
CL0114,2024-04-26,33.75,Real
CL0114,2024-04-27,17.44,Real
CL0114,2024-04-28,16.78,Real
CL0114,2024-04-29,36.73,Real
CL0114,2024-04-30,40.65,Real
CL0114,2024-05-01,37.35,Real
CL0114,2024-05-02,38.01,Estimada
CL0114,2024-05-03,45.44,Real
CL0114,2024-05-04,40.02,Real
CL0114,2024-05-05,20.6,Real
CL0114,2024-05-06,17.27,Real
CL0114,2024-05-07,32.71,Real
CL0114,2024-05-08,47.86,Real
CL0114,2024-05-09,25.5,Real
CL0114,2024-05-10,54.6,Real
CL0114,2024-05-11,13.01,Real
CL0114,2024-05-12,47.54,Real
CL0114,2024-05-13,33.25,Real
CL0114,2024-05-14,49.0,Real
CL0114,2024-05-15,46.04,Real
CL0114,2024-05-16,26.53,Real
CL0114,2024-05-17,35.19,Real
CL0114,2024-05-18,21.33,Estimada
CL0114,2024-05-19,8.97,Estimada
CL0114,2024-05-20,32.84,Real
CL0114,2024-05-21,55.51,Real
CL0114,2024-05-22,32.93,Real
CL0114,2024-05-23,56.41,Real
CL0114,2024-05-24,43.93,Real
CL0114,2024-05-25,44.38,Real
CL0114,2024-05-26,33.54,Real
CL0114,2024-05-27,41.14,Real
CL0114,2024-05-28,51.67,Real
CL0114,2024-05-29,43.1,Real
CL0114,2024-05-30,33.84,Estimada
CL0114,2024-05-31,42.32,Real
CL0114,2024-06-01,32.57,Real
CL0114,2024-06-02,36.0,Real
CL0114,2024-06-03,48.79,Real
CL0114,2024-06-04,50.6,Real
CL0114,2024-06-05,50.02,Estimada
CL0114,2024-06-06,53.42,Real
CL0114,2024-06-07,53.75,Real
CL0114,2024-06-08,31.09,Real
CL0114,2024-06-09,34.57,Real
CL0114,2024-06-10,49.55,Estimada
CL0114,2024-06-11,41.02,Real
CL0114,2024-06-12,63.69,Real
CL0114,2024-06-13,64.27,Real
CL0114,2024-06-14,40.16,Estimada
CL0114,2024-06-15,39.95,Real
CL0114,2024-06-16,44.15,Real
CL0114,2024-06-17,63.3,Real
CL0114,2024-06-18,62.33,Real
CL0114,2024-06-19,40.71,Real
CL0114,2024-06-20,47.8,Real
CL0114,2024-06-21,37.94,Real
CL0114,2024-06-22,47.19,Real
CL0114,2024-06-23,35.14,Real
CL0114,2024-06-24,42.12,Real
CL0114,2024-06-25,62.49,Estimada
CL0114,2024-06-26,59.79,Real
CL0114,2024-06-27,41.37,Real
CL0114,2024-06-28,65.83,Real
CL0115,2024-01-01,23.83,Estimada
CL0115,2024-01-02,11.03,Real
CL0115,2024-01-03,20.99,Real
CL0115,2024-01-04,16.98,Real
CL0115,2024-01-05,24.75,Real
CL0115,2024-01-06,25.41,Real
CL0115,2024-01-07,21.08,Real
CL0115,2024-01-08,27.77,Real
CL0115,2024-01-09,17.92,Real
CL0115,2024-01-10,24.39,Real
CL0115,2024-01-11,19.89,Real
CL0115,2024-01-12,19.79,Real
CL0115,2024-01-13,30.06,Real
CL0115,2024-01-14,33.25,Real
CL0115,2024-01-15,20.26,Real
CL0115,2024-01-16,6.16,Real
CL0115,2024-01-17,22.06,Real
CL0115,2024-01-18,18.71,Real
CL0115,2024-01-19,18.94,Real
CL0115,2024-01-20,32.25,Real
CL0115,2024-01-21,32.93,Real
CL0115,2024-01-22,19.62,Real
CL0115,2024-01-23,14.21,Real
CL0115,2024-01-24,10.1,Real
CL0115,2024-01-25,21.75,Real
CL0115,2024-01-26,16.21,Real
CL0115,2024-01-27,20.11,Real
CL0115,2024-01-28,24.7,Real
CL0115,2024-01-29,29.53,Real
CL0115,2024-01-30,8.62,Real
CL0115,2024-01-31,20.9,Real
CL0115,2024-02-01,8.45,Real
CL0115,2024-02-02,20.29,Real
CL0115,2024-02-03,21.38,Real
CL0115,2024-02-04,11.31,Real
CL0115,2024-02-05,15.86,Real
CL0115,2024-02-06,12.18,Real
CL0115,2024-02-07,13.78,Real
CL0115,2024-02-08,20.56,Estimada
CL0115,2024-02-09,16.51,Real
CL0115,2024-02-10,26.69,Real
CL0115,2024-02-11,25.28,Real
CL0115,2024-02-12,17.2,Real
CL0115,2024-02-13,17.59,Real
CL0115,2024-02-14,22.64,Real
CL0115,2024-02-15,16.59,Real
CL0115,2024-02-16,13.8,Real
CL0115,2024-02-17,25.35,Real
CL0115,2024-02-18,27.59,Estimada
CL0115,2024-02-19,24.86,Real
CL0115,2024-02-20,11.85,Real
CL0115,2024-02-21,13.82,Real
CL0115,2024-02-22,20.41,Real
CL0115,2024-02-23,10.37,Real
CL0115,2024-02-24,21.68,Real
CL0115,2024-02-25,17.8,Real
CL0115,2024-02-26,15.21,Real
CL0115,2024-02-27,20.11,Real
CL0115,2024-02-28,18.48,Real
CL0115,2024-02-29,18.77,Real
CL0115,2024-03-01,13.75,Real
CL0115,2024-03-02,27.93,Real
CL0115,2024-03-03,17.03,Real
CL0115,2024-03-04,16.28,Real
CL0115,2024-03-05,25.22,Real
CL0115,2024-03-06,11.49,Real
CL0115,2024-03-07,7.96,Real
CL0115,2024-03-08,17.5,Real
CL0115,2024-03-09,24.35,Real
CL0115,2024-03-10,16.74,Real
CL0115,2024-03-11,15.22,Real
CL0115,2024-03-12,5.06,Real
CL0115,2024-03-13,14.33,Real
CL0115,2024-03-14,20.39,Real
CL0115,2024-03-15,16.62,Real
CL0115,2024-03-16,15.65,Estimada
CL0115,2024-03-17,23.18,Real
CL0115,2024-03-18,11.11,Real
CL0115,2024-03-19,12.23,Real
CL0115,2024-03-20,7.88,Real
CL0115,2024-03-21,15.91,Real
CL0115,2024-03-22,28.09,Real
CL0115,2024-03-23,25.85,Estimada
CL0115,2024-03-24,20.56,Real
CL0115,2024-03-25,16.88,Real
CL0115,2024-03-26,9.54,Real
CL0115,2024-03-27,7.67,Real
CL0115,2024-03-28,12.61,Real
CL0115,2024-03-29,19.64,Real
CL0115,2024-03-30,28.98,Real
CL0115,2024-03-31,17.7,Estimada
CL0115,2024-04-01,9.66,Real
CL0115,2024-04-02,9.66,Real
CL0115,2024-04-03,14.71,Real
CL0115,2024-04-04,7.72,Real
CL0115,2024-04-05,18.57,Real
CL0115,2024-04-06,7.35,Real
CL0115,2024-04-07,22.46,Real
CL0115,2024-04-08,17.21,Real
CL0115,2024-04-09,13.44,Real
CL0115,2024-04-10,13.83,Real
CL0115,2024-04-11,17.75,Real
CL0115,2024-04-12,13.65,Real
CL0115,2024-04-13,27.75,Real
CL0115,2024-04-14,21.04,Real
CL0115,2024-04-15,12.2,Real
CL0115,2024-04-16,14.56,Real
CL0115,2024-04-17,22.01,Real
CL0115,2024-04-18,22.95,Real
CL0115,2024-04-19,11.29,Estimada
CL0115,2024-04-20,15.15,Real
CL0115,2024-04-21,25.44,Real
CL0115,2024-04-22,9.12,Real
CL0115,2024-04-23,5.13,Real
CL0115,2024-04-24,12.5,Real
CL0115,2024-04-25,16.6,Real
CL0115,2024-04-26,12.59,Real
CL0115,2024-04-27,23.05,Estimada
CL0115,2024-04-28,21.13,Real
CL0115,2024-04-29,14.4,Real
CL0115,2024-04-30,15.09,Real
CL0115,2024-05-01,22.12,Real
CL0115,2024-05-02,13.98,Real
CL0115,2024-05-03,24.1,Real
CL0115,2024-05-04,23.63,Real
CL0115,2024-05-05,35.12,Real
CL0115,2024-05-06,11.81,Estimada
CL0115,2024-05-07,9.22,Real
CL0115,2024-05-08,13.84,Real
CL0115,2024-05-09,7.67,Real
CL0115,2024-05-10,17.72,Real
CL0115,2024-05-11,27.71,Real
CL0115,2024-05-12,26.17,Real
CL0115,2024-05-13,16.68,Estimada
CL0115,2024-05-14,15.13,Real
CL0115,2024-05-15,26.28,Real
CL0115,2024-05-16,7.49,Real
CL0115,2024-05-17,6.36,Real
CL0115,2024-05-18,29.28,Real
CL0115,2024-05-19,30.31,Real
CL0115,2024-05-20,17.67,Real
CL0115,2024-05-21,21.29,Real
CL0115,2024-05-22,28.9,Real
CL0115,2024-05-23,22.24,Real
CL0115,2024-05-24,22.23,Real
CL0115,2024-05-25,32.2,Real
CL0115,2024-05-26,29.1,Real
CL0115,2024-05-27,19.0,Real
CL0115,2024-05-28,17.43,Real
CL0115,2024-05-29,20.42,Real
CL0115,2024-05-30,9.67,Real
CL0115,2024-05-31,22.44,Real
CL0115,2024-06-01,45.62,Real
CL0115,2024-06-02,35.32,Estimada
CL0115,2024-06-03,21.88,Real
CL0115,2024-06-04,30.45,Real
CL0115,2024-06-05,18.05,Real
CL0115,2024-06-06,24.09,Real
CL0115,2024-06-07,17.47,Real
CL0115,2024-06-08,28.63,Real
CL0115,2024-06-09,29.06,Real
CL0115,2024-06-10,22.02,Real
CL0115,2024-06-11,25.45,Real
CL0115,2024-06-12,18.64,Real
CL0115,2024-06-13,18.97,Real
CL0115,2024-06-14,11.08,Real
CL0115,2024-06-15,27.04,Real
CL0115,2024-06-16,29.72,Real
CL0115,2024-06-17,25.18,Real
CL0115,2024-06-18,21.24,Real
CL0115,2024-06-19,17.56,Real
CL0115,2024-06-20,18.79,Real
CL0115,2024-06-21,21.92,Estimada
CL0115,2024-06-22,28.93,Real
CL0115,2024-06-23,30.43,Real
CL0115,2024-06-24,30.13,Real
CL0115,2024-06-25,20.55,Real
CL0115,2024-06-26,15.32,Real
CL0115,2024-06-27,29.97,Real
CL0115,2024-06-28,29.99,Real
CL0116,2024-01-01,30.29,Estimada
CL0116,2024-01-02,46.35,Real
CL0116,2024-01-03,32.11,Real
CL0116,2024-01-04,9.09,Real
CL0116,2024-01-05,38.5,Real
CL0116,2024-01-06,18.66,Real
CL0116,2024-01-07,34.99,Real
CL0116,2024-01-08,46.79,Real
CL0116,2024-01-09,20.95,Real
CL0116,2024-01-10,36.27,Real
CL0116,2024-01-11,41.55,Real
CL0116,2024-01-12,37.31,Real
CL0116,2024-01-13,29.89,Real
CL0116,2024-01-14,18.24,Real
CL0116,2024-01-15,34.19,Real
CL0116,2024-01-16,31.39,Real
CL0116,2024-01-17,32.71,Real
CL0116,2024-01-18,42.17,Estimada
CL0116,2024-01-19,35.6,Real
CL0116,2024-01-20,52.37,Real
CL0116,2024-01-21,31.9,Estimada
CL0116,2024-01-22,28.38,Estimada
CL0116,2024-01-23,43.99,Real
CL0116,2024-01-24,25.03,Real
CL0116,2024-01-25,22.54,Real
CL0116,2024-01-26,46.43,Real
CL0116,2024-01-27,32.85,Real
CL0116,2024-01-28,16.1,Real
CL0116,2024-01-29,36.1,Real
CL0116,2024-01-30,29.97,Real
CL0116,2024-01-31,49.0,Real
CL0116,2024-02-01,30.48,Real
CL0116,2024-02-02,42.72,Real
CL0116,2024-02-03,30.99,Real
CL0116,2024-02-04,19.05,Real
CL0116,2024-02-05,32.26,Real
CL0116,2024-02-06,25.49,Real
CL0116,2024-02-07,22.94,Real
CL0116,2024-02-08,24.41,Real
CL0116,2024-02-09,26.01,Real
CL0116,2024-02-10,34.07,Real
CL0116,2024-02-11,18.61,Real
CL0116,2024-02-12,38.54,Estimada
CL0116,2024-02-13,21.32,Real
CL0116,2024-02-14,27.68,Real
CL0116,2024-02-15,39.47,Real
CL0116,2024-02-16,39.8,Real
CL0116,2024-02-17,24.46,Real
CL0116,2024-02-18,23.82,Real
CL0116,2024-02-19,42.82,Real
CL0116,2024-02-20,42.04,Real
CL0116,2024-02-21,39.97,Real
CL0116,2024-02-22,27.52,Estimada
CL0116,2024-02-23,33.05,Real
CL0116,2024-02-24,20.78,Real
CL0116,2024-02-25,17.93,Estimada
CL0116,2024-02-26,53.2,Real
CL0116,2024-02-27,36.74,Real
CL0116,2024-02-28,30.08,Real
CL0116,2024-02-29,39.98,Real
CL0116,2024-03-01,14.35,Real
CL0116,2024-03-02,30.95,Real
CL0116,2024-03-03,17.17,Real
CL0116,2024-03-04,39.15,Real
CL0116,2024-03-05,31.69,Real
CL0116,2024-03-06,27.78,Real
CL0116,2024-03-07,22.38,Real
CL0116,2024-03-08,12.61,Real
CL0116,2024-03-09,43.47,Real
CL0116,2024-03-10,20.29,Real
CL0116,2024-03-11,33.83,Real
CL0116,2024-03-12,18.99,Real
CL0116,2024-03-13,43.85,Real
CL0116,2024-03-14,39.07,Real
CL0116,2024-03-15,19.87,Real
CL0116,2024-03-16,24.08,Real
CL0116,2024-03-17,8.55,Estimada
CL0116,2024-03-18,47.41,Real
CL0116,2024-03-19,34.97,Real
CL0116,2024-03-20,33.91,Real
CL0116,2024-03-21,24.86,Estimada
CL0116,2024-03-22,34.65,Real
CL0116,2024-03-23,16.05,Real
CL0116,2024-03-24,5.91,Estimada
CL0116,2024-03-25,30.44,Real
CL0116,2024-03-26,44.4,Real
CL0116,2024-03-27,30.51,Real
CL0116,2024-03-28,37.53,Real
CL0116,2024-03-29,38.4,Real
CL0116,2024-03-30,23.6,Real
CL0116,2024-03-31,10.57,Real
CL0116,2024-04-01,44.66,Real
CL0116,2024-04-02,10.66,Real
CL0116,2024-04-03,8.85,Real
CL0116,2024-04-04,34.98,Real
CL0116,2024-04-05,26.62,Real
CL0116,2024-04-06,18.5,Real
CL0116,2024-04-07,33.69,Real
CL0116,2024-04-08,44.52,Estimada
CL0116,2024-04-09,32.35,Real
CL0116,2024-04-10,34.66,Real
CL0116,2024-04-11,36.06,Real
CL0116,2024-04-12,24.11,Real
CL0116,2024-04-13,27.27,Real
CL0116,2024-04-14,12.67,Real
CL0116,2024-04-15,19.15,Real
CL0116,2024-04-16,45.58,Real
CL0116,2024-04-17,35.1,Real
CL0116,2024-04-18,52.21,Real
CL0116,2024-04-19,16.45,Real
CL0116,2024-04-20,32.77,Real
CL0116,2024-04-21,30.01,Real
CL0116,2024-04-22,45.31,Real
CL0116,2024-04-23,27.74,Real
CL0116,2024-04-24,26.87,Real
CL0116,2024-04-25,42.45,Real
CL0116,2024-04-26,31.22,Real
CL0116,2024-04-27,27.41,Real
CL0116,2024-04-28,23.2,Real
CL0116,2024-04-29,33.48,Real
CL0116,2024-04-30,45.37,Real
CL0116,2024-05-01,35.63,Estimada
CL0116,2024-05-02,39.73,Real
CL0116,2024-05-03,42.68,Real
CL0116,2024-05-04,27.43,Real
CL0116,2024-05-05,24.44,Real
CL0116,2024-05-06,37.81,Real
CL0116,2024-05-07,29.42,Real
CL0116,2024-05-08,31.98,Real
CL0116,2024-05-09,39.58,Real
CL0116,2024-05-10,43.84,Real
CL0116,2024-05-11,43.6,Real
CL0116,2024-05-12,28.77,Real
CL0116,2024-05-13,28.42,Real
CL0116,2024-05-14,34.94,Real
CL0116,2024-05-15,55.72,Real
CL0116,2024-05-16,25.67,Real
CL0116,2024-05-17,32.76,Real
CL0116,2024-05-18,22.2,Real
CL0116,2024-05-19,27.13,Real
CL0116,2024-05-20,43.35,Real
CL0116,2024-05-21,44.11,Real
CL0116,2024-05-22,47.94,Real
CL0116,2024-05-23,19.66,Real
CL0116,2024-05-24,53.74,Real
CL0116,2024-05-25,29.35,Real
CL0116,2024-05-26,26.98,Real
CL0116,2024-05-27,37.65,Real
CL0116,2024-05-28,27.28,Real
CL0116,2024-05-29,44.53,Real
CL0116,2024-05-30,28.49,Real
CL0116,2024-05-31,30.65,Real
CL0116,2024-06-01,38.27,Real
CL0116,2024-06-02,42.44,Real
CL0116,2024-06-03,44.78,Real
CL0116,2024-06-04,34.83,Real
CL0116,2024-06-05,44.08,Real
CL0116,2024-06-06,34.65,Real
CL0116,2024-06-07,47.87,Real
CL0116,2024-06-08,21.54,Real
CL0116,2024-06-09,21.69,Real
CL0116,2024-06-10,49.62,Real
CL0116,2024-06-11,50.11,Real
CL0116,2024-06-12,40.94,Real
CL0116,2024-06-13,45.11,Real
CL0116,2024-06-14,47.96,Estimada
CL0116,2024-06-15,34.01,Real
CL0116,2024-06-16,37.9,Real
CL0116,2024-06-17,44.04,Real
CL0116,2024-06-18,46.94,Real
CL0116,2024-06-19,44.51,Real
CL0116,2024-06-20,43.03,Real
CL0116,2024-06-21,45.59,Real
CL0116,2024-06-22,31.44,Real
CL0116,2024-06-23,43.37,Real
CL0116,2024-06-24,40.57,Real
CL0116,2024-06-25,50.77,Real
CL0116,2024-06-26,43.25,Real
CL0116,2024-06-27,29.36,Real
CL0116,2024-06-28,47.0,Real
CL0117,2024-01-01,19.79,Real
CL0117,2024-01-02,14.15,Real
CL0117,2024-01-03,21.66,Real
CL0117,2024-01-04,19.45,Real
CL0117,2024-01-05,16.26,Real
CL0117,2024-01-06,31.22,Real
CL0117,2024-01-07,25.07,Real
CL0117,2024-01-08,22.35,Real
CL0117,2024-01-09,18.78,Real
CL0117,2024-01-10,11.93,Real
CL0117,2024-01-11,19.59,Real
CL0117,2024-01-12,17.07,Real
CL0117,2024-01-13,28.11,Real
CL0117,2024-01-14,22.38,Real
CL0117,2024-01-15,19.05,Real
CL0117,2024-01-16,21.46,Real
CL0117,2024-01-17,19.12,Real
CL0117,2024-01-18,15.15,Real
CL0117,2024-01-19,10.84,Real
CL0117,2024-01-20,20.98,Real
CL0117,2024-01-21,27.88,Real
CL0117,2024-01-22,14.37,Real
CL0117,2024-01-23,15.99,Real
CL0117,2024-01-24,17.2,Real
CL0117,2024-01-25,17.64,Real
CL0117,2024-01-26,12.88,Real
CL0117,2024-01-27,34.38,Real
CL0117,2024-01-28,22.38,Real
CL0117,2024-01-29,15.45,Real
CL0117,2024-01-30,23.62,Real
CL0117,2024-01-31,10.94,Real
CL0117,2024-02-01,5.04,Real
CL0117,2024-02-02,8.21,Real
CL0117,2024-02-03,24.62,Real
CL0117,2024-02-04,23.7,Real
CL0117,2024-02-05,8.98,Real
CL0117,2024-02-06,15.91,Real
CL0117,2024-02-07,17.22,Real
CL0117,2024-02-08,8.7,Real
CL0117,2024-02-09,11.1,Estimada
CL0117,2024-02-10,23.89,Real
CL0117,2024-02-11,21.06,Real
CL0117,2024-02-12,14.88,Real
CL0117,2024-02-13,10.52,Real
CL0117,2024-02-14,18.16,Real
CL0117,2024-02-15,11.85,Real
CL0117,2024-02-16,12.58,Real
CL0117,2024-02-17,15.3,Real
CL0117,2024-02-18,25.25,Real
CL0117,2024-02-19,13.12,Real
CL0117,2024-02-20,20.16,Real
CL0117,2024-02-21,21.12,Estimada
CL0117,2024-02-22,9.85,Real
CL0117,2024-02-23,6.08,Real
CL0117,2024-02-24,21.0,Real
CL0117,2024-02-25,26.59,Real
CL0117,2024-02-26,9.49,Real
CL0117,2024-02-27,19.17,Real
CL0117,2024-02-28,7.85,Real
CL0117,2024-02-29,10.91,Real
CL0117,2024-03-01,10.77,Real
CL0117,2024-03-02,18.03,Real
CL0117,2024-03-03,18.66,Real
CL0117,2024-03-04,14.36,Real
CL0117,2024-03-05,12.98,Estimada
CL0117,2024-03-06,15.16,Real
CL0117,2024-03-07,4.32,Real
CL0117,2024-03-08,12.17,Real
CL0117,2024-03-09,14.18,Real
CL0117,2024-03-10,7.1,Real
CL0117,2024-03-11,9.38,Real
CL0117,2024-03-12,6.73,Estimada
CL0117,2024-03-13,17.18,Real
CL0117,2024-03-14,11.15,Real
CL0117,2024-03-15,9.42,Real
CL0117,2024-03-16,12.53,Real
CL0117,2024-03-17,13.49,Real
CL0117,2024-03-18,15.63,Real
CL0117,2024-03-19,12.97,Real
CL0117,2024-03-20,10.55,Real
CL0117,2024-03-21,7.5,Real
CL0117,2024-03-22,7.8,Real
CL0117,2024-03-23,15.47,Real
CL0117,2024-03-24,10.46,Real
CL0117,2024-03-25,9.67,Real
CL0117,2024-03-26,5.36,Real
CL0117,2024-03-27,15.51,Real
CL0117,2024-03-28,15.09,Real
CL0117,2024-03-29,12.64,Real
CL0117,2024-03-30,20.91,Real
CL0117,2024-03-31,12.66,Real
CL0117,2024-04-01,8.45,Real
CL0117,2024-04-02,17.82,Real
CL0117,2024-04-03,19.01,Real
CL0117,2024-04-04,14.55,Real
CL0117,2024-04-05,17.25,Real
CL0117,2024-04-06,20.97,Estimada
CL0117,2024-04-07,27.7,Real
CL0117,2024-04-08,14.64,Real
CL0117,2024-04-09,19.75,Real
CL0117,2024-04-10,16.69,Real
CL0117,2024-04-11,19.22,Real
CL0117,2024-04-12,7.06,Real
CL0117,2024-04-13,19.83,Real
CL0117,2024-04-14,11.63,Real
CL0117,2024-04-15,4.7,Real
CL0117,2024-04-16,12.05,Estimada
CL0117,2024-04-17,5.65,Real
CL0117,2024-04-18,13.21,Estimada
CL0117,2024-04-19,12.91,Estimada
CL0117,2024-04-20,16.58,Real
CL0117,2024-04-21,15.85,Real
CL0117,2024-04-22,17.77,Real
CL0117,2024-04-23,17.44,Real
CL0117,2024-04-24,13.98,Real
CL0117,2024-04-25,18.89,Estimada
CL0117,2024-04-26,12.28,Real
CL0117,2024-04-27,32.58,Real
CL0117,2024-04-28,18.17,Real
CL0117,2024-04-29,12.1,Real
CL0117,2024-04-30,8.97,Real
CL0117,2024-05-01,14.87,Real
CL0117,2024-05-02,7.9,Real
CL0117,2024-05-03,17.02,Real
CL0117,2024-05-04,24.35,Real
CL0117,2024-05-05,22.15,Real
CL0117,2024-05-06,22.54,Real
CL0117,2024-05-07,10.15,Real
CL0117,2024-05-08,16.51,Real
CL0117,2024-05-09,20.92,Real
CL0117,2024-05-10,20.57,Real
CL0117,2024-05-11,16.9,Real
CL0117,2024-05-12,18.61,Real
CL0117,2024-05-13,14.99,Real
CL0117,2024-05-14,16.74,Real
CL0117,2024-05-15,13.13,Estimada
CL0117,2024-05-16,16.44,Estimada
CL0117,2024-05-17,19.08,Real
CL0117,2024-05-18,20.15,Real
CL0117,2024-05-19,23.49,Real
CL0117,2024-05-20,15.4,Real
CL0117,2024-05-21,10.4,Real
CL0117,2024-05-22,13.59,Real
CL0117,2024-05-23,13.41,Real
CL0117,2024-05-24,15.25,Real
CL0117,2024-05-25,26.46,Real
CL0117,2024-05-26,23.33,Real
CL0117,2024-05-27,7.45,Real
CL0117,2024-05-28,17.28,Real
CL0117,2024-05-29,14.38,Real
CL0117,2024-05-30,23.18,Real
CL0117,2024-05-31,20.3,Real
CL0117,2024-06-01,27.11,Real
CL0117,2024-06-02,22.77,Real
CL0117,2024-06-03,23.47,Real
CL0117,2024-06-04,17.17,Real
CL0117,2024-06-05,9.51,Real
CL0117,2024-06-06,20.2,Real
CL0117,2024-06-07,23.92,Real
CL0117,2024-06-08,31.03,Real
CL0117,2024-06-09,31.7,Real
CL0117,2024-06-10,22.53,Real
CL0117,2024-06-11,7.2,Real
CL0117,2024-06-12,20.64,Real
CL0117,2024-06-13,25.22,Real
CL0117,2024-06-14,17.86,Estimada
CL0117,2024-06-15,26.85,Real
CL0117,2024-06-16,25.61,Real
CL0117,2024-06-17,17.43,Real
CL0117,2024-06-18,8.94,Real
CL0117,2024-06-19,18.44,Real
CL0117,2024-06-20,16.66,Real
CL0117,2024-06-21,26.17,Estimada
CL0117,2024-06-22,25.69,Real
CL0117,2024-06-23,30.5,Real
CL0117,2024-06-24,23.27,Real
CL0117,2024-06-25,24.48,Real
CL0117,2024-06-26,20.15,Real
CL0117,2024-06-27,23.58,Estimada
CL0117,2024-06-28,21.58,Real
CL0118,2024-01-01,8.49,Real
CL0118,2024-01-02,6.85,Real
CL0118,2024-01-03,11.03,Real
CL0118,2024-01-04,7.8,Real
CL0118,2024-01-05,4.82,Estimada
CL0118,2024-01-06,11.43,Real
CL0118,2024-01-07,12.06,Real
CL0118,2024-01-08,7.34,Real
CL0118,2024-01-09,7.64,Real
CL0118,2024-01-10,8.94,Estimada
CL0118,2024-01-11,13.59,Real
CL0118,2024-01-12,9.67,Real
CL0118,2024-01-13,14.08,Real
CL0118,2024-01-14,10.63,Real
CL0118,2024-01-15,9.58,Real
CL0118,2024-01-16,10.63,Real
CL0118,2024-01-17,8.37,Real
CL0118,2024-01-18,11.26,Real
CL0118,2024-01-19,12.47,Real
CL0118,2024-01-20,14.3,Real
CL0118,2024-01-21,13.02,Estimada
CL0118,2024-01-22,12.81,Real
CL0118,2024-01-23,7.84,Real
CL0118,2024-01-24,11.53,Real
CL0118,2024-01-25,5.84,Real
CL0118,2024-01-26,11.73,Real
CL0118,2024-01-27,15.37,Real
CL0118,2024-01-28,11.62,Real
CL0118,2024-01-29,8.46,Real
CL0118,2024-01-30,2.94,Real
CL0118,2024-01-31,6.76,Real
CL0118,2024-02-01,9.7,Real
CL0118,2024-02-02,12.61,Real
CL0118,2024-02-03,14.78,Real
CL0118,2024-02-04,10.76,Real
CL0118,2024-02-05,5.92,Real
CL0118,2024-02-06,3.84,Real
CL0118,2024-02-07,9.47,Real
CL0118,2024-02-08,7.11,Real
CL0118,2024-02-09,3.7,Real
CL0118,2024-02-10,11.93,Real
CL0118,2024-02-11,10.81,Real
CL0118,2024-02-12,8.24,Real
CL0118,2024-02-13,9.88,Real
CL0118,2024-02-14,7.03,Real
CL0118,2024-02-15,7.39,Real
CL0118,2024-02-16,5.9,Real
CL0118,2024-02-17,4.92,Real
CL0118,2024-02-18,14.76,Real
CL0118,2024-02-19,6.08,Real
CL0118,2024-02-20,9.77,Real
CL0118,2024-02-21,11.15,Real
CL0118,2024-02-22,1.37,Estimada
CL0118,2024-02-23,3.83,Real
CL0118,2024-02-24,10.13,Real
CL0118,2024-02-25,9.39,Estimada
CL0118,2024-02-26,10.99,Real
CL0118,2024-02-27,10.72,Estimada
CL0118,2024-02-28,10.54,Real
CL0118,2024-02-29,3.49,Real
CL0118,2024-03-01,4.83,Real
CL0118,2024-03-02,8.39,Real
CL0118,2024-03-03,11.46,Real
CL0118,2024-03-04,7.84,Real
CL0118,2024-03-05,9.81,Real
CL0118,2024-03-06,8.95,Real
CL0118,2024-03-07,7.0,Real
CL0118,2024-03-08,9.51,Real
CL0118,2024-03-09,14.29,Estimada
CL0118,2024-03-10,8.07,Real
CL0118,2024-03-11,6.19,Real
CL0118,2024-03-12,12.51,Real
CL0118,2024-03-13,7.64,Real
CL0118,2024-03-14,9.54,Real
CL0118,2024-03-15,9.28,Real
CL0118,2024-03-16,9.23,Real
CL0118,2024-03-17,13.11,Real
CL0118,2024-03-18,4.25,Real
CL0118,2024-03-19,8.01,Real
CL0118,2024-03-20,7.09,Real
CL0118,2024-03-21,8.14,Real
CL0118,2024-03-22,11.7,Real
CL0118,2024-03-23,8.69,Real
CL0118,2024-03-24,10.56,Real
CL0118,2024-03-25,4.72,Real
CL0118,2024-03-26,10.54,Real
CL0118,2024-03-27,6.05,Real
CL0118,2024-03-28,9.03,Real
CL0118,2024-03-29,7.73,Real
CL0118,2024-03-30,9.12,Real
CL0118,2024-03-31,10.81,Real
CL0118,2024-04-01,9.48,Real
CL0118,2024-04-02,8.65,Real
CL0118,2024-04-03,5.69,Real
CL0118,2024-04-04,10.78,Real
CL0118,2024-04-05,9.72,Real
CL0118,2024-04-06,10.36,Real
CL0118,2024-04-07,16.44,Estimada
CL0118,2024-04-08,0.93,Real
CL0118,2024-04-09,9.65,Real
CL0118,2024-04-10,6.13,Real
CL0118,2024-04-11,5.97,Real
CL0118,2024-04-12,9.6,Real
CL0118,2024-04-13,12.71,Real
CL0118,2024-04-14,9.7,Real
CL0118,2024-04-15,8.89,Real
CL0118,2024-04-16,3.63,Real
CL0118,2024-04-17,16.58,Real
CL0118,2024-04-18,8.52,Real
CL0118,2024-04-19,4.34,Real
CL0118,2024-04-20,5.09,Real
CL0118,2024-04-21,8.17,Real
CL0118,2024-04-22,5.85,Real
CL0118,2024-04-23,5.68,Real
CL0118,2024-04-24,9.29,Real
CL0118,2024-04-25,7.28,Real
CL0118,2024-04-26,6.7,Real
CL0118,2024-04-27,13.73,Real
CL0118,2024-04-28,12.25,Real
CL0118,2024-04-29,4.85,Real
CL0118,2024-04-30,9.87,Real
CL0118,2024-05-01,4.71,Real
CL0118,2024-05-02,5.95,Real
CL0118,2024-05-03,12.94,Real
CL0118,2024-05-04,11.0,Estimada
CL0118,2024-05-05,17.42,Estimada
CL0118,2024-05-06,10.97,Real
CL0118,2024-05-07,8.01,Real
CL0118,2024-05-08,10.33,Real
CL0118,2024-05-09,7.83,Real
CL0118,2024-05-10,8.89,Real
CL0118,2024-05-11,14.07,Real
CL0118,2024-05-12,11.1,Real
CL0118,2024-05-13,8.51,Estimada
CL0118,2024-05-14,11.5,Real
CL0118,2024-05-15,9.49,Real
CL0118,2024-05-16,8.01,Real
CL0118,2024-05-17,11.33,Real
CL0118,2024-05-18,18.99,Estimada
CL0118,2024-05-19,12.2,Real
CL0118,2024-05-20,7.29,Estimada
CL0118,2024-05-21,9.83,Real
CL0118,2024-05-22,15.22,Real
CL0118,2024-05-23,10.5,Real
CL0118,2024-05-24,4.67,Real
CL0118,2024-05-25,13.78,Estimada
CL0118,2024-05-26,11.43,Real
CL0118,2024-05-27,7.65,Real
CL0118,2024-05-28,5.79,Real
CL0118,2024-05-29,7.06,Real
CL0118,2024-05-30,11.1,Real
CL0118,2024-05-31,5.17,Real
CL0118,2024-06-01,15.13,Real
CL0118,2024-06-02,15.32,Real
CL0118,2024-06-03,12.39,Real
CL0118,2024-06-04,8.95,Real
CL0118,2024-06-05,12.63,Real
CL0118,2024-06-06,9.86,Real
CL0118,2024-06-07,11.91,Real
CL0118,2024-06-08,17.72,Real
CL0118,2024-06-09,15.29,Real
CL0118,2024-06-10,8.75,Real
CL0118,2024-06-11,12.97,Real
CL0118,2024-06-12,11.65,Real
CL0118,2024-06-13,14.7,Real
CL0118,2024-06-14,11.22,Real
CL0118,2024-06-15,14.32,Real
CL0118,2024-06-16,21.67,Real
CL0118,2024-06-17,8.38,Real
CL0118,2024-06-18,10.26,Real
CL0118,2024-06-19,14.41,Real
CL0118,2024-06-20,12.83,Real
CL0118,2024-06-21,13.72,Real
CL0118,2024-06-22,15.27,Real
CL0118,2024-06-23,18.34,Real
CL0118,2024-06-24,9.39,Real
CL0118,2024-06-25,11.74,Real
CL0118,2024-06-26,14.2,Real
CL0118,2024-06-27,5.78,Real
CL0118,2024-06-28,10.05,Real
CL0119,2024-01-01,7.1,Real
CL0119,2024-01-02,10.13,Real
CL0119,2024-01-03,8.4,Real
CL0119,2024-01-04,5.64,Real
CL0119,2024-01-05,11.57,Real
CL0119,2024-01-06,9.12,Real
CL0119,2024-01-07,11.13,Real
CL0119,2024-01-08,7.78,Real
CL0119,2024-01-09,6.91,Real
CL0119,2024-01-10,6.98,Real
CL0119,2024-01-11,7.07,Real
CL0119,2024-01-12,12.12,Real
CL0119,2024-01-13,12.63,Real
CL0119,2024-01-14,12.1,Real
CL0119,2024-01-15,6.01,Real
CL0119,2024-01-16,8.95,Real
CL0119,2024-01-17,6.93,Real
CL0119,2024-01-18,7.76,Real
CL0119,2024-01-19,9.41,Real
CL0119,2024-01-20,13.47,Real
CL0119,2024-01-21,12.07,Real
CL0119,2024-01-22,8.17,Real
CL0119,2024-01-23,12.27,Real
CL0119,2024-01-24,11.82,Real
CL0119,2024-01-25,8.62,Real
CL0119,2024-01-26,12.6,Real
CL0119,2024-01-27,11.72,Real
CL0119,2024-01-28,10.22,Real
CL0119,2024-01-29,8.32,Real
CL0119,2024-01-30,11.19,Estimada
CL0119,2024-01-31,6.84,Real
CL0119,2024-02-01,9.55,Real
CL0119,2024-02-02,7.74,Real
CL0119,2024-02-03,13.03,Real
CL0119,2024-02-04,11.09,Real
CL0119,2024-02-05,5.83,Real
CL0119,2024-02-06,7.96,Real
CL0119,2024-02-07,6.3,Real
CL0119,2024-02-08,4.91,Real
CL0119,2024-02-09,7.6,Estimada
CL0119,2024-02-10,12.89,Real
CL0119,2024-02-11,11.72,Real
CL0119,2024-02-12,6.34,Real
CL0119,2024-02-13,10.46,Estimada
CL0119,2024-02-14,8.02,Estimada
CL0119,2024-02-15,6.14,Real
CL0119,2024-02-16,2.15,Real
CL0119,2024-02-17,15.11,Real
CL0119,2024-02-18,13.08,Real
CL0119,2024-02-19,11.27,Real
CL0119,2024-02-20,4.91,Real
CL0119,2024-02-21,9.61,Real
CL0119,2024-02-22,8.62,Real
CL0119,2024-02-23,5.36,Real
CL0119,2024-02-24,8.19,Real
CL0119,2024-02-25,9.75,Real
CL0119,2024-02-26,9.83,Real
CL0119,2024-02-27,10.8,Real
CL0119,2024-02-28,11.68,Real
CL0119,2024-02-29,6.36,Real
CL0119,2024-03-01,6.28,Real
CL0119,2024-03-02,8.5,Real
CL0119,2024-03-03,5.74,Real
CL0119,2024-03-04,4.79,Real
CL0119,2024-03-05,9.94,Real
CL0119,2024-03-06,4.92,Real
CL0119,2024-03-07,5.48,Real
CL0119,2024-03-08,8.23,Real
CL0119,2024-03-09,10.71,Real
CL0119,2024-03-10,11.35,Estimada
CL0119,2024-03-11,7.83,Real
CL0119,2024-03-12,4.41,Real
CL0119,2024-03-13,8.3,Estimada
CL0119,2024-03-14,7.24,Real
CL0119,2024-03-15,5.73,Real
CL0119,2024-03-16,11.06,Real
CL0119,2024-03-17,13.32,Real
CL0119,2024-03-18,5.83,Real
CL0119,2024-03-19,3.93,Estimada
CL0119,2024-03-20,7.27,Real
CL0119,2024-03-21,7.6,Real
CL0119,2024-03-22,3.59,Real
CL0119,2024-03-23,5.71,Real
CL0119,2024-03-24,9.82,Real
CL0119,2024-03-25,6.15,Real
CL0119,2024-03-26,11.6,Real
CL0119,2024-03-27,3.64,Real
CL0119,2024-03-28,3.92,Real
CL0119,2024-03-29,3.69,Real
CL0119,2024-03-30,9.41,Real
CL0119,2024-03-31,8.01,Real
CL0119,2024-04-01,8.58,Real
CL0119,2024-04-02,8.31,Real
CL0119,2024-04-03,7.53,Real
CL0119,2024-04-04,7.7,Real
CL0119,2024-04-05,4.53,Real
CL0119,2024-04-06,9.84,Real
CL0119,2024-04-07,10.01,Real
CL0119,2024-04-08,8.01,Real
CL0119,2024-04-09,9.23,Real
CL0119,2024-04-10,7.21,Real
CL0119,2024-04-11,7.28,Real
CL0119,2024-04-12,8.55,Real
CL0119,2024-04-13,10.27,Real
CL0119,2024-04-14,11.71,Real
CL0119,2024-04-15,6.93,Real
CL0119,2024-04-16,5.72,Real
CL0119,2024-04-17,6.98,Real
CL0119,2024-04-18,10.98,Real
CL0119,2024-04-19,7.28,Real
CL0119,2024-04-20,14.45,Real
CL0119,2024-04-21,6.76,Real
CL0119,2024-04-22,4.79,Real
CL0119,2024-04-23,8.84,Real
CL0119,2024-04-24,6.85,Estimada
CL0119,2024-04-25,7.06,Real
CL0119,2024-04-26,6.48,Real
CL0119,2024-04-27,11.84,Real
CL0119,2024-04-28,14.34,Real
CL0119,2024-04-29,10.13,Real
CL0119,2024-04-30,10.01,Estimada
CL0119,2024-05-01,8.65,Real
CL0119,2024-05-02,7.55,Real
CL0119,2024-05-03,9.59,Real
CL0119,2024-05-04,14.13,Estimada
CL0119,2024-05-05,13.16,Real
CL0119,2024-05-06,11.22,Real
CL0119,2024-05-07,7.85,Real
CL0119,2024-05-08,10.45,Estimada
CL0119,2024-05-09,9.66,Real
CL0119,2024-05-10,12.08,Real
CL0119,2024-05-11,15.8,Real
CL0119,2024-05-12,13.97,Estimada
CL0119,2024-05-13,8.08,Real
CL0119,2024-05-14,10.43,Real
CL0119,2024-05-15,13.14,Real
CL0119,2024-05-16,9.85,Real
CL0119,2024-05-17,10.97,Real
CL0119,2024-05-18,10.78,Real
CL0119,2024-05-19,10.03,Real
CL0119,2024-05-20,6.96,Real
CL0119,2024-05-21,5.23,Real
CL0119,2024-05-22,8.61,Real
CL0119,2024-05-23,9.52,Real
CL0119,2024-05-24,11.95,Real
CL0119,2024-05-25,12.31,Real
CL0119,2024-05-26,12.29,Real
CL0119,2024-05-27,9.45,Real
CL0119,2024-05-28,6.28,Real
CL0119,2024-05-29,9.41,Real
CL0119,2024-05-30,4.8,Real
CL0119,2024-05-31,6.96,Real
CL0119,2024-06-01,17.48,Real
CL0119,2024-06-02,19.31,Real
CL0119,2024-06-03,7.93,Real
CL0119,2024-06-04,7.64,Real
CL0119,2024-06-05,16.04,Real
CL0119,2024-06-06,12.18,Estimada
CL0119,2024-06-07,12.59,Real
CL0119,2024-06-08,12.39,Real
CL0119,2024-06-09,14.91,Estimada
CL0119,2024-06-10,10.09,Real
CL0119,2024-06-11,15.12,Real
CL0119,2024-06-12,12.99,Real
CL0119,2024-06-13,3.57,Real
CL0119,2024-06-14,10.52,Estimada
CL0119,2024-06-15,16.32,Estimada
CL0119,2024-06-16,15.9,Real
CL0119,2024-06-17,9.23,Real
CL0119,2024-06-18,11.72,Real
CL0119,2024-06-19,8.05,Real
CL0119,2024-06-20,11.56,Real
CL0119,2024-06-21,8.66,Real
CL0119,2024-06-22,15.47,Real
CL0119,2024-06-23,16.86,Real
CL0119,2024-06-24,8.68,Real
CL0119,2024-06-25,8.47,Real
CL0119,2024-06-26,10.66,Real
CL0119,2024-06-27,7.97,Real
CL0119,2024-06-28,10.88,Real
CL0120,2024-01-01,18.73,Real
CL0120,2024-01-02,14.98,Real
CL0120,2024-01-03,5.78,Real
CL0120,2024-01-04,10.12,Real
CL0120,2024-01-05,14.46,Real
CL0120,2024-01-06,30.67,Real
CL0120,2024-01-07,25.92,Real
CL0120,2024-01-08,15.25,Real
CL0120,2024-01-09,14.81,Real
CL0120,2024-01-10,14.0,Real
CL0120,2024-01-11,21.68,Real
CL0120,2024-01-12,9.68,Real
CL0120,2024-01-13,15.66,Real
CL0120,2024-01-14,26.57,Real
CL0120,2024-01-15,19.99,Real
CL0120,2024-01-16,23.91,Estimada
CL0120,2024-01-17,16.74,Real
CL0120,2024-01-18,16.7,Real
CL0120,2024-01-19,22.8,Estimada
CL0120,2024-01-20,26.29,Real
CL0120,2024-01-21,24.72,Real
CL0120,2024-01-22,12.67,Real
CL0120,2024-01-23,15.45,Real
CL0120,2024-01-24,13.96,Real
CL0120,2024-01-25,10.66,Real
CL0120,2024-01-26,10.92,Real
CL0120,2024-01-27,21.1,Real
CL0120,2024-01-28,24.89,Real
CL0120,2024-01-29,15.69,Real
CL0120,2024-01-30,19.61,Real
CL0120,2024-01-31,14.23,Real
CL0120,2024-02-01,15.79,Real
CL0120,2024-02-02,12.05,Estimada
CL0120,2024-02-03,18.92,Real
CL0120,2024-02-04,21.58,Real
CL0120,2024-02-05,14.57,Real
CL0120,2024-02-06,15.36,Real
CL0120,2024-02-07,11.49,Real
CL0120,2024-02-08,15.51,Real
CL0120,2024-02-09,9.65,Real
CL0120,2024-02-10,18.06,Real
CL0120,2024-02-11,23.79,Real
CL0120,2024-02-12,16.83,Real
CL0120,2024-02-13,15.83,Real
CL0120,2024-02-14,4.87,Estimada
CL0120,2024-02-15,10.67,Real
CL0120,2024-02-16,14.85,Real
CL0120,2024-02-17,7.9,Real
CL0120,2024-02-18,9.09,Real
CL0120,2024-02-19,12.08,Real
CL0120,2024-02-20,18.56,Real
CL0120,2024-02-21,10.57,Real
CL0120,2024-02-22,6.93,Real
CL0120,2024-02-23,16.89,Real
CL0120,2024-02-24,18.47,Real
CL0120,2024-02-25,24.39,Real
CL0120,2024-02-26,12.87,Real
CL0120,2024-02-27,20.84,Real
CL0120,2024-02-28,13.16,Real
CL0120,2024-02-29,14.0,Real
CL0120,2024-03-01,12.64,Real
CL0120,2024-03-02,23.57,Real
CL0120,2024-03-03,14.51,Real
CL0120,2024-03-04,9.42,Real
CL0120,2024-03-05,9.4,Real
CL0120,2024-03-06,10.42,Real
CL0120,2024-03-07,16.43,Real
CL0120,2024-03-08,12.64,Estimada
CL0120,2024-03-09,25.64,Real
CL0120,2024-03-10,20.28,Real
CL0120,2024-03-11,12.4,Real
CL0120,2024-03-12,13.96,Real
CL0120,2024-03-13,15.28,Real
CL0120,2024-03-14,8.94,Real
CL0120,2024-03-15,14.53,Real
CL0120,2024-03-16,18.42,Estimada
CL0120,2024-03-17,18.07,Real
CL0120,2024-03-18,12.61,Real
CL0120,2024-03-19,8.28,Estimada
CL0120,2024-03-20,16.17,Estimada
CL0120,2024-03-21,20.33,Real
CL0120,2024-03-22,13.94,Real
CL0120,2024-03-23,16.61,Real
CL0120,2024-03-24,10.72,Real
CL0120,2024-03-25,5.87,Real
CL0120,2024-03-26,16.44,Real
CL0120,2024-03-27,8.36,Real
CL0120,2024-03-28,13.97,Real
CL0120,2024-03-29,13.6,Estimada
CL0120,2024-03-30,24.65,Real
CL0120,2024-03-31,25.24,Real
CL0120,2024-04-01,14.57,Real
CL0120,2024-04-02,18.77,Real
CL0120,2024-04-03,7.62,Real
CL0120,2024-04-04,14.79,Real
CL0120,2024-04-05,17.94,Real
CL0120,2024-04-06,13.67,Real
CL0120,2024-04-07,21.83,Real
CL0120,2024-04-08,12.39,Real
CL0120,2024-04-09,9.41,Real
CL0120,2024-04-10,11.9,Real
CL0120,2024-04-11,12.67,Real
CL0120,2024-04-12,9.21,Estimada
CL0120,2024-04-13,17.4,Real
CL0120,2024-04-14,18.28,Real
CL0120,2024-04-15,10.49,Real
CL0120,2024-04-16,19.77,Estimada
CL0120,2024-04-17,11.44,Real
CL0120,2024-04-18,21.05,Real
CL0120,2024-04-19,18.4,Estimada
CL0120,2024-04-20,17.86,Real
CL0120,2024-04-21,14.39,Estimada
CL0120,2024-04-22,22.89,Real
CL0120,2024-04-23,16.19,Real
CL0120,2024-04-24,12.22,Real
CL0120,2024-04-25,8.18,Real
CL0120,2024-04-26,9.68,Estimada
CL0120,2024-04-27,10.85,Estimada
CL0120,2024-04-28,19.86,Real
CL0120,2024-04-29,19.11,Real
CL0120,2024-04-30,7.14,Real
CL0120,2024-05-01,15.17,Real
CL0120,2024-05-02,20.48,Real
CL0120,2024-05-03,11.23,Real
CL0120,2024-05-04,21.73,Real
CL0120,2024-05-05,25.84,Real
CL0120,2024-05-06,12.24,Real
CL0120,2024-05-07,10.77,Real
CL0120,2024-05-08,20.5,Real
CL0120,2024-05-09,9.79,Real
CL0120,2024-05-10,21.22,Real
CL0120,2024-05-11,25.95,Real
CL0120,2024-05-12,25.18,Real
CL0120,2024-05-13,18.12,Real
CL0120,2024-05-14,16.89,Real
CL0120,2024-05-15,7.46,Real
CL0120,2024-05-16,25.84,Real
CL0120,2024-05-17,22.21,Real
CL0120,2024-05-18,15.75,Real
CL0120,2024-05-19,21.3,Real
CL0120,2024-05-20,4.81,Real
CL0120,2024-05-21,21.99,Estimada
CL0120,2024-05-22,17.43,Real
CL0120,2024-05-23,13.61,Real
CL0120,2024-05-24,16.56,Real
CL0120,2024-05-25,20.44,Real
CL0120,2024-05-26,24.88,Real
CL0120,2024-05-27,21.13,Estimada
CL0120,2024-05-28,17.29,Real
CL0120,2024-05-29,13.45,Real
CL0120,2024-05-30,13.05,Real
CL0120,2024-05-31,19.7,Real
CL0120,2024-06-01,19.69,Real
CL0120,2024-06-02,22.99,Real
CL0120,2024-06-03,13.77,Real
CL0120,2024-06-04,23.1,Real
CL0120,2024-06-05,22.21,Real
CL0120,2024-06-06,16.47,Estimada
CL0120,2024-06-07,19.92,Real
CL0120,2024-06-08,25.98,Real
CL0120,2024-06-09,20.76,Real
CL0120,2024-06-10,13.9,Real
CL0120,2024-06-11,19.43,Real
CL0120,2024-06-12,16.17,Real
CL0120,2024-06-13,21.11,Estimada
CL0120,2024-06-14,20.07,Real
CL0120,2024-06-15,28.68,Estimada
CL0120,2024-06-16,38.87,Real
CL0120,2024-06-17,22.35,Real
CL0120,2024-06-18,18.65,Real
CL0120,2024-06-19,18.54,Real
CL0120,2024-06-20,12.02,Real
CL0120,2024-06-21,18.11,Real
CL0120,2024-06-22,30.16,Real
CL0120,2024-06-23,24.56,Real
CL0120,2024-06-24,17.8,Real
CL0120,2024-06-25,15.0,Real
CL0120,2024-06-26,14.31,Real
CL0120,2024-06-27,20.9,Estimada
CL0120,2024-06-28,18.71,Estimada
